#gene name,lfc,pval,condition
gene_530,-1.03334259198456e-06,0.211525759416019,sample_4
gene_683,4.51848945776053e-06,1,sample_4
gene_928,1.84126452555477e-06,0.986623620453221,sample_4
gene_793,-1.07764962554759e-07,1,sample_4
gene_258,-1.60637590439237e-07,1,sample_4
gene_941,-8.05706134156297e-06,1,sample_4
gene_92,1.60134606231135,0.123556074789959,sample_4
gene_809,4.72922103260113e-06,1,sample_4
gene_106,1.25186463404273e-05,1,sample_4
gene_376,-2.03890341464628e-05,1,sample_4
gene_189,-1.73050059427693e-06,1,sample_4
gene_386,-2.47208297455146e-06,0.141203613420723,sample_4
gene_873,-1.73226609557816e-06,0.144782121558507,sample_4
gene_52,-1.05693437090995e-07,1,sample_4
gene_485,-6.64802574645271e-07,0.551260727916585,sample_4
gene_69,6.44254032790299e-06,1,sample_4
gene_910,1.23242953390799,0.233797758887432,sample_4
gene_994,1.50875187331406e-07,1,sample_4
gene_228,-4.55502246133028e-06,0.0100188262536366,sample_4
gene_225,-3.20355710556063e-07,0.0880059860121397,sample_4
gene_130,-8.39786134679548e-07,0.616439156683049,sample_4
gene_879,-2.61576918581069e-06,1,sample_4
gene_657,-4.76194115242233e-07,1,sample_4
gene_765,-9.64289128646493e-07,1,sample_4
gene_800,-1.00713837626841e-06,0.0328091413620805,sample_4
gene_788,-8.58593207325958e-07,0.899318558934422,sample_4
gene_706,-2.49365084795109e-06,0.000675342565309523,sample_4
gene_975,8.13074944816502e-07,1,sample_4
gene_359,-2.16147880984038e-07,1,sample_4
gene_583,-1.01084115607459e-06,1,sample_4
gene_230,-7.54250310044407e-07,1,sample_4
gene_839,2.39295745991698e-06,1,sample_4
gene_523,-1.79618611618033e-06,1,sample_4
gene_676,2.65106895089016e-06,0.326239101044563,sample_4
gene_506,-1.06361467968776e-07,0.886384667236622,sample_4
gene_508,-2.88696797214351e-06,0.852287994669597,sample_4
gene_214,-4.62688359334321e-06,2.91083352763251e-09,sample_4
gene_178,8.21648351951781e-07,1,sample_4
gene_327,2.07909577571638e-06,1,sample_4
gene_940,-3.85496916687147e-05,1,sample_4
gene_27,-3.16191390492595e-06,1,sample_4
gene_526,-8.37594353188563e-07,0.174010599526054,sample_4
gene_291,-8.02238743274877e-06,1,sample_4
gene_513,-9.60533611449284e-06,1,sample_4
gene_192,4.39240180231213e-06,1,sample_4
gene_438,-2.27577143313771e-06,1,sample_4
gene_350,-1.7087183625151e-06,1,sample_4
gene_378,5.00435932777489e-06,1,sample_4
gene_138,-4.64294114317504e-06,0.250949568143259,sample_4
gene_750,3.50871582582474,0.000154767761237015,sample_4
gene_708,3.40815421230515,0.0106016594571579,sample_4
gene_12,8.72468229562986e-06,0.812895420563717,sample_4
gene_47,-5.46327204125919e-06,1,sample_4
gene_880,-1.47424770763357e-07,1,sample_4
gene_781,-1.11657488121779e-05,1,sample_4
gene_451,1.304890200729e-05,0.388299281140663,sample_4
gene_456,3.01306013208148e-06,1,sample_4
gene_764,1.18217279752624e-05,0.0913809805012028,sample_4
gene_113,1.16589261395829e-05,0.21863804306734,sample_4
gene_133,2.47471274132498,0.0264188505702376,sample_4
gene_126,-0.000119332803033903,2.10423592667887e-06,sample_4
gene_421,1.57589365737959,0.0378068904632371,sample_4
gene_62,4.16652478425526e-06,1,sample_4
gene_810,-5.85020312585815e-08,1,sample_4
gene_175,-2.89763643951829e-06,0.831756515866272,sample_4
gene_443,-1.87786827250632e-06,1,sample_4
gene_701,3.8002380362638e-06,1,sample_4
gene_825,-4.72892870259362e-07,1,sample_4
gene_103,-9.82309324467088e-06,1,sample_4
gene_838,8.37207174353336e-06,1,sample_4
gene_777,3.16624810703223,0.03364305919331,sample_4
gene_38,1.00838830744788e-05,0.0927675203414172,sample_4
gene_894,-5.45983393659132e-08,1,sample_4
gene_821,-4.15636301797904e-07,1,sample_4
gene_324,8.3294933596571e-07,1,sample_4
gene_875,8.40697609373131e-06,1,sample_4
gene_238,4.54145180402453e-06,0.562666113603483,sample_4
gene_723,3.11261173699161e-07,1,sample_4
gene_455,2.0671743770817e-05,1,sample_4
gene_670,-4.82461330307573e-06,1,sample_4
gene_163,2.19301202831522,0.0401766510645396,sample_4
gene_339,9.4424557466163e-07,1,sample_4
gene_11,2.6647716978409e-06,1,sample_4
gene_522,-1.00176521692518e-06,0.679038521263311,sample_4
gene_255,-9.86732612586591e-07,1,sample_4
gene_129,1.35019828171056e-05,0.276947987635897,sample_4
gene_286,1.08568369596775e-05,1,sample_4
gene_85,9.58585410619043e-06,1,sample_4
gene_76,-1.94326984137972e-06,1,sample_4
gene_712,7.09368573582335e-06,1,sample_4
gene_891,2.8500625237096e-06,1,sample_4
gene_136,2.8308890923805e-09,1,sample_4
gene_384,2.10606851962689e-05,1,sample_4
gene_440,-5.56343737894901e-06,0.886755619020883,sample_4
gene_851,-1.41586421715102e-06,0.998330585431183,sample_4
gene_799,1.34411347719633e-05,0.628812096795253,sample_4
gene_461,1.27025565009997,0.160511436529661,sample_4
gene_221,3.81358674620618e-06,1,sample_4
gene_141,2.87988715083406e-07,1,sample_4
gene_302,7.63232014642463e-06,1,sample_4
gene_964,7.62353120720822e-07,1,sample_4
gene_235,-1.10504569771036e-06,0.00339272245606236,sample_4
gene_469,-1.16794709586668e-06,1,sample_4
gene_369,1.13426722345385,0.340405785253131,sample_4
gene_784,5.56982098974417e-06,0.787435225763699,sample_4
gene_546,-1.08747442396053e-06,0.13388634965438,sample_4
gene_77,-1.04311882903515e-06,0.362660196436217,sample_4
gene_797,2.8389322333234,0.0125344562427968,sample_4
gene_211,3.12793047048108,0.000176420609494511,sample_4
gene_849,-9.98339662014168e-07,1,sample_4
gene_215,2.86032820434148,0.00064316295544584,sample_4
gene_992,3.31116401021633,2.48825060297054e-05,sample_4
gene_883,-7.2507822261192e-06,0.000167588647670143,sample_4
gene_995,-6.63002863919467e-06,0.811667818337449,sample_4
gene_641,1.82328405057501e-06,1,sample_4
gene_622,-4.67866101728904e-07,1,sample_4
gene_95,-8.62379564871706e-06,0.956553791090303,sample_4
gene_287,-3.10524869235447e-07,1,sample_4
gene_256,3.2480605451782e-06,1,sample_4
gene_333,1.44893943855579e-05,0.510265135803582,sample_4
gene_651,5.83819586093333e-06,1,sample_4
gene_349,1.33390859455094e-05,1,sample_4
gene_1,1.40422999912088e-05,1,sample_4
gene_473,1.26095134078266e-05,0.863334668654436,sample_4
gene_680,-2.69455816856172e-06,1,sample_4
gene_532,-4.25319265706048e-07,1,sample_4
gene_285,2.01997134827562e-06,1,sample_4
gene_365,1.70036596666557e-06,0.710078897342354,sample_4
gene_608,2.76945214710887e-07,1,sample_4
gene_615,-1.34219293479749e-06,1,sample_4
gene_53,-2.76738054633925e-08,1,sample_4
gene_588,4.37123143214627e-06,0.326009273051119,sample_4
gene_201,7.44954974198156e-06,0.14485397433959,sample_4
gene_672,6.92762798134389e-06,0.147173071874497,sample_4
gene_265,-4.43629167128855e-06,1,sample_4
gene_119,2.05442005568204,0.0691016675912031,sample_4
gene_908,5.56759958439534e-07,1,sample_4
gene_441,2.75701830599173,0.010620118306173,sample_4
gene_275,2.43403904768306,1.17624771175265e-05,sample_4
gene_718,8.12363199993101e-06,1,sample_4
gene_943,6.21022843319911e-06,1,sample_4
gene_34,2.04731819215009,0.00830135305594665,sample_4
gene_7,7.98051394461694e-07,1,sample_4
gene_125,4.08052268761418e-05,1,sample_4
gene_250,4.62436610347491e-06,1,sample_4
gene_842,-0.000133874369890032,1,sample_4
gene_511,9.86508384505721e-06,1,sample_4
gene_957,-6.61703633386558e-07,0.909540992889027,sample_4
gene_116,-1.94928389247667e-06,1,sample_4
gene_888,-1.54205001683928e-06,0.100417881408777,sample_4
gene_391,2.1148993292223e-06,0.767101202580209,sample_4
gene_749,-5.33506769821861e-07,0.399009180946898,sample_4
gene_704,-5.27562486695094e-07,0.849044806474738,sample_4
gene_137,4.00782486751017,0.000152755983288978,sample_4
gene_905,2.88785062160707,0.0281966799812351,sample_4
gene_81,-4.64380492474942e-07,0.554367951660304,sample_4
gene_283,-7.02694615179786e-07,1,sample_4
gene_425,-2.17194194381606e-06,1,sample_4
gene_938,-2.69770327458189e-05,0.90428643279212,sample_4
gene_737,-6.62365117457846e-07,1,sample_4
gene_666,1.14099220244896e-05,0.620182892030584,sample_4
gene_937,3.28818253112738e-06,1,sample_4
gene_700,5.45296374814455e-06,0.978849113236441,sample_4
gene_388,-3.44328300539613e-06,1,sample_4
gene_554,-1.99944983595629e-06,0.725055226050594,sample_4
gene_533,2.14683498473202e-06,1,sample_4
gene_259,1.35025293906065,0.0906560304705897,sample_4
gene_945,1.96268104647312e-06,1,sample_4
gene_231,-4.80506796678021e-06,0.746233280285734,sample_4
gene_711,-2.16469979023269e-07,1,sample_4
gene_72,-4.8222335805689e-06,1,sample_4
gene_39,-0.000150865666807013,1,sample_4
gene_90,1.44690020879531,0.109685891206447,sample_4
gene_535,8.65692550373382e-06,1,sample_4
gene_337,0.479371681853262,1,sample_4
gene_118,5.64244016776109e-09,1,sample_4
gene_356,9.62901900964826e-06,0.767331147477216,sample_4
gene_23,-5.21681653519652e-06,1,sample_4
gene_599,-6.3877168610645e-06,1,sample_4
gene_935,-5.13983177912337e-06,1,sample_4
gene_911,-4.8025876568183e-06,0.982910167080962,sample_4
gene_885,-9.5639449693008e-07,5.77464949797395e-05,sample_4
gene_570,-1.79408074920156e-05,0.514283841326601,sample_4
gene_956,3.40557904688045e-07,0.90384991971598,sample_4
gene_318,-3.63466955625738e-06,1,sample_4
gene_70,1.46677997072249e-05,1,sample_4
gene_170,3.33911748424279e-07,1,sample_4
gene_417,1.48531283051569e-05,1,sample_4
gene_921,-2.29978576187465e-06,1,sample_4
gene_864,3.15436482667151e-06,1,sample_4
gene_703,3.89763440122922e-06,1,sample_4
gene_471,-1.26624343290983e-07,1,sample_4
gene_585,-5.08094358619202e-06,0.515242861559006,sample_4
gene_832,1.48123235828281e-06,1,sample_4
gene_404,6.65917241367843e-06,1,sample_4
gene_850,-3.93252483493168e-07,1,sample_4
gene_559,-1.39345601004781e-05,0.399140418340873,sample_4
gene_364,5.35791841608172e-06,1,sample_4
gene_846,6.50757729389789e-06,1,sample_4
gene_148,-6.06799286313001e-07,0.230084988305461,sample_4
gene_139,4.68279827439457e-06,1,sample_4
gene_592,-2.96987640349196e-06,1,sample_4
gene_853,4.17076986644578e-06,0.465704386406191,sample_4
gene_32,-2.06453170912908e-06,0.056898720937682,sample_4
gene_169,-9.75615322679262e-07,1,sample_4
gene_186,7.01291494207056e-06,1,sample_4
gene_115,-7.20074945456473e-06,1,sample_4
gene_966,-8.72352672071414e-06,0.842476772053377,sample_4
gene_509,-2.22446177312475e-07,1,sample_4
gene_650,-1.17607404946456e-05,1,sample_4
gene_699,3.95640829539858e-06,1,sample_4
gene_539,1.00541458177273e-05,0.970296913237293,sample_4
gene_294,-5.79837203977111e-06,0.102165529116815,sample_4
gene_503,-1.53897717275218e-05,1,sample_4
gene_448,-4.50643613192099e-06,1,sample_4
gene_419,-6.66777982086485e-06,1,sample_4
gene_9,-4.76618250144249e-06,1,sample_4
gene_246,1.76247060097099,0.00202303834327824,sample_4
gene_482,-3.00906597937501e-06,1,sample_4
gene_191,2.43416965402098e-05,0.775177283677191,sample_4
gene_180,6.58671207772482e-06,1,sample_4
gene_640,1.34052720085362e-05,0.619765814545315,sample_4
gene_413,1.31039055601836e-06,0.914791951471663,sample_4
gene_607,1.32628248221784e-06,1,sample_4
gene_817,-1.96909644635938e-05,1,sample_4
gene_925,-1.24892165557555e-05,1,sample_4
gene_919,-3.27096285596053e-06,1,sample_4
gene_568,1.88958347833567,0.00254913303738903,sample_4
gene_614,-2.04579654309869e-06,0.90261551061652,sample_4
gene_296,4.97667396045207e-06,1,sample_4
gene_550,-1.141039737999e-06,1,sample_4
gene_468,2.39885050366633e-06,0.970260740164677,sample_4
gene_786,1.36040112884761e-06,1,sample_4
gene_277,-8.68018413744915e-07,1,sample_4
gene_830,-1.86983243828445e-06,1,sample_4
gene_271,-2.30907129811571e-06,2.3310748213979e-05,sample_4
gene_923,3.11867719119659e-05,1,sample_4
gene_208,4.32183136922922e-06,1,sample_4
gene_328,-4.85738214466895e-09,1,sample_4
gene_900,8.89660297713745e-06,0.607322346723149,sample_4
gene_50,7.92622030231143e-06,0.90222335839871,sample_4
gene_153,-3.03239343880001e-06,1,sample_4
gene_203,0.437557771253189,1,sample_4
gene_41,2.78407712968407,0.0206560959922976,sample_4
gene_312,-6.30265749139536e-07,1,sample_4
gene_450,-6.17628570482855e-07,1,sample_4
gene_266,3.66344999440063,0.000156742717603343,sample_4
gene_87,5.88423211718892e-06,0.143155470344478,sample_4
gene_978,1.66571259732281e-06,1,sample_4
gene_907,1.05839924586662e-05,1,sample_4
gene_58,2.45426079379933,0.0559194002456995,sample_4
gene_30,3.16548055792378,0.00261669043856048,sample_4
gene_37,9.69384771133877e-06,0.356339755262432,sample_4
gene_971,-8.28823741463912e-06,0.00961493335690797,sample_4
gene_24,-3.3033297632187e-06,1,sample_4
gene_427,-4.10338632998873e-07,0.312026436853949,sample_4
gene_649,-6.03319241049652e-06,3.66663732733091e-11,sample_4
gene_396,-1.13875444056691e-06,0.000990642691638418,sample_4
gene_374,-9.65410518132709e-07,0.0727492268513029,sample_4
gene_61,1.44238028459317,0.0334382473257981,sample_4
gene_534,7.4000679427301e-06,1,sample_4
gene_951,-1.49743761173022e-06,1,sample_4
gene_460,2.75580260942326e-05,1,sample_4
gene_717,5.6860245501927e-06,1,sample_4
gene_653,-1.86698662084746e-05,1,sample_4
gene_361,9.14720497401196e-06,1,sample_4
gene_815,3.003285843107e-06,1,sample_4
gene_14,-4.14683143727183e-06,1,sample_4
gene_600,-1.64792640798208e-06,1,sample_4
gene_371,-1.2404483230433e-06,0.373035242316866,sample_4
gene_531,4.88339628113451,6.42002077456951e-05,sample_4
gene_999,-9.0744290214926e-07,0.479327923297418,sample_4
gene_497,8.94924122807224e-06,1,sample_4
gene_434,1.10307790015374e-05,1,sample_4
gene_304,9.90310541568563e-06,1,sample_4
gene_134,-1.50535612502819e-06,1,sample_4
gene_778,-3.39997901034761e-06,1,sample_4
gene_232,-3.73260448636771e-06,1,sample_4
gene_289,-2.10965853509503e-06,1,sample_4
gene_387,8.09115606131582e-08,1,sample_4
gene_791,-1.26753181800034e-06,7.87246734479753e-05,sample_4
gene_702,5.1250849241307e-08,1,sample_4
gene_135,-2.57225222944587e-06,0.481860197534704,sample_4
gene_662,-3.26374673308503e-06,0.17806570410523,sample_4
gene_488,1.04466625989733,0.52611552309918,sample_4
gene_543,3.53194064436826,0.00755717006004334,sample_4
gene_10,3.01642010974085,0.0017046173038823,sample_4
gene_986,2.0504441500576,0.0432312146999081,sample_4
gene_411,-2.62408159810848e-06,0.360474989232007,sample_4
gene_993,7.26944507985045e-06,1,sample_4
gene_29,1.77825243410959,0.077771330879895,sample_4
gene_161,-4.74762634773721e-06,0.457368788921451,sample_4
gene_67,-7.770511614769e-06,0.66565295377075,sample_4
gene_416,1.13350509600002e-06,0.820628682655083,sample_4
gene_26,-2.3847759879534e-06,1,sample_4
gene_35,-7.25698677555776e-06,1,sample_4
gene_659,3.39820214228803e-06,1,sample_4
gene_684,-4.25867265760969e-06,1,sample_4
gene_311,2.64499038942766e-06,1,sample_4
gene_195,4.0987768505093e-06,0.989573668752578,sample_4
gene_589,8.16068383965605e-06,1,sample_4
gene_974,5.80950870081821e-06,0.592200386100531,sample_4
gene_453,2.46774344552434,0.00019048755986997,sample_4
gene_582,-1.32067618523301e-06,1,sample_4
gene_617,-1.48848432486974e-06,7.13443027485296e-05,sample_4
gene_804,4.20930900326827e-07,1,sample_4
gene_102,3.82008994931677e-07,0.825936944762872,sample_4
gene_15,-2.81421839403356e-07,0.940878310478155,sample_4
gene_780,-1.83547910941375e-06,0.0113238266786064,sample_4
gene_794,8.36178481986239e-07,1,sample_4
gene_207,-2.53977230120564e-06,0.638428199228076,sample_4
gene_811,-2.95289474263667e-07,1,sample_4
gene_236,1.78892690795323,0.115397518807399,sample_4
gene_671,-8.42463645837973e-07,0.0115787867095224,sample_4
gene_544,1.35942159381499e-06,0.60658246092969,sample_4
gene_315,3.21948646400675,0.0101223434643487,sample_4
gene_227,-2.37257776319391e-06,0.0300004377575773,sample_4
gene_295,-1.80213774947589e-06,1,sample_4
gene_685,-7.08719077638628e-06,0.00651028355665067,sample_4
gene_483,-9.12405137385503e-07,1,sample_4
gene_424,-1.30819820701366e-05,0.295268126902935,sample_4
gene_301,9.57036413677031e-07,1,sample_4
gene_249,-1.23605686025678e-06,1,sample_4
gene_548,-6.06595045457581e-08,1,sample_4
gene_688,3.54493298032959e-06,0.311977868859112,sample_4
gene_74,0.97830427577113,0.148300024734496,sample_4
gene_445,1.45651039565389e-06,0.828114986771527,sample_4
gene_412,2.99144097315374e-06,0.398247433169742,sample_4
gene_145,1.03320119221895e-05,1,sample_4
gene_774,-7.02799024169738e-06,1,sample_4
gene_823,2.39051378964822e-06,0.772695381174218,sample_4
gene_694,1.08010808889661e-05,0.754669715539527,sample_4
gene_906,-6.03267428557142e-05,1,sample_4
gene_56,1.6625352618225,0.0469272540017513,sample_4
gene_162,6.67770448139641e-07,0.887486344629901,sample_4
gene_176,-1.23477419283875e-07,1,sample_4
gene_565,9.28848670442745e-06,1,sample_4
gene_914,-5.37268874222029e-06,0.0343425615632403,sample_4
gene_865,1.0237993927746e-05,1,sample_4
gene_926,-2.47948754921473e-06,1,sample_4
gene_398,1.57162783581771e-05,0.702387685648268,sample_4
gene_840,-8.98673512830759e-06,1,sample_4
gene_418,1.64982892092263e-05,1,sample_4
gene_796,1.40848223951447e-06,1,sample_4
gene_409,6.14739334326971e-06,1,sample_4
gene_803,-5.52923437162541e-06,1,sample_4
gene_909,-1.03523259633177e-05,1,sample_4
gene_899,5.40693483711602e-06,0.189040513123277,sample_4
gene_502,2.38151335761306,0.00011526823416626,sample_4
gene_985,-1.47701089320579e-06,1,sample_4
gene_160,3.19349287383647e-08,1,sample_4
gene_308,3.51820167816643e-05,0.900463148006343,sample_4
gene_390,3.54331398101182,0.00279665952992835,sample_4
gene_952,2.72717599722523e-06,1,sample_4
gene_260,3.66533893973774,0.0253322185728259,sample_4
gene_54,3.90475642510813,0.0102692629676083,sample_4
gene_663,1.9232869260425,0.0436662035587475,sample_4
gene_959,1.76052663304793,0.0145145479638491,sample_4
gene_931,3.85960956312124,0.000733925496676211,sample_4
gene_648,2.81954223941958,0.00223589107384672,sample_4
gene_660,-7.3446007624243e-07,0.914185875955629,sample_4
gene_596,4.02504179010886e-06,1,sample_4
gene_739,1.80942139388066e-06,0.208095641475381,sample_4
gene_187,-1.12260646974937e-06,1,sample_4
gene_313,2.05570972201639e-06,0.338975480059782,sample_4
gene_541,5.77891716213231,3.97752397059352e-05,sample_4
gene_422,9.02522914062418e-07,0.64091859770582,sample_4
gene_577,4.4432753639354,0.0421648887006338,sample_4
gene_772,4.50024810365682,0.000323173012686002,sample_4
gene_353,-1.01941422207985e-07,1,sample_4
gene_639,-4.77489954723858e-08,1,sample_4
gene_331,5.32153732584705,0.0232112469088808,sample_4
gene_646,3.82459186541351,0.0250445472966521,sample_4
gene_342,2.49574755624325e-07,0.817147161550107,sample_4
gene_16,1.9187478941318e-05,0.00285346213196826,sample_4
gene_776,3.23005473161371,0.0278703215379121,sample_4
gene_845,5.03785308054787,8.22162743541292e-05,sample_4
gene_200,7.30871033563771e-06,0.157552601847921,sample_4
gene_184,3.39773250116666e-07,0.718258321206695,sample_4
gene_755,6.34163629668438e-06,0.0308320337256409,sample_4
gene_466,7.75991463752015e-06,0.0291495636548003,sample_4
gene_299,-1.15964646316755e-08,1,sample_4
gene_379,4.81641342587685,3.53242522538697e-08,sample_4
gene_355,1.43082487993793e-06,0.217184522019536,sample_4
gene_762,3.64378943935531,0.0329197922802331,sample_4
gene_584,6.34820678826618e-07,0.870745099100487,sample_4
gene_572,3.04494453483059,0.0659184069123272,sample_4
gene_595,9.88194749263617e-06,0.0255585005812619,sample_4
gene_610,1.05651352265141e-06,0.427191552227027,sample_4
gene_484,2.14316731388437e-07,0.887122573855097,sample_4
gene_869,2.88385287605196,0.0161289038633436,sample_4
gene_458,2.41066490342276,0.00721211628256514,sample_4
gene_753,-7.10757318355505e-06,0.0144088704033983,sample_4
gene_4,-5.24923652577994e-08,1,sample_4
gene_253,-8.0437486385239e-06,1,sample_4
gene_144,-1.5350802836352e-05,1,sample_4
gene_561,-6.43378372167612e-06,0.875249016696277,sample_4
gene_742,-9.82734180834128e-06,1,sample_4
gene_636,-1.14601988461817e-06,1,sample_4
gene_989,-9.06383522131905e-06,0.0557870206459051,sample_4
gene_501,-2.16612375489979e-06,1,sample_4
gene_863,-2.48935605427718e-06,0.0273361451309466,sample_4
gene_449,1.24524596271967e-06,1,sample_4
gene_288,-3.2131316130411e-06,1,sample_4
gene_99,-2.39404907138907e-06,0.0941165751645982,sample_4
gene_761,-2.83974180168517e-06,0.0716214375502643,sample_4
gene_844,-1.28299154868344e-06,1,sample_4
gene_57,1.04696398077617e-06,1,sample_4
gene_114,6.5622024901127e-06,0.647829279566789,sample_4
gene_111,4.18001754972202e-06,1,sample_4
gene_816,1.96456018619186,0.0496206958974424,sample_4
gene_233,9.46088202232558e-07,0.985226776179463,sample_4
gene_870,-1.12877897870814e-05,1,sample_4
gene_124,-7.23860604963757e-08,1,sample_4
gene_104,5.69893231718861e-07,1,sample_4
gene_618,-2.45482267351794e-07,0.100147742837804,sample_4
gene_587,1.0128734519419e-06,0.307510708784826,sample_4
gene_990,-5.25833097929439e-07,1,sample_4
gene_373,8.5129994029834e-06,1,sample_4
gene_861,2.02223984025385,0.0300451975951104,sample_4
gene_697,5.98721229184328e-06,1,sample_4
gene_213,3.55648331474189e-06,1,sample_4
gene_735,1.63926916603215e-06,0.953875957530789,sample_4
gene_981,2.4371343308756e-07,1,sample_4
gene_93,2.1106023743141,0.00612672140292206,sample_4
gene_950,-0.000147148029821089,1,sample_4
gene_465,1.14119269456157e-06,1,sample_4
gene_212,-2.16062502851886e-06,1,sample_4
gene_237,-8.87818416076783e-07,1,sample_4
gene_49,4.1142813796926e-06,0.351511171293611,sample_4
gene_183,-5.13426359191765e-07,0.275950127351891,sample_4
gene_759,-1.31996549409038e-07,1,sample_4
gene_344,-5.90963560776973e-06,1,sample_4
gene_887,-3.1764009031412e-06,1,sample_4
gene_644,5.42663487602916e-06,1,sample_4
gene_828,1.00229017603304e-06,1,sample_4
gene_862,-1.2124631541697e-06,1,sample_4
gene_752,1.37325957723397,0.0637862178413342,sample_4
gene_638,-7.90896149109605e-07,1,sample_4
gene_220,-3.36900397195529e-06,1,sample_4
gene_303,6.51102600848108e-06,0.0607240501338538,sample_4
gene_787,-9.54115491571603e-07,0.0280237255404301,sample_4
gene_760,-2.23701975939641e-06,0.389980093567129,sample_4
gene_272,2.511319230633e-06,0.106731377564876,sample_4
gene_43,-1.44751997698348e-06,1,sample_4
gene_603,-8.02964141386754e-05,1,sample_4
gene_567,9.99796239907582e-06,1,sample_4
gene_893,-1.99427267359053e-07,1,sample_4
gene_627,-1.13387918448801e-05,0.323766139378728,sample_4
gene_270,-6.81151889699581e-08,1,sample_4
gene_997,-8.42248856997859e-07,0.239271628636971,sample_4
gene_165,-4.13936034552564e-07,0.0510220204202052,sample_4
gene_962,3.27575447746588e-06,1,sample_4
gene_112,-3.22132909404167e-06,1,sample_4
gene_889,2.53787360033021e-07,1,sample_4
gene_73,-0.000117234763787467,1,sample_4
gene_393,5.20310341551909e-06,1,sample_4
gene_692,-6.49482764878803e-09,1,sample_4
gene_123,5.38793700588227e-06,0.551446882196826,sample_4
gene_837,5.32627794731292e-06,1,sample_4
gene_976,-5.620786001299e-06,4.79617426220335e-07,sample_4
gene_623,-4.55056698868599e-06,1,sample_4
gene_127,-4.25737006213795e-06,0.47613158461366,sample_4
gene_927,-2.35074869766581e-06,0.50849466327856,sample_4
gene_105,-5.35596969058117e-06,0.265922633441834,sample_4
gene_734,-1.50927159363238e-06,0.317173078245503,sample_4
gene_426,2.53653550338529e-06,1,sample_4
gene_601,-1.29527061641163e-06,0.711534139794284,sample_4
gene_8,-2.09584753367306e-06,1,sample_4
gene_847,-1.67347889809739e-06,1,sample_4
gene_594,2.15952733387506e-05,1,sample_4
gene_474,-1.66706229973347e-06,0.00758217716196719,sample_4
gene_325,-2.53764860208538e-06,1,sample_4
gene_620,-2.4888436061372e-06,1,sample_4
gene_632,-1.22660483595983e-06,1,sample_4
gene_866,5.6272999372549e-07,1,sample_4
gene_551,-2.20904192723742e-06,0.193167997001502,sample_4
gene_31,4.78153277177046e-06,1,sample_4
gene_527,1.71601891541417e-06,1,sample_4
gene_110,-8.78379253541128e-07,8.95450631312252e-05,sample_4
gene_470,-4.26621060448107e-07,0.0170934397506459,sample_4
gene_988,-9.66187286609487e-07,0.0744730832109496,sample_4
gene_399,-9.68267658496073e-07,0.162430372505958,sample_4
gene_389,-2.02035749399834e-06,0.167221815650386,sample_4
gene_619,-2.18763061306491e-07,0.0112863648639123,sample_4
gene_747,-6.25654821067767e-06,0.0631486318226869,sample_4
gene_368,-1.20934497661654e-06,1,sample_4
gene_808,-6.81935352919544e-07,1,sample_4
gene_858,9.07267570448773e-06,1,sample_4
gene_934,-6.72232634570481e-07,1,sample_4
gene_242,2.21189143697071e-06,1,sample_4
gene_949,-5.43515289935029e-07,0.00724572093855298,sample_4
gene_397,8.59672145882189e-07,0.866135199744265,sample_4
gene_652,3.0747139168628e-06,0.316982829961194,sample_4
gene_292,5.76110082406174e-07,1,sample_4
gene_579,-2.39896129480386e-06,0.46902418992122,sample_4
gene_980,-5.72703481695717e-07,1,sample_4
gene_226,2.09099064978965e-06,1,sample_4
gene_55,2.34076726141246,0.0246957326052902,sample_4
gene_903,7.1496832463598e-06,0.199662275873108,sample_4
gene_545,1.49729058229139,0.0993552989496548,sample_4
gene_574,-4.65983141731265e-06,1,sample_4
gene_431,2.75193787248703e-07,0.79578097255393,sample_4
gene_983,-1.52431809078579e-07,1,sample_4
gene_382,-1.23280010640239e-06,0.782140314535246,sample_4
gene_814,9.04843153548586e-08,1,sample_4
gene_878,-1.84958064471128e-06,0.608867769418603,sample_4
gene_343,5.04130903884711e-07,0.838329324054264,sample_4
gene_42,4.82685930188729,0.132693908793971,sample_4
gene_628,8.07475044864398e-07,1,sample_4
gene_319,-2.83952986792751e-06,0.00172889883136436,sample_4
gene_268,-4.97243373220099e-07,1,sample_4
gene_751,-8.14626263438951e-07,1,sample_4
gene_505,-1.50550355856795e-06,1,sample_4
gene_151,-6.339106537686e-07,1,sample_4
gene_205,-1.46477930323538e-06,1,sample_4
gene_223,9.36872427338686e-07,1,sample_4
gene_674,-2.153208509681e-06,1,sample_4
gene_948,4.05819861825056e-06,1,sample_4
gene_385,-5.84926588860565e-06,0.400208618281408,sample_4
gene_380,2.54311421415278e-06,1,sample_4
gene_802,6.58872000721994e-06,1,sample_4
gene_604,-1.22565480275418e-05,0.00638628568989775,sample_4
gene_261,-3.14209061527396e-06,1,sample_4
gene_446,7.53843763658916e-06,1,sample_4
gene_771,-3.06651115810593e-05,1,sample_4
gene_360,1.05700763387598e-05,0.14636777800186,sample_4
gene_736,1.06687844442346,0.471799872621831,sample_4
gene_498,-3.25118650637374e-05,1,sample_4
gene_171,2.26183037841573e-06,1,sample_4
gene_979,3.1688590320655,3.72008263595505e-10,sample_4
gene_108,0.000103909765483369,1,sample_4
gene_128,-2.42559262602255e-05,1,sample_4
gene_279,-7.40625132105057e-07,1,sample_4
gene_363,1.11605943011657e-05,1,sample_4
gene_881,5.38649319601496e-06,1,sample_4
gene_756,5.7947170914248e-06,1,sample_4
gene_59,2.25650868636093e-06,1,sample_4
gene_677,2.51280321486111e-05,1,sample_4
gene_819,-7.01297675330233e-06,1,sample_4
gene_738,-8.28618597464558e-06,0.812072752202633,sample_4
gene_476,6.91431202599597e-06,1,sample_4
gene_536,-4.06447106251008e-06,1,sample_4
gene_109,5.22237465686834e-06,1,sample_4
gene_726,1.37484702560166,0.136161571016852,sample_4
gene_707,1.11872960543657,0.36795167613179,sample_4
gene_598,0.765338445549415,1,sample_4
gene_323,-1.62256946264181,0.002715422400587,sample_4
gene_243,1.57347812382767,0.00146736018422877,sample_4
gene_575,-3.31038477648616e-06,1,sample_4
gene_21,2.25712657140805e-06,1,sample_4
gene_991,-6.42831531170006e-06,1,sample_4
gene_569,-3.47056130152968e-05,1,sample_4
gene_616,-1.10976602810962e-05,0.926458254005632,sample_4
gene_612,3.25597982736009e-06,1,sample_4
gene_973,-1.00878392895465e-06,1,sample_4
gene_196,1.47367868347024,0.0742559122469311,sample_4
gene_479,-4.70686895469278e-06,0.0613701260892,sample_4
gene_400,-1.99181493500077e-05,1,sample_4
gene_691,6.28870161085799e-06,1,sample_4
gene_705,-2.50988250083929e-06,0.896959346089606,sample_4
gene_84,8.26309053113765e-07,0.402370818010818,sample_4
gene_613,1.02079354755425e-05,1,sample_4
gene_606,-1.13098843714661e-06,1,sample_4
gene_254,3.32051304172833e-07,1,sample_4
gene_667,-4.87762701370056e-07,0.119010493565922,sample_4
gene_518,2.1065039615488e-06,0.408285216052574,sample_4
gene_204,-6.19598626118026e-06,1,sample_4
gene_634,-1.6264178765623e-06,1,sample_4
gene_280,1.65443879890532,0.0368594164079401,sample_4
gene_306,1.34535065890967e-05,0.98422998215782,sample_4
gene_336,1.72723926136909e-06,1,sample_4
gene_357,3.70769992838712e-06,1,sample_4
gene_514,-4.69618226305344e-06,0.567644079800901,sample_4
gene_3,9.84954968834372e-06,1,sample_4
gene_637,1.66460482582438e-06,1,sample_4
gene_696,1.15584919381846e-05,1,sample_4
gene_605,1.5041215483414e-05,1,sample_4
gene_403,-4.80712014986829e-06,1,sample_4
gene_562,-0.000319946200799093,1,sample_4
gene_273,-2.06317632771339e-06,1,sample_4
gene_464,1.60513239626288e-06,1,sample_4
gene_968,2.6417737920214e-06,0.682867541570669,sample_4
gene_581,4.84846921676524e-06,0.575027094765794,sample_4
gene_946,-2.89255660837556e-07,1,sample_4
gene_100,7.6929566045746e-07,1,sample_4
gene_329,4.96203817361204,0.000577008469468753,sample_4
gene_366,-2.45095637796944e-06,2.10525177666074e-06,sample_4
gene_693,3.86065834780534,0.00289915320606799,sample_4
gene_252,1.815451262508e-05,0.311994637740294,sample_4
gene_939,-2.87726965047957e-06,1,sample_4
gene_972,-6.03974267119097e-08,1,sample_4
gene_408,9.825463021382e-08,1,sample_4
gene_267,-5.57134984255715e-06,1,sample_4
gene_75,2.74012067019773e-06,1,sample_4
gene_556,-3.29894406732655e-06,1,sample_4
gene_967,8.05232553101226e-06,1,sample_4
gene_960,-7.63956911739463e-06,0.923376378286991,sample_4
gene_553,-1.64544271683112e-06,0.137603167028032,sample_4
gene_540,-1.05470366517685e-06,1,sample_4
gene_428,2.46845357163832e-06,1,sample_4
gene_767,1.16975820090508,0.296148488474765,sample_4
gene_459,1.31572294426042e-05,0.833317099912892,sample_4
gene_954,-2.00550875526713e-06,1,sample_4
gene_121,-9.1583768839777e-06,1,sample_4
gene_48,-1.22976662997278e-05,1,sample_4
gene_965,-1.5702630435258e-06,1,sample_4
gene_812,-1.46331369734059e-06,1,sample_4
gene_179,-9.40341264815198e-06,1,sample_4
gene_248,-2.32659113349811e-06,1,sample_4
gene_167,-5.75428485779651e-07,1,sample_4
gene_624,9.67640318838168e-07,1,sample_4
gene_467,-1.46889490008825e-06,1,sample_4
gene_290,-2.6617545293524e-06,0.975774768849697,sample_4
gene_516,1.97132487170905e-06,1,sample_4
gene_22,0.000455257851691146,1,sample_4
gene_435,-1.33155377360663e-07,1,sample_4
gene_709,-3.3074079107236e-06,1,sample_4
gene_669,8.69957181724015e-07,1,sample_4
gene_101,-1.23816597371192e-07,0.581415247207197,sample_4
gene_763,4.11923803001629e-06,1,sample_4
gene_264,-1.22173319119901e-06,1,sample_4
gene_281,7.07560151762025,0.00313777951497648,sample_4
gene_423,-2.91535335203041e-06,0.00644026748998964,sample_4
gene_998,-7.02264459485406e-07,0.0763983202926091,sample_4
gene_495,-9.68504842829178e-06,1,sample_4
gene_159,1.30863938328048e-05,1,sample_4
gene_806,-1.49027796937158e-06,0.131187520841909,sample_4
gene_714,3.5890148987552e-06,1,sample_4
gene_18,4.03413612226885e-06,0.0360024425685269,sample_4
gene_757,-6.26020365203703e-07,1,sample_4
gene_715,-3.79817787256416e-06,1,sample_4
gene_206,1.36267564205978,0.138751896454199,sample_4
gene_358,-2.70354572124797e-07,1,sample_4
gene_525,4.23628991579188e-06,1,sample_4
gene_754,-1.29923151770286e-05,1,sample_4
gene_673,1.17843665669325e-05,1,sample_4
gene_586,1.16490000433923e-05,1,sample_4
gene_345,1.3046060348893,0.187947600784592,sample_4
gene_855,1.88522348083449e-06,0.661932708551434,sample_4
gene_310,4.14077285632969,0.00274014150995102,sample_4
gene_654,4.58471619601048e-06,1,sample_4
gene_149,1.71739454234133,0.016519985049893,sample_4
gene_234,-5.12628099004358e-07,0.313721595352287,sample_4
gene_71,-1.31851868852375e-06,0.383185845732904,sample_4
gene_198,-1.28930330063127e-06,1,sample_4
gene_913,-3.78631134309012e-06,0.017909986404962,sample_4
gene_156,3.04474198554467e-06,1,sample_4
gene_33,-5.07860047665984e-07,1,sample_4
gene_317,-2.96810161595182e-07,1,sample_4
gene_961,-8.53182660628169e-07,0.000160484919853607,sample_4
gene_433,2.65276592486935,9.19518330069091e-06,sample_4
gene_395,8.50647225745752e-05,1,sample_4
gene_481,5.31900521720428e-07,1,sample_4
gene_642,1.31138818869015e-06,1,sample_4
gene_321,-1.83017469608522e-06,0.5871079530072,sample_4
gene_635,2.59912249159202e-06,1,sample_4
gene_354,-8.87659677870515e-06,0.137261715059323,sample_4
gene_831,1.15315073208306e-05,0.825236165735394,sample_4
gene_857,1.98708471446983,0.0163697757004941,sample_4
gene_722,-2.56978194598048e-06,0.566984271812293,sample_4
gene_282,-4.2605447884434e-06,0.020322969459034,sample_4
gene_2,6.25364802368854e-06,0.428444367217755,sample_4
gene_890,1.69749059639596,0.0243695467157971,sample_4
gene_713,-4.65850086957584e-06,0.000126780625796858,sample_4
gene_168,-1.80828992557881e-06,0.138632391518298,sample_4
gene_82,8.45777839305897e-06,0.400115666087783,sample_4
gene_547,-2.55502049675719e-07,0.709666995230875,sample_4
gene_874,3.96917701063498,0.000375624089301823,sample_4
gene_218,9.40082213956839e-07,1,sample_4
gene_486,-7.5053376851679e-07,1,sample_4
gene_917,-1.22308770086801e-06,0.733465700774514,sample_4
gene_457,4.94355794848391e-08,1,sample_4
gene_602,-6.65475704078652e-06,1,sample_4
gene_724,-4.09705376068776e-06,1,sample_4
gene_766,5.14099233599859e-06,0.760033897844723,sample_4
gene_322,1.69043933544364e-06,1,sample_4
gene_46,1.02947876220784e-05,0.249432524210162,sample_4
gene_920,-6.97830811330453e-06,0.144554871938031,sample_4
gene_172,-4.17824504833716e-06,0.190880867271147,sample_4
gene_401,-1.3178862100778e-06,1,sample_4
gene_895,2.17255558201295e-06,1,sample_4
gene_452,-1.26218460297558e-06,1,sample_4
gene_729,-7.83049383273784e-06,1,sample_4
gene_743,8.6019844897731e-06,1,sample_4
gene_240,2.38158940573422e-05,1,sample_4
gene_300,4.8295754088126e-07,1,sample_4
gene_146,1.11826182992369e-06,1,sample_4
gene_730,1.16441738314961,0.300833267148985,sample_4
gene_748,1.63300746623177,0.013249047421415,sample_4
gene_293,3.0825419080186e-06,0.994045626813924,sample_4
gene_36,1.00336234801717e-05,0.316723463247327,sample_4
gene_576,9.99976752969964e-07,1,sample_4
gene_402,4.61012141991905e-06,1,sample_4
gene_244,1.44837482418052e-07,1,sample_4
gene_154,-1.42226574244949e-08,1,sample_4
gene_852,9.1797527694796e-07,1,sample_4
gene_611,-1.83203693033288e-06,0.174526888437296,sample_4
gene_164,-6.43297026462825e-07,0.0994360609415342,sample_4
gene_524,-2.61227979998122e-06,5.97691985467405e-06,sample_4
gene_538,-2.58832442855014e-06,0.0998433515493118,sample_4
gene_429,-1.62344173874937e-06,1,sample_4
gene_316,-6.27904247679049e-07,1,sample_4
gene_91,8.99432081699051e-06,1,sample_4
gene_902,4.95897716998804e-06,1,sample_4
gene_17,3.33502558534297e-06,0.604520611964404,sample_4
gene_593,-3.40867702879292e-06,1,sample_4
gene_629,-2.02054631976271e-06,1,sample_4
gene_519,0.989855802136471,0.56389462886972,sample_4
gene_263,-5.08902068926665e-06,1,sample_4
gene_493,-5.1527923316384e-07,1,sample_4
gene_836,3.96385877941234e-06,1,sample_4
gene_892,-2.45982355543771e-06,0.413585768057112,sample_4
gene_922,-5.61663411476944e-06,1,sample_4
gene_83,-5.07664511875042e-05,1,sample_4
gene_549,1.75352052065396e-06,1,sample_4
gene_209,-5.88869862937192e-06,1,sample_4
gene_269,6.74300563325404e-08,1,sample_4
gene_695,-2.31330200870926e-06,0.000194337741510491,sample_4
gene_406,7.10532079470454e-06,0.747822878285009,sample_4
gene_740,3.61151239543269e-05,1,sample_4
gene_727,3.72707045844477,4.06228630337469e-10,sample_4
gene_1000,9.37646470496422e-07,1,sample_4
gene_140,6.94917401332437e-06,0.929312392150518,sample_4
gene_219,4.8851165249755e-06,1,sample_4
gene_491,-6.3260621433458e-06,1,sample_4
gene_262,3.22825529824389e-05,0.332187435885102,sample_4
gene_564,-7.20246275252746e-07,0.00242604591589058,sample_4
gene_824,9.66969903876854e-06,1,sample_4
gene_643,-1.40649805393422e-06,1,sample_4
gene_120,2.88764613501281,0.0099745191021443,sample_4
gene_563,7.07127630594411e-06,1,sample_4
gene_768,-4.28258426889013e-07,1,sample_4
gene_558,-1.9169954825765e-05,0.372361555550136,sample_4
gene_512,1.56761804580036e-05,0.945899537825008,sample_4
gene_147,1.13864314346734e-05,1,sample_4
gene_454,4.39596398422965e-06,1,sample_4
gene_744,-3.4088771501466e-07,1,sample_4
gene_477,-4.79404162898813e-06,0.467858414581817,sample_4
gene_25,7.41846226489217e-06,0.183777427610978,sample_4
gene_969,1.02377865361156,0.609881236404355,sample_4
gene_996,1.43649216950558e-05,0.315775978915573,sample_4
gene_194,-5.94898774193818e-06,1,sample_4
gene_132,-5.19765269996035e-06,1,sample_4
gene_494,2.238666518782e-06,1,sample_4
gene_190,-4.96194064605274e-06,1,sample_4
gene_647,-2.90222033208161e-06,1,sample_4
gene_463,-3.09217051347329e-06,1,sample_4
gene_222,-3.29418083475823e-06,1,sample_4
gene_492,-5.00679060049785e-06,0.417450838193003,sample_4
gene_656,7.23239880839993e-07,1,sample_4
gene_297,-5.97796443820885e-06,0.900660600972387,sample_4
gene_785,1.79263639966479e-06,1,sample_4
gene_86,1.90492572838001e-07,1,sample_4
gene_770,1.17123484199494e-05,1,sample_4
gene_963,-4.91972015063521e-06,1,sample_4
gene_681,-5.62711241708911e-07,0.824087741531399,sample_4
gene_362,1.3494276457698,0.0977917602253224,sample_4
gene_912,-1.82145583925219e-06,0.0785533058596205,sample_4
gene_444,7.81314019071182e-06,1,sample_4
gene_897,8.21289832528717e-07,1,sample_4
gene_173,-1.56782595297714e-06,1,sample_4
gene_217,-1.03227840690735e-05,1,sample_4
gene_856,1.17004540677521e-05,0.360852980319927,sample_4
gene_679,-9.63564650708184e-06,1,sample_4
gene_257,2.7881511527753e-06,1,sample_4
gene_790,-1.1759428823847e-05,0.317904249008264,sample_4
gene_725,-1.43458168688727e-06,0.927591477520554,sample_4
gene_807,-5.24458903789904e-06,0.0422429738778428,sample_4
gene_45,-1.9274382424791e-06,1,sample_4
gene_955,-1.1402581646425e-08,1,sample_4
gene_687,-3.14238048015255e-06,0.957073509975482,sample_4
gene_94,-3.64588910686326e-06,0.864409597567279,sample_4
gene_678,-2.0333720682466e-06,0.913270694705292,sample_4
gene_490,-3.90218104930054e-06,0.0751140562428483,sample_4
gene_719,-1.07235138500297e-07,1,sample_4
gene_947,4.21302327476017,0.00311349434674769,sample_4
gene_202,-9.41732883642227e-07,1,sample_4
gene_142,2.74702314070185,0.00110590608007522,sample_4
gene_188,-6.71081688540534e-07,1,sample_4
gene_597,1.61524447189781e-06,1,sample_4
gene_721,-7.95957126868387e-08,1,sample_4
gene_504,7.01388947677654e-06,0.93483281923884,sample_4
gene_13,3.59292670791498e-08,1,sample_4
gene_682,6.44752999770437e-06,0.6069833514007,sample_4
gene_472,-2.69469959327057e-06,1,sample_4
gene_298,-7.08594917063599e-07,0.440293229608851,sample_4
gene_407,-2.51532502159164e-07,1,sample_4
gene_942,-9.75267249598175e-07,0.000604270343964147,sample_4
gene_795,-2.50451250006678e-06,0.126504574639446,sample_4
gene_571,-2.25089953830366e-06,1,sample_4
gene_675,-1.50489174325623e-07,1,sample_4
gene_557,-2.20522448988379e-06,0.162383155085037,sample_4
gene_798,-1.11242401468979e-07,0.713546397561604,sample_4
gene_314,3.58858448969982,0.00937430454799194,sample_4
gene_351,-5.03992090307021e-07,0.00441135833354341,sample_4
gene_829,1.48488743524348e-07,1,sample_4
gene_984,-1.19539031887309e-06,1,sample_4
gene_633,1.48130055534197e-06,1,sample_4
gene_728,-6.36905853809333e-06,1.43244120972015e-07,sample_4
gene_517,5.15927990418881e-06,1,sample_4
gene_274,1.47383873310073e-05,1,sample_4
gene_552,-2.60046917843083e-05,1,sample_4
gene_341,-1.76535815191579e-06,0.504473178749768,sample_4
gene_96,-1.85483898901424e-07,1,sample_4
gene_80,1.79372037597169e-06,0.577279362630261,sample_4
gene_918,6.12195768935817e-06,1,sample_4
gene_197,-7.47448044829076e-06,0.0516285054640148,sample_4
gene_60,1.98248872295892e-06,1,sample_4
gene_276,5.18402841807859e-06,1,sample_4
gene_5,1.16654055151521e-05,0.200063184836583,sample_4
gene_841,1.88680152378463,0.0167737782501198,sample_4
gene_822,-9.40968151981471e-06,0.938303873823686,sample_4
gene_475,1.74174134341925e-06,1,sample_4
gene_775,-2.99753042346083e-06,1,sample_4
gene_278,1.63953731558393e-06,1,sample_4
gene_334,-1.8711379413015e-07,1,sample_4
gene_789,-6.33134716929307e-07,1,sample_4
gene_686,4.30491873342515e-08,1,sample_4
gene_930,-1.38659095396852e-05,0.0725562391871017,sample_4
gene_625,3.24421125696165e-06,1,sample_4
gene_152,-1.75359371175819,0.000767808392901195,sample_4
gene_560,1.32109728256332,0.187773527273491,sample_4
gene_347,1.17543963587239e-05,0.915991342361089,sample_4
gene_826,2.03683287109149e-05,1,sample_4
gene_621,1.38659508826914,0.117148591548284,sample_4
gene_442,1.03294320947312e-05,1,sample_4
gene_216,3.80845923632079e-07,1,sample_4
gene_924,-1.79605664473895e-06,0.5663613320253,sample_4
gene_801,-9.09004284888405e-06,0.870816714344088,sample_4
gene_537,3.15322668028415e-06,0.620112767768459,sample_4
gene_478,1.69019562831867e-09,1,sample_4
gene_876,-9.06268587387487e-06,1,sample_4
gene_805,-9.4719856593108e-06,1,sample_4
gene_447,1.75023601846054,0.105592902070123,sample_4
gene_499,8.34379382028654e-06,0.287713989677696,sample_4
gene_326,7.24283119204517e-07,1,sample_4
gene_507,6.48427380753072e-06,0.371089594114123,sample_4
gene_97,5.08182397205349e-06,1,sample_4
gene_631,5.44896496122965e-06,1,sample_4
gene_782,1.32876930889425e-05,1,sample_4
gene_415,1.0442198146084e-05,1,sample_4
gene_348,3.41416810959467e-06,1,sample_4
gene_414,4.18255609122141e-06,1,sample_4
gene_732,-6.67674384551688e-06,1,sample_4
gene_79,1.57841749472903e-07,1,sample_4
gene_868,-2.47028977675288e-06,0.0201455842621391,sample_4
gene_143,-5.89066787148451e-06,0.0594643009398084,sample_4
gene_970,-4.68315363029372e-06,1,sample_4
gene_150,-2.0915149612126e-08,1,sample_4
gene_330,5.21247961147038e-06,1,sample_4
gene_19,1.21210226019328e-05,0.201048463159049,sample_4
gene_320,3.75804232104747e-06,0.788748487750938,sample_4
gene_131,-5.7285336391503e-06,1,sample_4
gene_107,2.24901146790069e-06,1,sample_4
gene_241,9.88693423631944e-07,1,sample_4
gene_510,3.01718983887021e-06,1,sample_4
gene_871,-6.1776913609697e-06,1,sample_4
gene_698,1.64207272571723e-05,0.915706584060434,sample_4
gene_877,-7.97192420994274e-06,0.790861373539117,sample_4
gene_193,5.41972677761993e-06,1,sample_4
gene_566,0.416254852410226,1,sample_4
gene_66,1.82676167964057e-06,1,sample_4
gene_40,-1.83959448313546e-06,1,sample_4
gene_690,-8.22617683984894e-07,1,sample_4
gene_664,-5.69573587475767e-06,1,sample_4
gene_977,1.80814192162911,5.77755182899567e-05,sample_4
gene_89,-2.08228369216816e-05,0.0124164683875799,sample_4
gene_578,-2.32629223023495e-06,1,sample_4
gene_177,1.34901473638336,0.104620903550902,sample_4
gene_20,-7.54831041910782e-06,1,sample_4
gene_626,-2.89591015618965e-06,1,sample_4
gene_867,8.66001144822145e-06,1,sample_4
gene_872,-5.60598952237465e-06,1,sample_4
gene_933,6.16688448361228e-06,1,sample_4
gene_520,-5.23672498698404e-07,1,sample_4
gene_915,1.77313018472956,0.0207085192219802,sample_4
gene_720,4.70092930264656e-06,0.689086797592268,sample_4
gene_901,3.01446370041532e-06,1,sample_4
gene_405,-4.40791561066604e-06,1,sample_4
gene_68,2.02829313262806e-06,1,sample_4
gene_542,6.65024032965584e-06,0.0545098754169172,sample_4
gene_251,-1.61875530098388e-06,1,sample_4
gene_229,-6.13216007463507e-06,1,sample_4
gene_392,1.13601737680586e-06,0.776670074300058,sample_4
gene_155,1.39827958925276e-06,1,sample_4
gene_432,2.47724707019529e-06,1,sample_4
gene_716,-1.19185663488269e-06,1,sample_4
gene_590,-3.91101053324704e-06,0.64447940916145,sample_4
gene_658,-1.63715498375422e-07,1,sample_4
gene_655,-4.89009950109522e-06,0.130856220894729,sample_4
gene_439,2.07946033186252e-06,0.58179192638551,sample_4
gene_843,1.80218996701637e-06,1,sample_4
gene_987,2.01203257297393,0.043994666400078,sample_4
gene_898,-5.74663694952579e-07,1,sample_4
gene_372,-1.26936020766848e-06,1,sample_4
gene_834,9.59295753050789e-06,0.452681691620163,sample_4
gene_370,2.64085126950925e-06,1,sample_4
gene_982,-3.70195712563906e-06,0.000154671984774163,sample_4
gene_199,-2.33085110604829e-08,1,sample_4
gene_182,3.0043747112827e-06,1,sample_4
gene_936,5.89834349068146e-07,1,sample_4
gene_410,4.73974662101527e-06,0.170539809328876,sample_4
gene_420,1.20567820571246e-05,1,sample_4
gene_827,6.06561913244847e-06,1,sample_4
gene_746,-8.88691746323664e-06,1,sample_4
gene_158,-3.87683548140597e-06,0.194892950655934,sample_4
gene_958,4.68449179838577e-07,1,sample_4
gene_157,-2.34647592333067e-06,1,sample_4
gene_338,0.000197627960329082,1,sample_4
gene_185,1.52619872076397e-06,1,sample_4
gene_835,7.93332144842412e-06,0.877185860558985,sample_4
gene_224,8.95752780421772e-06,1,sample_4
gene_916,-7.41470698884402e-07,0.000972426913000191,sample_4
gene_661,-1.63224090816393e-07,1,sample_4
gene_166,-3.88831811248194e-06,0.140854808613859,sample_4
gene_848,4.02874670144234,0.000409148086503166,sample_4
gene_377,-1.1621402403826e-05,1,sample_4
gene_480,-1.10835092018523e-05,1,sample_4
gene_591,-2.37546144630236e-05,1,sample_4
gene_859,5.37844735207073e-07,1,sample_4
gene_340,1.27951633037415,0.203973300725405,sample_4
gene_309,-7.39539175566978e-07,1,sample_4
gene_64,9.6411687334551e-06,1,sample_4
gene_731,2.8943705137146e-06,0.264375912994328,sample_4
gene_367,1.12889083087698e-06,1,sample_4
gene_65,4.93670699932207e-06,1,sample_4
gene_63,1.79094222238274e-07,1,sample_4
gene_489,-3.51914766381184e-06,1,sample_4
gene_98,1.13396321342899e-05,0.970153422209853,sample_4
gene_88,3.84155790757575e-07,1,sample_4
gene_953,-7.93429155427808e-07,0.45891841514775,sample_4
gene_117,1.4288552148403,0.115147868137244,sample_4
gene_609,8.07132686989163e-06,1,sample_4
gene_854,-2.05478966249835e-06,0.00553639450807109,sample_4
gene_247,7.23885196179501e-06,0.190348075799798,sample_4
gene_352,1.18472893546741,0.261053587091575,sample_4
gene_521,2.87098096792963e-06,1,sample_4
gene_462,2.26051913702122e-06,1,sample_4
gene_665,7.6448856021624e-07,0.454225041245161,sample_4
gene_944,7.56192791466778e-06,1,sample_4
gene_181,7.09301290671156e-06,1,sample_4
gene_773,-8.94856276101376e-06,1,sample_4
gene_346,7.88206687983002e-07,1,sample_4
gene_529,-4.12030596807594e-06,1,sample_4
gene_245,-7.07302656799149e-06,1,sample_4
gene_6,5.88510442374108e-06,1,sample_4
gene_733,-4.592599134356e-06,0.863800115072341,sample_4
gene_239,2.54660088382588e-06,0.362055698152382,sample_4
gene_932,-2.07900662608232e-06,1,sample_4
gene_335,7.56145555649805e-06,1,sample_4
gene_28,2.10901311058857e-05,0.577949624785184,sample_4
gene_515,-2.69150866183285e-06,0.667557812376767,sample_4
gene_630,-1.33023811546555e-06,1,sample_4
gene_758,4.90935159752075e-06,1,sample_4
gene_741,6.09121123118914e-06,1,sample_4
gene_783,2.13877672091827e-06,1,sample_4
gene_394,3.58799973212466e-06,1,sample_4
gene_332,-9.09101606786467e-07,1,sample_4
gene_833,-1.42930068182174e-06,0.575282683543101,sample_4
gene_745,6.93477480605708e-06,1,sample_4
gene_383,-1.20884608380994e-06,0.224164752311192,sample_4
gene_430,-1.17541205474773e-06,1,sample_4
gene_882,1.19971608008403,0.204785877555989,sample_4
gene_573,-7.24468460214702e-06,1,sample_4
gene_779,-6.87118141958395e-06,1,sample_4
gene_496,-1.16064235443028e-07,1,sample_4
gene_307,1.26413629790604e-05,0.786248915153057,sample_4
gene_769,-6.98112252826533e-06,0.802422600736504,sample_4
gene_437,1.57959749682603e-06,0.418177618399225,sample_4
gene_381,3.01053891733382e-06,1,sample_4
gene_78,8.18678483732852e-06,1,sample_4
gene_792,-1.31434661712786e-07,1,sample_4
gene_555,-1.1572712417289e-05,0.418161555135481,sample_4
gene_51,3.34749478823866e-05,1,sample_4
gene_813,1.33984486436469e-05,1,sample_4
gene_375,6.19006124453129e-06,1,sample_4
gene_689,-2.24194273457173e-06,1,sample_4
gene_487,6.39128484524177e-06,1,sample_4
gene_44,-2.89996377517613e-06,1,sample_4
gene_645,-6.97497230475412e-06,1,sample_4
gene_500,-4.02938773593464e-06,1,sample_4
gene_896,-0.000102027832715658,5.61634888327285e-05,sample_4
gene_860,-1.90022639550358e-06,1,sample_4
gene_174,1.05705596943199e-06,1,sample_4
gene_528,-3.08129132498019e-06,1,sample_4
gene_886,-3.97665392502879e-07,1,sample_4
gene_668,1.48363412606034e-06,1,sample_4
gene_710,1.54226904523883e-06,1,sample_4
gene_305,-3.1139026222329e-06,1,sample_4
gene_122,-1.20503332415557e-06,4.9074991063831e-07,sample_4
gene_820,-7.87692821333156e-05,0.311773626846429,sample_4
gene_210,-8.20541672656991e-06,0.0604408964363129,sample_4
gene_884,-3.84391613654576e-06,1,sample_4
gene_580,7.89600889303028e-06,0.30530798863879,sample_4
gene_929,-7.59644998188276e-06,1,sample_4
gene_530,-6.34527992610247e-07,1,sample_8
gene_683,4.87887479049591e-06,0.978843267438574,sample_8
gene_928,6.47678751949798e-07,1,sample_8
gene_793,-2.27898900972549e-07,0.920340662332599,sample_8
gene_258,8.48667062205808e-06,1,sample_8
gene_941,-2.05688062082308e-06,1,sample_8
gene_92,-1.12662153476455e-06,0.928754099636797,sample_8
gene_809,2.85779489673825e-06,1,sample_8
gene_106,4.71429222637766e-06,1,sample_8
gene_376,-1.00599786306535e-05,1,sample_8
gene_189,-3.58431512647678e-06,1,sample_8
gene_386,-2.63941900467684e-06,0.0653838616027673,sample_8
gene_873,-1.06112262632659e-06,1,sample_8
gene_52,-8.59846728719562e-08,1,sample_8
gene_485,-6.82329179789601e-07,0.483528379328961,sample_8
gene_69,2.12624331727133e-07,1,sample_8
gene_910,5.46620120266926e-06,1,sample_8
gene_994,2.59655078982087e-05,1,sample_8
gene_228,-3.1935296676598e-05,1,sample_8
gene_225,-2.44980594040963e-07,0.436928797047909,sample_8
gene_130,-9.41398922595016e-07,0.383402269606293,sample_8
gene_879,4.87840722335307e-06,1,sample_8
gene_657,-1.22714318209714e-06,0.547571778402579,sample_8
gene_765,-1.03939889377429e-06,0.598085394121906,sample_8
gene_800,-8.76935505389849e-07,0.265222153139951,sample_8
gene_788,-2.12903882319631e-07,1,sample_8
gene_706,-2.33425478823468e-06,0.0233819843867704,sample_8
gene_975,-5.3056566666516e-07,1,sample_8
gene_359,4.26188140290053e-06,0.875162177933359,sample_8
gene_583,-9.3597910449084e-07,1,sample_8
gene_230,-3.89701399327464e-07,1,sample_8
gene_839,-1.49715549584979e-05,0.877956159605562,sample_8
gene_523,5.32666279502316e-06,1,sample_8
gene_676,5.02827483308885e-07,1,sample_8
gene_506,-9.88431346369332e-08,1,sample_8
gene_508,-3.27386677900957e-06,0.527218598553215,sample_8
gene_214,4.17130751076892e-06,1,sample_8
gene_178,-2.8286409881298e-06,1,sample_8
gene_327,2.33939878538898e-06,1,sample_8
gene_940,-1.20326544022125e-05,1,sample_8
gene_27,-5.84722482543591e-06,1,sample_8
gene_526,-8.90028339994825e-07,0.0970722155218455,sample_8
gene_291,-3.83369706615049e-06,1,sample_8
gene_513,1.88243398844014e-06,1,sample_8
gene_192,1.00520987384986e-05,1,sample_8
gene_438,-2.39677275953227e-06,1,sample_8
gene_350,-3.52734046265056e-06,1,sample_8
gene_378,1.00896083633273e-05,1,sample_8
gene_138,2.49509905888797e-06,0.191387662589446,sample_8
gene_750,2.44983873818612e-06,1,sample_8
gene_708,8.5689276612256e-07,1,sample_8
gene_12,5.26295823877424e-06,1,sample_8
gene_47,3.87711981020864e-06,1,sample_8
gene_880,-3.95790897557749e-07,1,sample_8
gene_781,-9.12344122578575e-06,1,sample_8
gene_451,1.20590064325061e-05,0.470583325067054,sample_8
gene_456,1.4512109394871e-06,1,sample_8
gene_764,-1.69310814261449e-06,1,sample_8
gene_113,1.4155617656975e-05,0.103406321868844,sample_8
gene_133,6.60933341526151e-06,0.16379872453309,sample_8
gene_126,-4.71435332212344e-06,0.757927081332452,sample_8
gene_421,1.70171403468099e-05,0.542935864432262,sample_8
gene_62,4.9205405107875e-06,0.998304555853633,sample_8
gene_810,4.64023296687354e-07,1,sample_8
gene_175,-2.72907314040758e-06,0.975354251601899,sample_8
gene_443,-2.79240130202061e-06,0.714675436095773,sample_8
gene_701,-0.000169445007442137,1,sample_8
gene_825,-3.02807946980861e-06,0.347944593198851,sample_8
gene_103,6.77870103427554e-06,1,sample_8
gene_838,8.34409851788629e-06,1,sample_8
gene_777,9.38276382642485e-08,1,sample_8
gene_38,2.89021575295454e-07,1,sample_8
gene_894,6.17805739608645e-06,1,sample_8
gene_821,-6.42574062507689e-07,1,sample_8
gene_324,-8.14467248481677e-06,0.352807436703607,sample_8
gene_875,-2.7613862851852e-06,1,sample_8
gene_238,-5.58689332192921e-07,1,sample_8
gene_723,-3.9516790642395e-06,1,sample_8
gene_455,5.4696313670164e-06,1,sample_8
gene_670,-9.05529810185245e-06,1,sample_8
gene_163,-6.35261036258308e-07,1,sample_8
gene_339,2.23206058649979e-06,1,sample_8
gene_11,4.20477495153712e-07,1,sample_8
gene_522,-3.91705452618061e-07,1,sample_8
gene_255,-1.36056392079455e-06,1,sample_8
gene_129,-7.41926011059033e-06,1,sample_8
gene_286,1.04326292400065,0.539640064193284,sample_8
gene_85,9.07909320411088e-06,1,sample_8
gene_76,-7.80105409177955e-07,1,sample_8
gene_712,6.94217106626695e-06,1,sample_8
gene_891,2.09241262693983e-06,1,sample_8
gene_136,-5.97413182390057e-07,1,sample_8
gene_384,2.4968213218458e-06,1,sample_8
gene_440,5.02841995658381e-06,1,sample_8
gene_851,-8.63445559304578e-07,1,sample_8
gene_799,-1.21224838925279e-06,1,sample_8
gene_461,9.35569026967978e-06,1,sample_8
gene_221,1.33336432433873e-05,0.589807600990901,sample_8
gene_141,5.52421190331736e-06,1,sample_8
gene_302,5.08584303325929e-06,1,sample_8
gene_964,1.06587868674584e-05,1,sample_8
gene_235,-1.07961123153758e-06,0.0123779697024543,sample_8
gene_469,-1.32133905951585e-06,0.0954071411513868,sample_8
gene_369,2.05038038291159e-05,0.944366715317629,sample_8
gene_784,0.856471037313154,0.409624276273295,sample_8
gene_546,-5.91299107493544e-07,1,sample_8
gene_77,-3.95796167983544e-07,1,sample_8
gene_797,-1.13724818500431e-07,1,sample_8
gene_211,2.67538677402908e-06,1,sample_8
gene_849,-2.10373305208053e-06,0.473053304616611,sample_8
gene_215,1.0431834155967e-05,1,sample_8
gene_992,8.56138619830443e-07,1,sample_8
gene_883,-4.22838670450326e-06,1,sample_8
gene_995,-4.18537630185587e-07,1,sample_8
gene_641,-1.54032389434617e-06,1,sample_8
gene_622,3.04715701773353e-06,1,sample_8
gene_95,-6.23445469011443e-06,1,sample_8
gene_287,-3.50763139400079e-06,1,sample_8
gene_256,3.55580329087322e-06,1,sample_8
gene_333,9.04873765884743e-06,1,sample_8
gene_651,5.46849872507064e-07,1,sample_8
gene_349,-5.17712726380409e-08,1,sample_8
gene_1,7.48765389443097e-06,1,sample_8
gene_473,3.19499874481723e-06,1,sample_8
gene_680,-9.66851511253286e-07,1,sample_8
gene_532,-1.76603823434044e-07,1,sample_8
gene_285,2.35586404215865e-05,0.692780523148288,sample_8
gene_365,1.45800736321498e-05,0.991442129173238,sample_8
gene_608,3.00120486759849e-06,0.85403649194478,sample_8
gene_615,-2.54281138173451e-06,1,sample_8
gene_53,1.07705666970424e-06,1,sample_8
gene_588,7.21740454464828e-06,0.112159969942926,sample_8
gene_201,4.39559967430281e-07,1,sample_8
gene_672,-3.17242949520999e-07,1,sample_8
gene_265,4.99331617771302e-06,1,sample_8
gene_119,-1.27824689016292e-07,1,sample_8
gene_908,-4.17407162072456e-07,0.572668277944226,sample_8
gene_441,6.54475249773488e-06,0.18214093069054,sample_8
gene_275,-2.7893480838351e-06,1,sample_8
gene_718,1.20658590996498e-06,1,sample_8
gene_943,8.60626391906803e-06,1,sample_8
gene_34,8.83973070919602e-06,0.592773010949602,sample_8
gene_7,1.4920399921109e-06,1,sample_8
gene_125,-3.28438211940185e-06,0.456997423274371,sample_8
gene_250,1.57438703488067e-05,1,sample_8
gene_842,3.01219772778516e-06,1,sample_8
gene_511,7.0370319910827e-06,1,sample_8
gene_957,-3.3230847060743e-09,1,sample_8
gene_116,2.59193740378269e-06,1,sample_8
gene_888,-1.31978113080432e-06,0.402939073756532,sample_8
gene_391,2.67589677563587e-06,0.60534322790391,sample_8
gene_749,-4.62879301526757e-07,0.647071040191773,sample_8
gene_704,-7.54429512902594e-07,0.278651125404288,sample_8
gene_137,1.44987837645725e-06,1,sample_8
gene_905,2.19538752944137e-06,0.568850780241055,sample_8
gene_81,-5.33537303714115e-06,1,sample_8
gene_283,-3.08829421886623e-05,1,sample_8
gene_425,1.02581091524428,0.475499833121409,sample_8
gene_938,2.61763813870852e-05,1,sample_8
gene_737,3.27161163900044e-06,1,sample_8
gene_666,1.38836513410467,0.136661061199853,sample_8
gene_937,1.63933761447958e-07,1,sample_8
gene_700,1.10562664672966e-06,1,sample_8
gene_388,-2.97427572841549e-06,1,sample_8
gene_554,-6.1712092877893e-06,1,sample_8
gene_533,2.8007499222138e-06,1,sample_8
gene_259,1.27601036675116e-05,1,sample_8
gene_945,1.55957557096503e-05,1,sample_8
gene_231,-3.25106156862825e-06,1,sample_8
gene_711,2.08760930341789e-06,1,sample_8
gene_72,9.58106023660231e-07,1,sample_8
gene_39,2.26513730778002e-05,1,sample_8
gene_90,4.36045504050011e-06,1,sample_8
gene_535,3.62095929181136e-06,1,sample_8
gene_337,1.65656398042267e-05,1,sample_8
gene_118,3.9011450306839e-06,1,sample_8
gene_356,-4.02683508657033e-06,1,sample_8
gene_23,-3.65258403247448e-06,1,sample_8
gene_599,-8.65052751703727e-06,1,sample_8
gene_935,-7.88362774775532e-06,1,sample_8
gene_911,9.90885578271543e-05,1,sample_8
gene_885,-9.36668968210031e-07,0.00184587752512847,sample_8
gene_570,-1.21143041815793e-06,1,sample_8
gene_956,-2.03608760839086e-06,0.547480897646343,sample_8
gene_318,-2.13451401777932e-06,1,sample_8
gene_70,1.68839700126194e-05,1,sample_8
gene_170,2.36773487224838e-06,1,sample_8
gene_417,-1.37445688500772e-05,1,sample_8
gene_921,-6.37382555627273e-06,0.435360820119492,sample_8
gene_864,3.92976133910817e-06,1,sample_8
gene_703,6.47243204182838e-06,1,sample_8
gene_471,-1.07949972989784e-05,1,sample_8
gene_585,-1.01188939161083e-06,1,sample_8
gene_832,2.90212643774362e-06,0.96692258335574,sample_8
gene_404,3.46735732124998e-05,1,sample_8
gene_850,8.20519908756059e-06,1,sample_8
gene_559,-8.98000218518961e-06,1,sample_8
gene_364,2.76994184864677e-06,1,sample_8
gene_846,1.07713555149626e-06,1,sample_8
gene_148,-4.25582783177398e-07,0.823569006776831,sample_8
gene_139,-2.61184799939109e-06,1,sample_8
gene_592,-3.91812504930283e-06,1,sample_8
gene_853,-1.03319732048581e-06,0.972424873711889,sample_8
gene_32,-1.65002361235143e-06,0.106649880138168,sample_8
gene_169,-2.86340660967786e-07,1,sample_8
gene_186,0.659573996180507,1,sample_8
gene_115,-5.09898452813028e-06,1,sample_8
gene_966,1.39648116639507,0.0798934412185749,sample_8
gene_509,5.43264528883125e-06,1,sample_8
gene_650,1.00594805203621e-06,1,sample_8
gene_699,7.19212103656978e-06,1,sample_8
gene_539,3.24766808933759e-06,1,sample_8
gene_294,-5.13490673620013e-07,1,sample_8
gene_503,-3.71054018531739e-06,1,sample_8
gene_448,2.25360644976173e-06,1,sample_8
gene_419,-3.24280364836309e-06,1,sample_8
gene_9,1.56976797780444e-06,1,sample_8
gene_246,3.22687092734637e-06,1,sample_8
gene_482,2.54982981211655e-06,1,sample_8
gene_191,1.39705955394862e-05,1,sample_8
gene_180,2.83907647815976e-06,1,sample_8
gene_640,-1.49591348155421e-06,1,sample_8
gene_413,9.00712447008931e-07,1,sample_8
gene_607,1.83832498589161e-07,1,sample_8
gene_817,-1.72835632393578e-06,1,sample_8
gene_925,1.31309285557509e-05,1,sample_8
gene_919,-4.54954924323078e-06,1,sample_8
gene_568,-3.66618038339764e-06,1,sample_8
gene_614,-1.92668689105545e-06,0.947740398652634,sample_8
gene_296,3.6377510159972e-06,1,sample_8
gene_550,4.36630213019126e-06,0.695861141144786,sample_8
gene_468,-1.15775167152419e-06,1,sample_8
gene_786,-1.21541057229299e-06,1,sample_8
gene_277,-1.60214346283194e-06,1,sample_8
gene_830,1.57294334546818e-06,1,sample_8
gene_271,-2.35052446931593e-06,6.28223847555066e-07,sample_8
gene_923,-2.96241840805158e-06,1,sample_8
gene_208,4.67612169560794e-06,1,sample_8
gene_328,-5.42517488033417e-07,1,sample_8
gene_900,0.000200522553813359,1,sample_8
gene_50,4.22749708755835e-06,1,sample_8
gene_153,-1.40041721590966e-06,1,sample_8
gene_203,-9.85946414764242e-06,1,sample_8
gene_41,7.10006952061307e-07,1,sample_8
gene_312,1.91639880540351e-06,1,sample_8
gene_450,-1.21061639094415e-06,1,sample_8
gene_266,2.99362429289223e-08,1,sample_8
gene_87,-1.45518015427846e-07,1,sample_8
gene_978,-1.06191770844877e-05,1,sample_8
gene_907,6.2942469306309e-06,1,sample_8
gene_58,2.54292110726454,0.0494778996031523,sample_8
gene_30,5.9655716781396e-07,0.57349322734815,sample_8
gene_37,6.36199651227512e-06,0.819046500827242,sample_8
gene_971,-1.8061006196895e-06,1,sample_8
gene_24,-2.35927920913537e-07,1,sample_8
gene_427,-2.44596261089335e-07,0.981187092738203,sample_8
gene_649,-5.89245827217633e-06,1.43881561813538e-08,sample_8
gene_396,-1.10712470907297e-06,0.00975805567312883,sample_8
gene_374,-9.7039666924876e-07,0.0570901980967685,sample_8
gene_61,5.34802052979871e-06,1,sample_8
gene_534,5.62097217723893e-06,1,sample_8
gene_951,-1.38066294601045e-06,1,sample_8
gene_460,9.26168665301571e-06,1,sample_8
gene_717,3.75344746132021e-06,1,sample_8
gene_653,-7.00765246098899e-07,0.838283152581448,sample_8
gene_361,4.67408130107641e-06,1,sample_8
gene_815,2.7384116848149e-06,1,sample_8
gene_14,-3.82273432110062e-06,1,sample_8
gene_600,-5.05560983619021e-06,1,sample_8
gene_371,-1.25067512492496e-06,0.354354400090948,sample_8
gene_531,2.09132560209746e-06,0.711827403045716,sample_8
gene_999,6.95404372402007e-07,1,sample_8
gene_497,4.40721388373848e-06,1,sample_8
gene_434,3.15329115531236e-06,1,sample_8
gene_304,7.52327895507559e-06,1,sample_8
gene_134,-2.82209316138094e-06,1,sample_8
gene_778,-3.05835862928419e-06,1,sample_8
gene_232,-2.47652927422554e-06,1,sample_8
gene_289,-2.09309867696143e-05,0.779389234817507,sample_8
gene_387,-7.88991233412646e-07,0.250520600373758,sample_8
gene_791,4.7523207934965e-07,1,sample_8
gene_702,-6.01024254359351e-07,0.646009894097349,sample_8
gene_135,-2.04212907177851e-06,0.996604935888432,sample_8
gene_662,7.05561369094153e-06,0.259660909337291,sample_8
gene_488,1.11491652404195e-05,1,sample_8
gene_543,-3.33122345445039e-07,1,sample_8
gene_10,3.17700092759742e-06,0.663457514870539,sample_8
gene_986,4.92505174681218e-06,0.483978023810731,sample_8
gene_411,1.27516528394002e-06,1,sample_8
gene_993,-2.96849720767793e-07,1,sample_8
gene_29,9.75966256669901e-07,1,sample_8
gene_161,-1.07282838995652e-06,1,sample_8
gene_67,7.21149536696852e-06,0.0845994444813657,sample_8
gene_416,-3.29797831302228e-07,1,sample_8
gene_26,-5.50251061309275e-06,0.369359296969766,sample_8
gene_35,4.66712847137354e-07,1,sample_8
gene_659,1.52264650643134e-06,1,sample_8
gene_684,-1.29814339712225e-06,1,sample_8
gene_311,-3.29054904961586e-06,1,sample_8
gene_195,-9.61727157807358e-07,1,sample_8
gene_589,2.82371528829559e-06,1,sample_8
gene_974,1.06843005355386e-05,0.466528519199864,sample_8
gene_453,5.08811495432363e-06,1,sample_8
gene_582,-2.69944341429044e-06,0.130067480534688,sample_8
gene_617,-1.47350749063802e-06,0.000560299042637301,sample_8
gene_804,1.76038607303289e-06,0.609628596155946,sample_8
gene_102,3.54088112425369,0.0510131052730126,sample_8
gene_15,-1.34266666643682e-07,1,sample_8
gene_780,-1.25921832940115e-06,0.0478357736741581,sample_8
gene_794,-2.93450598948316e-07,1,sample_8
gene_207,-1.06216617053082e-06,1,sample_8
gene_811,2.85466755673633e-07,1,sample_8
gene_236,2.19780751229881,0.071798333105998,sample_8
gene_671,-8.63290542918929e-07,0.0124242728772595,sample_8
gene_544,1.66650421895893e-06,0.51704284118702,sample_8
gene_315,3.78604920626921e-07,1,sample_8
gene_227,-2.05437989924916e-06,0.247842058946607,sample_8
gene_295,-2.4542781276499e-06,0.770097177668041,sample_8
gene_685,-4.93340893968197e-06,0.777606105649125,sample_8
gene_483,1.04936898122512e-06,1,sample_8
gene_424,-3.7232455764049e-06,1,sample_8
gene_301,1.82638533537404e-07,1,sample_8
gene_249,6.22128606315558e-07,1,sample_8
gene_548,-9.73987442472140e-09,1,sample_8
gene_688,3.00014605479598e-06,0.391883141834752,sample_8
gene_74,8.64577847371133e-06,0.426269380598216,sample_8
gene_445,1.23918913823677e-06,0.91638485176409,sample_8
gene_412,1.18068475626412e-06,0.908870053695353,sample_8
gene_145,1.96861934383994e-05,1,sample_8
gene_774,1.28581333934468e-05,1,sample_8
gene_823,-1.12156036774011e-06,0.513700425921524,sample_8
gene_694,-8.54131982508227e-07,1,sample_8
gene_906,6.50638967222124e-06,1,sample_8
gene_56,4.18179991685786e-06,1,sample_8
gene_162,-1.6059897689927e-08,1,sample_8
gene_176,2.61304573060977e-08,1,sample_8
gene_565,1.0755044739646e-05,1,sample_8
gene_914,3.60044616466094e-07,1,sample_8
gene_865,4.29189488674456e-05,1,sample_8
gene_926,-4.00524657498253e-06,1,sample_8
gene_398,5.28270311106515e-06,1,sample_8
gene_840,3.70235213077052e-06,1,sample_8
gene_418,1.89832660561171e-05,1,sample_8
gene_796,1.23413902105999e-06,1,sample_8
gene_409,5.20931410022409e-06,1,sample_8
gene_803,8.6297696760355e-08,1,sample_8
gene_909,-1.9554404060225e-06,1,sample_8
gene_899,4.71079662335318e-07,1,sample_8
gene_502,1.836769524954e-07,1,sample_8
gene_985,8.92370350048263e-07,1,sample_8
gene_160,3.98449178205033e-07,0.510025224517882,sample_8
gene_308,1.58907326293138e-06,1,sample_8
gene_390,5.41324056592949e-07,1,sample_8
gene_952,7.82225831186164e-06,0.456616753340873,sample_8
gene_260,-1.26163563431582e-07,1,sample_8
gene_54,1.1637982194349e-06,0.49139729282896,sample_8
gene_663,4.17579269873237e-06,0.836889487519733,sample_8
gene_959,1.16502813676351e-05,0.854974100894566,sample_8
gene_931,3.93608070019327e-06,0.336859093412121,sample_8
gene_648,7.04649699037228e-06,0.280883065519986,sample_8
gene_660,1.086789531793e-06,1,sample_8
gene_596,-2.21921388860095e-06,1,sample_8
gene_739,-2.21017031187711e-07,0.888887334906156,sample_8
gene_187,-8.4920047613567e-08,1,sample_8
gene_313,-3.82325026611931e-07,0.46321083388744,sample_8
gene_541,2.88324692243033e-06,0.365310990403654,sample_8
gene_422,3.1661368598521e-07,0.797976832774872,sample_8
gene_577,2.72206645451069e-07,0.788041196726567,sample_8
gene_772,1.13460374638155e-06,0.462931507936683,sample_8
gene_353,-7.42462096226346e-08,1,sample_8
gene_639,-3.63938543612433e-08,1,sample_8
gene_331,-1.31396427535992e-07,0.924499918050231,sample_8
gene_646,-2.11598905639755e-07,0.848530516580253,sample_8
gene_342,-1.21679734994065e-08,1,sample_8
gene_16,1.37679263533469e-05,1,sample_8
gene_776,2.76960330312929e-07,0.936047311318217,sample_8
gene_845,1.71845418305766e-06,0.453027822235713,sample_8
gene_200,-9.55184215407635e-07,1,sample_8
gene_184,-7.40755568059626e-08,1,sample_8
gene_755,-1.30229055916189e-06,1,sample_8
gene_466,2.39118579333253e-06,0.323500872253166,sample_8
gene_299,-1.08397596620551e-08,0.998426155494477,sample_8
gene_379,2.22075022663105,0.029662354566593,sample_8
gene_355,-1.79782912933588e-07,1,sample_8
gene_762,7.86353148896531e-07,0.440548170304081,sample_8
gene_584,7.84089390671896e-08,1,sample_8
gene_572,2.47844809168126e-06,0.200659864757429,sample_8
gene_595,1.26044929938971e-06,0.665814499526378,sample_8
gene_610,-4.15646538825329e-08,1,sample_8
gene_484,-9.75285592588283e-10,0.996942585805655,sample_8
gene_869,2.33231632575305e-06,0.394377420396653,sample_8
gene_458,6.04403484958886e-06,0.486821297352681,sample_8
gene_753,-3.32425663633723e-06,1,sample_8
gene_4,4.87892720452061e-06,1,sample_8
gene_253,1.08732651200345e-05,1,sample_8
gene_144,1.80793796900567e-05,1,sample_8
gene_561,-2.14077847580014e-06,1,sample_8
gene_742,1.14414575323188e-05,1,sample_8
gene_636,-2.9171157025301e-06,0.821516666077461,sample_8
gene_989,-4.76588935040938e-06,1,sample_8
gene_501,-2.18007255654682e-06,1,sample_8
gene_863,-1.19439206038426e-06,1,sample_8
gene_449,-4.81552179824549e-07,1,sample_8
gene_288,-3.37270861656717e-06,0.898510346852109,sample_8
gene_99,-1.11692563303759e-06,1,sample_8
gene_761,-2.64491372164044e-06,0.182375144929848,sample_8
gene_844,-1.55320286533173e-06,0.63907470536268,sample_8
gene_57,-6.25537031875148e-07,1,sample_8
gene_114,1.87027266309382,0.0362366573446865,sample_8
gene_111,-3.46142636598037e-06,0.0541613000939408,sample_8
gene_816,3.69686174749671e-06,0.777933191573205,sample_8
gene_233,3.67552128188528e-06,0.213565141184081,sample_8
gene_870,-2.09813129502074e-06,1,sample_8
gene_124,-5.68184743096861e-07,1,sample_8
gene_104,-1.47680112976422e-06,1,sample_8
gene_618,-2.43110659900339e-07,0.103773631866529,sample_8
gene_587,2.47844468361678e-06,0.086445246269758,sample_8
gene_990,7.139017507133e-06,1,sample_8
gene_373,3.29724667499164e-06,1,sample_8
gene_861,2.49186159472313e-06,1,sample_8
gene_697,-5.4011344358375e-06,1,sample_8
gene_213,-5.8560734765394e-06,1,sample_8
gene_735,-1.05038211783829e-07,1,sample_8
gene_981,-5.71518209430574e-07,1,sample_8
gene_93,-9.7937867824762e-08,1,sample_8
gene_950,-0.000277339861009026,1,sample_8
gene_465,3.5066717619104e-06,1,sample_8
gene_212,1.9259995268052e-06,1,sample_8
gene_237,-4.68588704465519e-06,1,sample_8
gene_49,-9.74512605730364e-08,1,sample_8
gene_183,-1.62433471837866e-07,1,sample_8
gene_759,-1.2996791439095e-07,0.746432013057826,sample_8
gene_344,-2.12391302993865e-06,1,sample_8
gene_887,2.4324725610072e-06,1,sample_8
gene_644,-4.07404158385598e-06,1,sample_8
gene_828,2.58919945375072e-06,0.997960996730584,sample_8
gene_862,-1.68676173263741e-06,0.646617595415551,sample_8
gene_752,9.55604286200617e-06,0.0701446589384252,sample_8
gene_638,-1.36614691313278e-06,1,sample_8
gene_220,-6.45890806562577e-07,1,sample_8
gene_303,6.32055880832658e-06,0.0495268747945294,sample_8
gene_787,-9.24491976944358e-07,0.0672760299815118,sample_8
gene_760,-1.58942105872083e-06,1,sample_8
gene_272,1.16826439990535e-05,0.138817307066603,sample_8
gene_43,-2.17630903212637e-06,0.220528093615052,sample_8
gene_603,7.125703154134e-07,1,sample_8
gene_567,9.67914219704851e-06,1,sample_8
gene_893,1.73354645038297e-06,0.532600295673155,sample_8
gene_627,-3.78269461828884e-07,1,sample_8
gene_270,5.22017278285264e-07,0.935716689989599,sample_8
gene_997,6.64432571818384e-07,0.997462117204683,sample_8
gene_165,-4.1309834736278e-07,0.0490996411676643,sample_8
gene_962,7.20588941197422e-08,1,sample_8
gene_112,2.77407103302939e-06,1,sample_8
gene_889,-2.14244186379311e-05,1,sample_8
gene_73,7.88055390892881e-06,1,sample_8
gene_393,3.65474994024921e-06,1,sample_8
gene_692,2.8036958434609e-07,0.818507698187191,sample_8
gene_123,-1.64039203560641e-06,1,sample_8
gene_837,-4.13870947506348e-06,1,sample_8
gene_976,-2.45165559105223e-06,1,sample_8
gene_623,-4.97911602942409e-06,1,sample_8
gene_127,-2.79623904363339e-06,1,sample_8
gene_927,-1.49733778386011e-05,1,sample_8
gene_105,-4.64900973700277e-06,0.676042419497725,sample_8
gene_734,-1.46472035685637e-06,0.402250996653994,sample_8
gene_426,4.87140431970041e-07,1,sample_8
gene_601,-1.49845989794338e-06,0.406720260079968,sample_8
gene_8,1.08211600861931e-05,1,sample_8
gene_847,-4.92211550223444e-06,0.868772379252129,sample_8
gene_594,7.92328363452222e-06,1,sample_8
gene_474,-1.70405226160524e-06,0.00246120059203295,sample_8
gene_325,7.88406126064882e-06,1,sample_8
gene_620,1.0274043153004e-05,1,sample_8
gene_632,-2.81660644676709e-06,1,sample_8
gene_866,-1.1308960543538e-07,1,sample_8
gene_551,2.598490328038e-05,0.362020925296203,sample_8
gene_31,2.8786270085187e-06,1,sample_8
gene_527,2.76312564396818e-05,1,sample_8
gene_110,-8.41229463957368e-07,0.00737969721139745,sample_8
gene_470,-4.26998297946933e-07,0.00528166429363701,sample_8
gene_988,-9.59829004667064e-07,0.0808596319474371,sample_8
gene_399,-1.64407738600476e-07,1,sample_8
gene_389,-2.10392683461223e-06,0.102290934941016,sample_8
gene_619,-2.14142710280469e-07,0.11980075863812,sample_8
gene_747,-5.29046778944846e-06,0.440199081387957,sample_8
gene_368,-4.59478301146307e-06,0.367471980623289,sample_8
gene_808,-3.23113978474718e-06,0.915991654286359,sample_8
gene_858,-1.71300431883065e-06,1,sample_8
gene_934,2.32323709677761e-07,1,sample_8
gene_242,1.15459916000198e-07,1,sample_8
gene_949,-4.60024157312952e-07,0.210680537383213,sample_8
gene_397,7.77512950656205e-07,0.90734064671933,sample_8
gene_652,2.77874318762983e-06,0.360375922703883,sample_8
gene_292,-1.76850873930965e-06,1,sample_8
gene_579,-2.42954984128047e-06,0.430853539415294,sample_8
gene_980,-3.93190376083984e-08,1,sample_8
gene_226,1.59615843566238e-06,1,sample_8
gene_55,4.59722580119226e-06,0.350557839053357,sample_8
gene_903,1.8750337014501e-06,1,sample_8
gene_545,4.95454869282476e-06,1,sample_8
gene_574,-2.70808735062656e-06,1,sample_8
gene_431,-2.21994818084648e-07,0.781189827997133,sample_8
gene_983,-3.2877778711287e-06,0.0755447964777476,sample_8
gene_382,-1.23462626186649e-06,0.775708445324724,sample_8
gene_814,-1.32412707741903e-06,1,sample_8
gene_878,-1.17067089170496e-06,1,sample_8
gene_42,1.66053361218306e-07,0.861327902553175,sample_8
gene_628,3.13542045499527e-06,0.946023497770003,sample_8
gene_319,-2.65285479199811e-06,0.0230439605467923,sample_8
gene_268,9.50288113816383e-08,1,sample_8
gene_751,-1.96734356716038e-06,0.261827780868723,sample_8
gene_505,-7.87815117821921e-06,1,sample_8
gene_151,9.06114005731473e-07,1,sample_8
gene_205,4.60418387830371e-07,1,sample_8
gene_223,2.30881282189939e-06,1,sample_8
gene_674,-3.42243704196804e-06,1,sample_8
gene_948,2.35536757440504e-07,1,sample_8
gene_385,6.94975794212133e-05,1,sample_8
gene_380,8.75740546898281e-07,1,sample_8
gene_802,2.37256836537998e-06,1,sample_8
gene_604,7.55976012361262e-07,1,sample_8
gene_261,-8.15364378654472e-06,1,sample_8
gene_446,-4.99662995882123e-06,1,sample_8
gene_771,1.32587416601995e-05,1,sample_8
gene_360,2.56075662659393e-06,1,sample_8
gene_736,-0.000118882159232736,1,sample_8
gene_498,5.15032183963399e-07,1,sample_8
gene_171,-3.04656901319577e-05,1,sample_8
gene_979,-4.12580578229296e-06,1,sample_8
gene_108,-0.000112461386619838,1,sample_8
gene_128,2.70112169990647e-06,1,sample_8
gene_279,-2.1490186371545e-06,1,sample_8
gene_363,9.25527824982836e-06,1,sample_8
gene_881,2.90013259112849e-06,1,sample_8
gene_756,2.50368738089879e-06,1,sample_8
gene_59,0.725140735528766,1,sample_8
gene_677,9.93154902806897e-06,0.983195819695024,sample_8
gene_819,7.38900771152421e-06,1,sample_8
gene_738,4.68536355114145e-06,1,sample_8
gene_476,9.19466113502204e-06,1,sample_8
gene_536,-2.24846226694496e-07,1,sample_8
gene_109,2.13561423711252e-06,1,sample_8
gene_726,8.20581471691523e-06,1,sample_8
gene_707,6.50102468883036e-06,1,sample_8
gene_598,7.32214916238653e-06,1,sample_8
gene_323,5.63812468841482e-06,1,sample_8
gene_243,2.0992110070058e-05,1,sample_8
gene_575,-8.96486176326834e-05,1,sample_8
gene_21,0.687707685808401,1,sample_8
gene_991,1.9883393551225e-06,1,sample_8
gene_569,1.4564040309327e-05,1,sample_8
gene_616,1.61794903752357e-06,1,sample_8
gene_612,-1.49904630986706e-06,1,sample_8
gene_973,7.19104019499619e-06,1,sample_8
gene_196,8.55989873799079e-06,1,sample_8
gene_479,0.000116641851916566,9.49339998710487e-05,sample_8
gene_400,8.09127409752948e-07,1,sample_8
gene_691,-4.15245232598131e-07,1,sample_8
gene_705,1.26753789988508e-06,1,sample_8
gene_84,-6.90865699197615e-08,1,sample_8
gene_613,5.11845138057231e-06,1,sample_8
gene_606,2.9775075254133e-06,1,sample_8
gene_254,4.53344974319827e-06,0.354215588764271,sample_8
gene_667,-2.13675774520114e-07,1,sample_8
gene_518,5.63181856150002e-07,0.955418072661225,sample_8
gene_204,7.26861288990452e-08,1,sample_8
gene_634,-2.38905074335915e-06,1,sample_8
gene_280,1.75851284462175e-06,1,sample_8
gene_306,2.28326847817769e-05,0.175949102339064,sample_8
gene_336,-6.41775983035028e-06,1,sample_8
gene_357,-2.14011441106295e-06,1,sample_8
gene_514,-1.38723128978655e-05,1,sample_8
gene_3,-3.01658731820731e-06,1,sample_8
gene_637,-6.39836659104747e-08,1,sample_8
gene_696,5.20211732202482e-06,1,sample_8
gene_605,1.26779752068303e-05,1,sample_8
gene_403,-5.07640480194233e-06,1,sample_8
gene_562,3.73799384595865e-06,0.266823846530677,sample_8
gene_273,5.47699068913493e-06,1,sample_8
gene_464,2.85815096657738e-08,1,sample_8
gene_968,1.09006886920092e-07,1,sample_8
gene_581,6.91289013804824e-07,1,sample_8
gene_946,2.62355919705688e-07,1,sample_8
gene_100,9.12993524288657e-07,1,sample_8
gene_329,-2.71807774778051e-08,1,sample_8
gene_366,-1.87849088630336e-06,0.231238944638973,sample_8
gene_693,1.1833837050239e-07,1,sample_8
gene_252,9.00483838057583e-06,1,sample_8
gene_939,1.00386822282852e-06,1,sample_8
gene_972,-6.28500439547435e-08,1,sample_8
gene_408,-2.4227441123429e-07,0.630550952486157,sample_8
gene_267,-1.79816209876396e-05,1,sample_8
gene_75,-7.17848473959559e-07,1,sample_8
gene_556,-8.26898328551663e-06,0.4520898827474,sample_8
gene_967,-8.16199357425171e-06,1,sample_8
gene_960,-6.95212649007696e-06,1,sample_8
gene_553,-9.2069225997992e-07,1,sample_8
gene_540,-2.24301671235564e-06,0.194975291240344,sample_8
gene_428,4.62915770592076e-06,1,sample_8
gene_767,7.87000009886e-06,1,sample_8
gene_459,-5.98061192606351e-06,0.0582330006472793,sample_8
gene_954,8.76486387131624e-06,1,sample_8
gene_121,-1.0359883161487e-05,1,sample_8
gene_48,8.50615256310782e-06,1,sample_8
gene_965,3.37405443390437e-07,1,sample_8
gene_812,7.44248407940084e-05,1,sample_8
gene_179,-3.50436506360577e-06,1,sample_8
gene_248,1.05042768655138e-06,1,sample_8
gene_167,-2.81127413535792e-07,1,sample_8
gene_624,6.99958448523698e-06,1,sample_8
gene_467,5.24206397317551e-07,1,sample_8
gene_290,-2.7979672628367e-06,0.86811027306689,sample_8
gene_516,-1.51091540176163e-06,1,sample_8
gene_22,-8.24940727353432e-06,1,sample_8
gene_435,-1.56768626152581e-06,0.0167082796765434,sample_8
gene_709,-1.72890156614068e-07,1,sample_8
gene_669,1.13622589063637e-06,1,sample_8
gene_101,-3.18860868994711e-08,1,sample_8
gene_763,9.25956964475257e-06,1,sample_8
gene_264,-1.35024627612265e-07,1,sample_8
gene_281,-1.71258419931815e-07,0.645499413904963,sample_8
gene_423,-2.6897058407414e-06,0.0572945617595948,sample_8
gene_998,-6.33797268922306e-07,0.231747957063695,sample_8
gene_495,-6.70910365170153e-06,1,sample_8
gene_159,-1.0007389456584e-06,1,sample_8
gene_806,-1.00580541062811e-06,0.876345875356513,sample_8
gene_714,-1.07048236135788e-05,1,sample_8
gene_18,2.56337778383685e-07,1,sample_8
gene_757,-3.24872072711088e-06,1,sample_8
gene_715,-3.57461955894434e-06,1,sample_8
gene_206,1.37214800878273e-05,0.737909882727397,sample_8
gene_358,-3.22326750357473e-07,0.994506873121242,sample_8
gene_525,1.28556243448189e-06,1,sample_8
gene_754,4.4505568078656e-06,1,sample_8
gene_673,9.89600152564418e-06,1,sample_8
gene_586,3.32070511702161e-05,1,sample_8
gene_345,1.36575908563921e-05,0.343796328627877,sample_8
gene_855,-2.14976608094317e-07,1,sample_8
gene_310,-5.00643208747426e-08,1,sample_8
gene_654,-6.48721926477369e-07,1,sample_8
gene_149,6.84489960909965e-06,1,sample_8
gene_234,1.55707978562436e-06,0.565591425076531,sample_8
gene_71,-1.00730646082353e-06,0.883432126142159,sample_8
gene_198,-1.0579968081265e-06,1,sample_8
gene_913,-3.04054209525094e-06,0.379468957089698,sample_8
gene_156,3.66807679228628e-06,1,sample_8
gene_33,-1.57912430315464e-06,0.682768068424599,sample_8
gene_317,-1.19442106457715e-06,0.985052817765139,sample_8
gene_961,-8.48470069997174e-07,0.000596134328572849,sample_8
gene_433,-1.58231529873073e-05,1,sample_8
gene_395,-3.29984731947676e-06,1,sample_8
gene_481,3.38002894374164e-06,1,sample_8
gene_642,-2.32469858398488e-06,1,sample_8
gene_321,-2.34084434239101e-06,0.0821583005129189,sample_8
gene_635,-5.31427092017783e-06,1,sample_8
gene_354,7.99967419141886e-07,1,sample_8
gene_831,1.13244430451635e-05,0.839532323754461,sample_8
gene_857,6.20806991471333e-06,0.893723027867437,sample_8
gene_722,-2.29266063321793e-06,0.829851337305663,sample_8
gene_282,-4.25324469741908e-06,0.0202206554163426,sample_8
gene_2,4.43079641131885e-06,0.741845170467132,sample_8
gene_890,5.14249203710194e-06,0.834813321855606,sample_8
gene_713,-3.93212493084826e-06,0.0673765102672237,sample_8
gene_168,-1.8314171031232e-06,0.119515407992926,sample_8
gene_82,4.03739738665287e-06,1,sample_8
gene_547,2.31844663250079e-07,0.972765833678086,sample_8
gene_874,6.95229370663704e-07,1,sample_8
gene_218,3.19635614790585e-08,1,sample_8
gene_486,-2.39605656683571e-07,1,sample_8
gene_917,7.10056192886769e-07,1,sample_8
gene_457,9.62564605332847e-07,1,sample_8
gene_602,-4.80485750188459e-06,1,sample_8
gene_724,-4.72166179953431e-06,1,sample_8
gene_766,6.3169045961133e-06,1,sample_8
gene_322,3.77739814981736e-06,1,sample_8
gene_46,1.59611717678916e-06,1,sample_8
gene_920,6.19553744750545e-05,1,sample_8
gene_172,-3.97879367259774e-06,0.292126546120869,sample_8
gene_401,-2.10688352929985e-05,1,sample_8
gene_895,0.000124819466115686,1,sample_8
gene_452,-1.51644248909613e-06,1,sample_8
gene_729,-2.88974872059804e-06,1,sample_8
gene_743,-4.25391391978203e-06,1,sample_8
gene_240,7.02799325717045e-06,1,sample_8
gene_300,6.06092718799572e-07,1,sample_8
gene_146,2.12639449285405e-06,1,sample_8
gene_730,1.23897123416076e-05,1,sample_8
gene_748,1.43183066765848e-05,1,sample_8
gene_293,3.32046172122764e-06,0.909732937179209,sample_8
gene_36,6.03250868842043e-06,0.867233117675188,sample_8
gene_576,1.78434769376093e-06,1,sample_8
gene_402,-5.61764768227207e-06,1,sample_8
gene_244,-1.77828772613528e-07,0.626208955771424,sample_8
gene_154,-1.4794033892471e-08,1,sample_8
gene_852,-1.04457221610483e-05,0.853560387013437,sample_8
gene_611,-1.87656340832526e-06,0.125248272151588,sample_8
gene_164,-6.51749355122822e-07,0.0902159753551027,sample_8
gene_524,-1.81972102431986e-06,0.69953951809743,sample_8
gene_538,-1.85088139709978e-06,0.803043671577531,sample_8
gene_429,-2.08560292429274e-07,1,sample_8
gene_316,1.56402079796446e-06,1,sample_8
gene_91,-4.58666500108278e-06,1,sample_8
gene_902,-2.98411086660454e-07,1,sample_8
gene_17,4.88690616518159e-07,1,sample_8
gene_593,-3.4474602772528e-06,1,sample_8
gene_629,-2.24962468512523e-06,1,sample_8
gene_519,0.614378762325911,1,sample_8
gene_263,-4.59314525536979e-06,1,sample_8
gene_493,1.05609875174595e-07,1,sample_8
gene_836,3.55242134264143e-06,1,sample_8
gene_892,-3.28531518066421e-06,0.00294363878513538,sample_8
gene_922,-7.9683813477808e-06,0.139426982633187,sample_8
gene_83,-2.65931362186848e-06,1,sample_8
gene_549,-1.68070967533749e-06,1,sample_8
gene_209,1.17812385865398e-06,0.94434478175551,sample_8
gene_269,-4.19095376821239e-06,1,sample_8
gene_695,-9.43603683435975e-06,0.163705998906366,sample_8
gene_406,2.01114160103015e-06,1,sample_8
gene_740,3.11379263410744e-06,1,sample_8
gene_727,4.98232079344552e-06,1,sample_8
gene_1000,7.6568543601119e-06,1,sample_8
gene_140,2.03961845946144e-06,1,sample_8
gene_219,6.13244439936903e-06,1,sample_8
gene_491,7.70991422247707e-06,1,sample_8
gene_262,-2.70580454760239e-06,0.82992639311888,sample_8
gene_564,-7.20281163119745e-07,0.00199681841387451,sample_8
gene_824,-4.090319850683e-05,1,sample_8
gene_643,-2.1320975077848e-06,0.434381609755822,sample_8
gene_120,2.02637648707687e-06,0.877242121046021,sample_8
gene_563,4.27049887283172e-06,1,sample_8
gene_768,-3.06502018988728e-07,1,sample_8
gene_558,-3.540625614027e-07,0.871163326598505,sample_8
gene_512,6.82422047401751e-06,1,sample_8
gene_147,1.5304277875804e-05,1,sample_8
gene_454,-4.371158909958e-05,1,sample_8
gene_744,-7.39326206792823e-07,1,sample_8
gene_477,-5.07433323021513e-06,0.231527812640184,sample_8
gene_25,1.51749808994216e-06,1,sample_8
gene_969,-0.000174068924219135,1,sample_8
gene_996,-6.50930796549206e-05,1,sample_8
gene_194,-4.20259390061343e-06,1,sample_8
gene_132,-4.13100088582096e-06,1,sample_8
gene_494,-6.75780363326127e-06,1,sample_8
gene_190,-2.86819608970295e-06,1,sample_8
gene_647,2.79403332810738e-05,1,sample_8
gene_463,-5.03789538292803e-06,1,sample_8
gene_222,-0.000516873441805841,0.357154645851191,sample_8
gene_492,-3.5003246816749e-06,1,sample_8
gene_656,1.11248726667072e-05,0.484769044980634,sample_8
gene_297,1.30380621392587e-07,1,sample_8
gene_785,-3.0138988091269e-06,1,sample_8
gene_86,-2.13465013946704e-06,0.566954947984919,sample_8
gene_770,4.2821806353754e-06,1,sample_8
gene_963,-2.60212278286094e-06,1,sample_8
gene_681,6.97818481589318e-07,1,sample_8
gene_362,6.81641835012605e-06,1,sample_8
gene_912,-1.2326445427249e-06,0.836018071562442,sample_8
gene_444,6.8167308598526e-06,1,sample_8
gene_897,1.18836610271649e-06,1,sample_8
gene_173,-3.35046430688598e-06,1,sample_8
gene_217,-1.13273830014993e-05,1,sample_8
gene_856,2.52185173601667e-06,1,sample_8
gene_679,-5.92698832104649e-06,1,sample_8
gene_257,3.6953783036199e-06,1,sample_8
gene_790,-3.23278758072184e-07,1,sample_8
gene_725,1.41520266116869e-06,1,sample_8
gene_807,-1.46275332730765e-06,1,sample_8
gene_45,1.8942993678462e-06,1,sample_8
gene_955,1.19438530949879e-06,1,sample_8
gene_687,6.02181415022438e-06,1,sample_8
gene_94,-2.01231719635657e-07,1,sample_8
gene_678,3.45387839297858e-07,1,sample_8
gene_490,1.39054867875466e-07,1,sample_8
gene_719,3.1050558696933e-06,0.743113289469451,sample_8
gene_947,4.33060411364716e-07,1,sample_8
gene_202,-2.5721830770392e-06,1,sample_8
gene_142,-1.13126517980629e-07,1,sample_8
gene_188,-4.21832760927533e-07,1,sample_8
gene_597,-1.7686777395394e-06,0.630230716887703,sample_8
gene_721,1.62039801527104e-07,1,sample_8
gene_504,-4.22428327072571e-06,1,sample_8
gene_13,-3.82042284473947e-07,1,sample_8
gene_682,1.00734131608463e-05,0.212003281741067,sample_8
gene_472,-6.56089281704594e-07,0.324986190379796,sample_8
gene_298,-4.77429140464354e-07,0.987494651535635,sample_8
gene_407,-4.32525980160554e-07,1,sample_8
gene_942,-9.6559844871438e-07,0.00255658724433898,sample_8
gene_795,-9.30819380407847e-07,1,sample_8
gene_571,-1.27536682037676e-06,1,sample_8
gene_675,-3.46476723968598e-07,0.113251232908914,sample_8
gene_557,1.20324206672268e-06,1,sample_8
gene_798,-1.02790232591444e-07,0.833218192526871,sample_8
gene_314,4.25315510837493e-06,0.0865094236610897,sample_8
gene_351,-4.73614452654027e-07,0.113279646118291,sample_8
gene_829,-2.62870032765678e-07,1,sample_8
gene_984,-1.55376106331872e-06,1,sample_8
gene_633,7.96570988380792e-06,0.555435663537903,sample_8
gene_728,-5.11160920862725e-06,0.0540018914828344,sample_8
gene_517,3.99618828632302e-06,1,sample_8
gene_274,-6.38272872230653e-06,1,sample_8
gene_552,-5.5586595935319e-06,1,sample_8
gene_341,-1.6628253872887e-06,0.615237435090499,sample_8
gene_96,-5.09319635137329e-06,0.207246370980935,sample_8
gene_80,5.04391037455724e-08,1,sample_8
gene_918,-3.95517031490237e-06,1,sample_8
gene_197,-4.93482619729073e-06,1,sample_8
gene_60,-1.72045177344842e-06,1,sample_8
gene_276,4.07462050569516e-06,1,sample_8
gene_5,1.32439114382579,0.187248241436359,sample_8
gene_841,1.17368712052618e-05,0.366394930654185,sample_8
gene_822,2.22680669255286e-05,1,sample_8
gene_475,-1.42483234429216e-05,1,sample_8
gene_775,-4.55260290643737e-06,1,sample_8
gene_278,1.92867478667949e-06,1,sample_8
gene_334,-1.3252257605842e-07,1,sample_8
gene_789,4.026585090715e-07,1,sample_8
gene_686,-8.48311562603074e-08,0.94436986264017,sample_8
gene_930,-0.000325111488068922,1,sample_8
gene_625,-1.33531395885472e-06,1,sample_8
gene_152,-1.00165460094282e-05,1,sample_8
gene_560,4.1456343377247e-06,1,sample_8
gene_347,1.14325821666195e-05,0.95872694978189,sample_8
gene_826,3.88815715377041e-05,1,sample_8
gene_621,3.72751409646477e-06,1,sample_8
gene_442,2.20894145826114e-06,1,sample_8
gene_216,-2.1364010216002e-07,1,sample_8
gene_924,3.34820460670654e-07,1,sample_8
gene_801,1.11451242077231e-06,1,sample_8
gene_537,3.39899007884106e-06,0.55589483998395,sample_8
gene_478,5.80556384984238,0.006196281004441,sample_8
gene_876,-8.54162422557394e-06,1,sample_8
gene_805,6.40059927250289e-06,1,sample_8
gene_447,6.00806085342504e-07,1,sample_8
gene_499,-1.06491921118539e-06,1,sample_8
gene_326,-1.5007793274669e-06,1,sample_8
gene_507,6.84256277261158e-06,0.330630657584746,sample_8
gene_97,3.21232186341513e-06,1,sample_8
gene_631,-1.66882431931664e-07,1,sample_8
gene_782,4.99179724876258e-06,1,sample_8
gene_415,1.35978834662148e-05,1,sample_8
gene_348,2.4425083997763e-06,1,sample_8
gene_414,1.97756947644398,0.0279817743711219,sample_8
gene_732,3.14804899151964e-06,1,sample_8
gene_79,1.07863895166236e-06,1,sample_8
gene_868,-1.41415042430851e-06,1,sample_8
gene_143,-4.90421756429241e-06,0.460806780056554,sample_8
gene_970,-2.81884320129801e-06,1,sample_8
gene_150,-2.22567336475527e-06,1,sample_8
gene_330,6.30576323675129e-06,1,sample_8
gene_19,2.43888225598965e-06,1,sample_8
gene_320,1.26577980774959e-06,1,sample_8
gene_131,5.57606163425393e-06,1,sample_8
gene_107,6.6683270470282e-06,1,sample_8
gene_241,-8.09560632878584e-07,0.317175000513961,sample_8
gene_510,4.3480382222319e-06,1,sample_8
gene_871,-2.02747628539602e-06,1,sample_8
gene_698,9.78905750930057e-06,1,sample_8
gene_877,-8.35730522861482e-06,0.587995186243451,sample_8
gene_193,-1.15893499425427e-06,1,sample_8
gene_566,1.68272455804876e-05,1,sample_8
gene_66,4.33059514003332e-06,1,sample_8
gene_40,2.44028815190546e-06,1,sample_8
gene_690,-1.73774517994755e-06,1,sample_8
gene_664,-1.74290718721062e-05,1,sample_8
gene_977,-5.20192632977439e-06,1,sample_8
gene_89,-3.65036556112739e-06,0.226814799983241,sample_8
gene_578,2.31030511240906e-06,1,sample_8
gene_177,2.09156588936804e-05,1,sample_8
gene_20,-1.87089853200221e-07,1,sample_8
gene_626,-7.71522785049221e-08,1,sample_8
gene_867,1.3877512562745e-05,1,sample_8
gene_872,-2.40020397913485e-07,1,sample_8
gene_933,-4.55896176324673e-08,1,sample_8
gene_520,-2.34154270167201e-06,1,sample_8
gene_915,2.37830676303626e-06,1,sample_8
gene_720,-6.21015769978926e-07,1,sample_8
gene_901,1.83022650420639e-06,1,sample_8
gene_405,-4.90016190137061e-06,1,sample_8
gene_68,-5.71181863663077e-07,1,sample_8
gene_542,-4.2293564255026e-07,0.339893650252341,sample_8
gene_251,-2.77097910737334e-06,0.897455955829878,sample_8
gene_229,-2.36902740194773e-06,1,sample_8
gene_392,4.69046445297116e-07,1,sample_8
gene_155,4.85987312228191e-06,1,sample_8
gene_432,4.68575243786635e-06,0.658709102298805,sample_8
gene_716,-1.96154468175438e-06,0.139646247956814,sample_8
gene_590,-3.99449969230964e-06,0.0412979311917912,sample_8
gene_658,9.04908087055996e-07,1,sample_8
gene_655,-1.02990462674577e-06,0.960950910751415,sample_8
gene_439,-4.71517252843689e-07,1,sample_8
gene_843,1.38247528060093e-06,1,sample_8
gene_987,9.86400921024397e-06,1,sample_8
gene_898,2.27001201692867e-07,1,sample_8
gene_372,-2.75517471064399e-07,1,sample_8
gene_834,-1.49236553821529e-06,1,sample_8
gene_370,1.4390179617485e-06,1,sample_8
gene_982,-2.56385891299408e-06,0.464558368323918,sample_8
gene_199,-1.1543466151571e-07,1,sample_8
gene_182,2.21390506788722e-05,1,sample_8
gene_936,6.27219036330251e-07,1,sample_8
gene_410,-4.10380073941641e-08,1,sample_8
gene_420,3.56965231373755e-05,1,sample_8
gene_827,-4.19876237910127e-06,1,sample_8
gene_746,-6.21882588728989e-06,1,sample_8
gene_158,1.79555425399622e-06,1,sample_8
gene_958,1.609823756564e-07,1,sample_8
gene_157,-1.21465874994687e-06,1,sample_8
gene_338,1.1792366552311e-06,1,sample_8
gene_185,3.17315000557647e-06,1,sample_8
gene_835,1.21896751723237e-05,0.336066214608659,sample_8
gene_224,1.03126693999393e-05,1,sample_8
gene_916,-6.69123152689967e-07,0.124577708360351,sample_8
gene_661,1.04430392463869e-06,0.850634719443132,sample_8
gene_166,5.17674970255921e-07,1,sample_8
gene_848,7.22254069357769e-07,1,sample_8
gene_377,-9.55655045659866e-06,1,sample_8
gene_480,1.9238044069518e-05,1,sample_8
gene_591,-9.18064176505196e-07,1,sample_8
gene_859,1.36420106266156e-06,1,sample_8
gene_340,5.73811289069669e-06,1,sample_8
gene_309,-7.39173968956194e-07,1,sample_8
gene_64,2.9227188199672e-06,1,sample_8
gene_731,-1.48990926630781e-07,1,sample_8
gene_367,-4.0522847164705e-06,1,sample_8
gene_65,-3.01706641277746e-07,1,sample_8
gene_63,7.69070258503834e-06,1,sample_8
gene_489,7.2452851333494e-07,1,sample_8
gene_98,3.41219362171678e-06,1,sample_8
gene_88,-2.18685959640471e-05,1,sample_8
gene_953,-2.6384638406714e-07,1,sample_8
gene_117,1.00179393435188e-05,0.800136929353442,sample_8
gene_609,1.15600237940323e-05,1,sample_8
gene_854,-1.68969777815543e-06,0.222343652205829,sample_8
gene_247,2.6843264390727e-06,1,sample_8
gene_352,1.27235777191039e-05,1,sample_8
gene_521,2.25553530440303e-06,1,sample_8
gene_462,-5.09241914109462e-07,1,sample_8
gene_665,4.3177758371656e-07,0.572623282861835,sample_8
gene_944,5.03721025327262e-06,1,sample_8
gene_181,5.14158325999806e-06,1,sample_8
gene_773,-3.47813442021649e-06,1,sample_8
gene_346,7.08969999801193e-06,1,sample_8
gene_529,-3.7590332382528e-08,1,sample_8
gene_245,-5.46963022133566e-06,1,sample_8
gene_6,1.24956410686258e-05,1,sample_8
gene_733,-5.13219937934236e-06,0.513025738208037,sample_8
gene_239,-3.27042395855752e-07,0.946302671932832,sample_8
gene_932,-3.58091250524327e-06,1,sample_8
gene_335,-1.68303469421982e-06,1,sample_8
gene_28,-5.81796482232902e-06,1,sample_8
gene_515,-2.30816326898685e-06,1,sample_8
gene_630,-1.82088246143545e-05,1,sample_8
gene_758,-5.68801643554122e-06,1,sample_8
gene_741,-8.432623344077e-06,1,sample_8
gene_783,-2.4520036379054e-06,1,sample_8
gene_394,2.99330606421987e-06,1,sample_8
gene_332,-0.000224464664398181,1,sample_8
gene_833,1.04320607382365e-06,1,sample_8
gene_745,1.12421365487443e-05,1,sample_8
gene_383,-8.2535810922395e-07,0.931652576535983,sample_8
gene_430,-8.77353804378116e-07,1,sample_8
gene_882,1.22967962489533e-05,1,sample_8
gene_573,1.58683187198373e-06,1,sample_8
gene_779,-2.08443541127618e-06,1,sample_8
gene_496,-7.4834218285544e-07,0.881933204411146,sample_8
gene_307,1.40596396613546e-05,0.580311201816853,sample_8
gene_769,-6.25726850385415e-06,1,sample_8
gene_437,4.92006143751812,0.0264139480019912,sample_8
gene_381,-7.82262224406943e-06,1,sample_8
gene_78,4.58248147140887e-06,1,sample_8
gene_792,-1.89725820270599e-07,1,sample_8
gene_555,-4.40349439619266e-06,1,sample_8
gene_51,-3.11722773554456e-06,1,sample_8
gene_813,-1.6689056175514e-06,1,sample_8
gene_375,4.63040951806545e-05,1,sample_8
gene_689,2.21180212021991e-05,0.532706764274717,sample_8
gene_487,6.80120722684979e-06,1,sample_8
gene_44,0.000100723407843842,1,sample_8
gene_645,1.55666251358451e-06,1,sample_8
gene_500,1.15379869097632e-05,1,sample_8
gene_896,-5.44539926499885e-06,0.24005081013275,sample_8
gene_860,-4.23607962569537e-07,1,sample_8
gene_174,6.83170396037515e-06,1,sample_8
gene_528,3.14834780373298e-06,1,sample_8
gene_886,-1.04088353128554e-06,0.586088487163196,sample_8
gene_668,6.31845511351133e-06,1,sample_8
gene_710,-2.8131445505144e-06,1,sample_8
gene_305,-1.2697252357711e-05,1,sample_8
gene_122,-1.0444128731649e-06,0.100470033300022,sample_8
gene_820,-2.17998662715804e-05,0.533034688460691,sample_8
gene_210,-2.70029621217519e-06,1,sample_8
gene_884,-4.87063706838482e-06,1,sample_8
gene_580,7.72402551059758e-06,0.321034145708271,sample_8
gene_929,-2.2562432717555e-06,1,sample_8
gene_530,-1.15687601407569e-06,0.0297466093535354,sample_9
gene_683,-1.196953941091e-06,1,sample_9
gene_928,4.85420120940571e-06,0.246483219935248,sample_9
gene_793,1.43559769563858e-07,1,sample_9
gene_258,-9.69809458894486e-06,0.131858276327294,sample_9
gene_941,-2.14534848402581e-05,1,sample_9
gene_92,-1.40891604193156e-06,0.545010837591495,sample_9
gene_809,7.35173575779793e-06,1,sample_9
gene_106,1.54820889537287,0.0184159732823885,sample_9
gene_376,-9.08826737414716e-06,1,sample_9
gene_189,1.29321541772669e-05,1,sample_9
gene_386,-2.95307713766469e-06,0.00123611573385999,sample_9
gene_873,7.72338470980331e-06,0.140563785854723,sample_9
gene_52,4.38231464042011,0.0562884440892825,sample_9
gene_485,-5.90945569253174e-07,0.703017363054918,sample_9
gene_69,1.44502013612558,0.048056019172657,sample_9
gene_910,9.67735130658216e-06,1,sample_9
gene_994,3.15426423765751e-09,1,sample_9
gene_228,-1.82496554838478e-07,1,sample_9
gene_225,-4.45422278972222e-07,0.0110905808141085,sample_9
gene_130,-4.42440385265959e-07,1,sample_9
gene_879,3.03293883765129e-06,1,sample_9
gene_657,-1.03319201746057e-06,0.85218804269124,sample_9
gene_765,-9.5547334315485e-07,1,sample_9
gene_800,-1.03419708163265e-06,0.0110625112516105,sample_9
gene_788,1.93881432651332e-07,1,sample_9
gene_706,-1.88427881245238e-06,0.26370723802948,sample_9
gene_975,7.6167572727816e-06,0.234835215934485,sample_9
gene_359,2.53071492664706,0.00307689429355973,sample_9
gene_583,-1.08121740945512e-06,1,sample_9
gene_230,-1.1620148013916e-06,0.964863181883456,sample_9
gene_839,-6.24370554813503e-06,0.00396563955497138,sample_9
gene_523,1.08264613153227e-05,1,sample_9
gene_676,1.39201639836662e-06,0.724790953862557,sample_9
gene_506,-1.03966029193742e-07,0.884893668444203,sample_9
gene_508,-2.28142289315713e-06,1,sample_9
gene_214,-4.81557644942706e-06,2.73090034228019e-22,sample_9
gene_178,0.000112958008611723,1,sample_9
gene_327,1.27490550672815e-07,1,sample_9
gene_940,-8.17279670052955e-06,1,sample_9
gene_27,-6.58135534179711e-06,1,sample_9
gene_526,-7.66165607492535e-08,1,sample_9
gene_291,1.86735163957717e-07,1,sample_9
gene_513,2.57472356682957e-05,1,sample_9
gene_192,-1.68485161593532e-06,1,sample_9
gene_438,-5.15779425757533e-06,0.000698908990599749,sample_9
gene_350,-3.08270815709619e-06,1,sample_9
gene_378,1.77731600665969e-05,1,sample_9
gene_138,-5.40414421746686e-06,0.0204341248936202,sample_9
gene_750,3.14136506676054,0.00091402248095983,sample_9
gene_708,3.9440561354674,0.00329406564526145,sample_9
gene_12,4.88410633661158e-06,1,sample_9
gene_47,2.36529703998041,2.44122216423019e-05,sample_9
gene_880,7.6439895107713e-06,0.134148239376288,sample_9
gene_781,-6.74903917791003e-06,1,sample_9
gene_451,2.76838572810393,5.29487882644569e-06,sample_9
gene_456,7.7761527224381e-06,1,sample_9
gene_764,2.47208904891093,0.00435963829292138,sample_9
gene_113,2.21608296115966,0.00475478798700267,sample_9
gene_133,3.00665962533487e-06,0.641596306434763,sample_9
gene_126,-1.91543317598502e-05,9.27763922153267e-16,sample_9
gene_421,1.26718409822083e-05,1,sample_9
gene_62,-3.45268191471175e-08,1,sample_9
gene_810,2.55620106231705e-06,0.404573593517949,sample_9
gene_175,-1.96595056200923e-06,1,sample_9
gene_443,-3.45323435706043e-06,0.188606526385722,sample_9
gene_701,-6.85490792806327e-06,0.393263968380123,sample_9
gene_825,-3.24827233341768e-06,0.191548240372618,sample_9
gene_103,-1.06395774461563e-05,1,sample_9
gene_838,8.57717052283491e-06,1,sample_9
gene_777,3.70528311819313,0.0157983692844387,sample_9
gene_38,6.03681449471123e-06,0.375386418969939,sample_9
gene_894,-5.02614353964062e-06,1,sample_9
gene_821,-1.63360978417269e-06,0.515020942826764,sample_9
gene_324,-8.02802851237952e-06,0.408588556998465,sample_9
gene_875,-8.29965872022891e-06,2.94511307255917e-10,sample_9
gene_238,8.7219662419877e-06,0.50344353873559,sample_9
gene_723,-1.21607482851498e-05,0.592397846183155,sample_9
gene_455,1.37977987951739e-05,1,sample_9
gene_670,-1.06050538781808e-05,1,sample_9
gene_163,2.83296647744393e-06,0.759806531430101,sample_9
gene_339,-3.93366649286733e-06,1,sample_9
gene_11,2.6147238568319e-06,1,sample_9
gene_522,-1.06938545908308e-06,0.540707050411713,sample_9
gene_255,-9.04180542164837e-06,0.0763992148189238,sample_9
gene_129,2.71452674082316e-06,0.511793511464264,sample_9
gene_286,2.63378912025311e-06,1,sample_9
gene_85,-5.68416044335558e-06,1,sample_9
gene_76,-2.73963001753773e-06,0.318500737075402,sample_9
gene_712,1.30449370688087,0.182516061169197,sample_9
gene_891,2.05450708024358,0.00421903937577669,sample_9
gene_136,4.59270252682889e-06,1,sample_9
gene_384,-2.24296292914906e-06,1,sample_9
gene_440,1.58453910245559,0.044144624343216,sample_9
gene_851,-2.40650866697989e-06,0.0184166879746915,sample_9
gene_799,3.33377393124558e-06,1,sample_9
gene_461,-3.29781612674485e-05,1,sample_9
gene_221,-1.00869584392308e-05,1,sample_9
gene_141,-1.00467387189643e-05,0.103968082766162,sample_9
gene_302,-3.44192097260131e-06,1,sample_9
gene_964,4.82526309110107e-06,1,sample_9
gene_235,-1.02812118459676e-06,0.0604140460055114,sample_9
gene_469,-1.32735873247269e-06,0.0523134368457919,sample_9
gene_369,4.34224758329766e-06,1,sample_9
gene_784,3.16727026313203e-06,1,sample_9
gene_546,-2.02455072975621e-07,1,sample_9
gene_77,3.30270007605763e-06,0.439930928696079,sample_9
gene_797,2.33505221417473,0.0400947005574467,sample_9
gene_211,3.09894842184307,0.0002022715898468,sample_9
gene_849,-5.59675576528666e-07,1,sample_9
gene_215,5.2169955164823,1.35811290177436e-12,sample_9
gene_992,3.94234216912145e-06,0.964788894861725,sample_9
gene_883,-4.59519701859994e-06,0.834837214128543,sample_9
gene_995,-2.32964925583354e-06,1,sample_9
gene_641,-6.54081142952925e-06,0.51667378845425,sample_9
gene_622,1.62623445517259e-05,1,sample_9
gene_95,1.16136661796381e-05,0.182699775927042,sample_9
gene_287,-4.52673517769492e-06,1,sample_9
gene_256,1.55021966388346e-05,1,sample_9
gene_333,2.40229201418606,3.59888445379444e-05,sample_9
gene_651,1.3325347630053e-05,1,sample_9
gene_349,1.17254313287047,0.289989716981622,sample_9
gene_1,2.3248526290102e-05,1,sample_9
gene_473,1.2125672962119e-05,0.939358284482768,sample_9
gene_680,1.77537933344394e-05,1,sample_9
gene_532,3.68174106556677e-06,0.840367039820654,sample_9
gene_285,4.12844267262617e-06,0.871561083191552,sample_9
gene_365,6.29151600353072e-08,1,sample_9
gene_608,2.72861189093973e-08,1,sample_9
gene_615,-5.42434514083407e-06,0.184001367485441,sample_9
gene_53,-3.12156675154119e-07,1,sample_9
gene_588,-1.27420812781608e-06,0.150244503724431,sample_9
gene_201,2.43595774012394,0.0214105713154589,sample_9
gene_672,3.76890185410748,0.00670036933958538,sample_9
gene_265,2.41329643659372e-06,1,sample_9
gene_119,2.6620695524423,0.0212256427219119,sample_9
gene_908,-4.36868147798279e-07,0.492779648182732,sample_9
gene_441,3.5476902718604,0.00078039403381559,sample_9
gene_275,-5.70049978150855e-06,1,sample_9
gene_718,8.20948266753107e-06,1,sample_9
gene_943,5.00007982403568e-06,1,sample_9
gene_34,1.35064746159149e-05,0.183698603674431,sample_9
gene_7,3.19648008007222e-06,0.754917139396593,sample_9
gene_125,5.49675919433448e-06,0.941824472352271,sample_9
gene_250,9.64024886069383e-06,1,sample_9
gene_842,1.03770987809046e-05,1,sample_9
gene_511,9.08440616750846e-06,1,sample_9
gene_957,1.82485672518641e-06,0.762685163448287,sample_9
gene_116,5.85065849641083e-06,1,sample_9
gene_888,-2.15927731573412e-07,1,sample_9
gene_391,6.5104228721275,7.39454233475985e-09,sample_9
gene_749,8.91069993206386e-07,0.87723489129039,sample_9
gene_704,9.11271243996178e-07,0.993832430628164,sample_9
gene_137,3.7891452323746,0.000370665845178938,sample_9
gene_905,4.56653107149813,0.000715449582962234,sample_9
gene_81,-5.9853976630478e-07,0.0432665527122851,sample_9
gene_283,4.05085443779349e-06,0.99077144316945,sample_9
gene_425,1.66360740647158e-05,0.439899633686534,sample_9
gene_938,-1.80730392711626e-06,1,sample_9
gene_737,-6.42994871723225e-06,0.12298007848251,sample_9
gene_666,2.38171207607872,0.000200225107983458,sample_9
gene_937,3.13772563022789,7.8709262736964e-05,sample_9
gene_700,3.82360294230474e-06,1,sample_9
gene_388,-7.34128748544792e-06,0.629985179426242,sample_9
gene_554,-4.66839011156281e-05,1,sample_9
gene_533,1.70699526961602,0.046697187059629,sample_9
gene_259,1.06820432279154e-05,1,sample_9
gene_945,1.10067652581918,0.402020977313577,sample_9
gene_231,2.7748857191395e-06,1,sample_9
gene_711,6.26193763287941e-05,1,sample_9
gene_72,-4.18121674159713e-06,1,sample_9
gene_39,5.40479934577459e-06,1,sample_9
gene_90,1.72727963942597,0.0275273385705586,sample_9
gene_535,7.51740062766209e-06,1,sample_9
gene_337,1.7318287539493,8.02741175052713e-05,sample_9
gene_118,-2.05784209803636e-06,1,sample_9
gene_356,-6.73491074073178e-06,0.000920472066362295,sample_9
gene_23,7.75465634522795e-06,1,sample_9
gene_599,-7.15397000182939e-06,1,sample_9
gene_935,-1.10376695278895e-05,0.0538062976162765,sample_9
gene_911,-7.95149306519182e-06,1,sample_9
gene_885,4.2822298710077e-06,0.231180862622055,sample_9
gene_570,-6.01833089002671e-07,1,sample_9
gene_956,-6.8273514920743e-09,1,sample_9
gene_318,-6.23999871664505e-06,1,sample_9
gene_70,-1.48755276570436e-08,1,sample_9
gene_170,3.42924841678179e-06,1,sample_9
gene_417,-6.56175421132835e-06,1,sample_9
gene_921,-3.61856060240626e-06,1,sample_9
gene_864,1.87730624078618,0.0141101846060068,sample_9
gene_703,1.42535545632131e-05,1,sample_9
gene_471,-1.69718782551119e-05,1,sample_9
gene_585,-2.04970831810677e-05,0.0898356362766143,sample_9
gene_832,3.32094440523731e-06,0.856099929732706,sample_9
gene_404,-0.000270244503392498,1,sample_9
gene_850,-4.23773791604704e-06,0.88662921453001,sample_9
gene_559,-8.43618680451318e-06,1,sample_9
gene_364,1.74435836828434e-06,1,sample_9
gene_846,-6.12711884375576e-06,1,sample_9
gene_148,3.35684698504712e-07,1,sample_9
gene_139,2.05937413467832,0.000557992825444893,sample_9
gene_592,-1.03111992205988e-05,0.383718016712495,sample_9
gene_853,-1.66154725087566e-06,0.168796729705204,sample_9
gene_32,-1.06575995984874e-05,0.966576777845018,sample_9
gene_169,-1.84769090384397e-06,1,sample_9
gene_186,1.713255102828,0.00390513869877546,sample_9
gene_115,-1.03629790566653e-05,0.878006398174,sample_9
gene_966,9.95737857877571e-07,1,sample_9
gene_509,8.83072612120852e-06,1,sample_9
gene_650,0.857296182238602,1,sample_9
gene_699,2.06900885435021,2.60520339799083e-05,sample_9
gene_539,1.8321336007186,0.00992429326457344,sample_9
gene_294,-1.93215868866135e-06,1,sample_9
gene_503,-3.11604988028582e-06,1,sample_9
gene_448,1.67447012135682,0.0231098938477255,sample_9
gene_419,-4.66072202363539e-06,1,sample_9
gene_9,2.54027695422182e-06,1,sample_9
gene_246,2.18574573094679e-06,1,sample_9
gene_482,1.43752425858784e-06,1,sample_9
gene_191,1.45268606601413,0.0351262863783721,sample_9
gene_180,2.802122929353e-07,1,sample_9
gene_640,1.45840666570567,0.0897848209216238,sample_9
gene_413,-5.43240826069624e-07,1,sample_9
gene_607,1.74180106802626,0.0972543410871894,sample_9
gene_817,-4.67530775044548e-06,0.256916608726923,sample_9
gene_925,1.33610784696363e-06,1,sample_9
gene_919,-7.76589140155271e-06,0.0285287170073442,sample_9
gene_568,-4.7189771434995e-06,1,sample_9
gene_614,-1.24220355257409e-06,1,sample_9
gene_296,0.000391682341150068,1,sample_9
gene_550,-2.34908177554287e-06,0.164697371070151,sample_9
gene_468,4.90760796412789e-06,0.412408986538432,sample_9
gene_786,1.72620782874015e-07,1,sample_9
gene_277,-3.00633808870211e-06,1,sample_9
gene_830,-2.1059864728672e-06,1,sample_9
gene_271,-2.39957196375194e-06,1.86928410791163e-10,sample_9
gene_923,-3.23519324467531e-06,1,sample_9
gene_208,1.98431465997339,0.00126448412235471,sample_9
gene_328,1.93234362869206,0.0572077309464226,sample_9
gene_900,8.52248833685745e-06,0.6653742742863,sample_9
gene_50,9.41413390824162e-06,0.677583588372717,sample_9
gene_153,-4.87912269606433e-06,0.274199118331484,sample_9
gene_203,-2.03478363333408e-05,1,sample_9
gene_41,2.81137340101228,0.0194690161739051,sample_9
gene_312,-8.29704495040568e-07,1,sample_9
gene_450,-1.73141918616953e-06,0.940486848083715,sample_9
gene_266,4.50799512796474,1.68353871037926e-06,sample_9
gene_87,7.27636043916197,2.96026075756831e-09,sample_9
gene_978,5.87596860329789e-06,1,sample_9
gene_907,1.16896560583568e-06,1,sample_9
gene_58,3.89731768313519,0.0041942155258335,sample_9
gene_30,8.1370688729837e-06,0.0077638860750644,sample_9
gene_37,1.84631625934015e-05,1,sample_9
gene_971,-5.4477094034794e-06,1,sample_9
gene_24,-2.11635269163623e-06,1,sample_9
gene_427,-4.67685823334704e-07,0.0165608735899153,sample_9
gene_649,5.44381443859676e-06,1,sample_9
gene_396,-1.00712201712313e-06,0.120490568578738,sample_9
gene_374,-1.01011568514908e-06,0.0173225914734241,sample_9
gene_61,-1.12064707477857e-05,1,sample_9
gene_534,1.62525457996476e-05,0.273346248997658,sample_9
gene_951,7.40482679180804e-06,0.925704503031462,sample_9
gene_460,1.20959999397654,0.147179878223533,sample_9
gene_717,4.60893577785378e-06,1,sample_9
gene_653,-6.16865014224842e-07,1,sample_9
gene_361,1.70399730352309e-05,0.674477241601435,sample_9
gene_815,2.56629905420062,9.87630564052286e-06,sample_9
gene_14,1.67352060935874e-05,0.00531324276042313,sample_9
gene_600,-3.2903386527984e-06,0.00189210309870172,sample_9
gene_371,-1.14219345284888e-06,0.00109805914549877,sample_9
gene_531,-3.31526928122778e-08,1,sample_9
gene_999,-9.59621761970741e-06,0.00121532515045784,sample_9
gene_497,1.19426947718739,0.267697789974018,sample_9
gene_434,1.21559295204169e-05,0.990084951923639,sample_9
gene_304,2.13892887019127e-05,1,sample_9
gene_134,-8.22195368856437e-06,0.0111388179375342,sample_9
gene_778,-7.48281149801498e-06,0.00144276816311447,sample_9
gene_232,-6.81095947478705e-06,0.424203906356624,sample_9
gene_289,-3.79549992615927e-06,1,sample_9
gene_387,-8.65833556724618e-07,0.138334918396131,sample_9
gene_791,-1.28678672018908e-06,2.043764302251e-07,sample_9
gene_702,-4.42228240836711e-07,1,sample_9
gene_135,-1.38835795671115e-05,0.012916484779972,sample_9
gene_662,-1.67267963275677e-06,1,sample_9
gene_488,5.51664181656869e-06,1,sample_9
gene_543,3.26798264308879,0.0127216001021479,sample_9
gene_10,3.33775284823708,0.000404603434708974,sample_9
gene_986,2.5641566651642e-06,1,sample_9
gene_411,1.65451563882732e-06,1,sample_9
gene_993,1.44055489463972,0.0721080807896178,sample_9
gene_29,2.86322291273121e-06,0.994029586372372,sample_9
gene_161,-5.74639889487425e-06,0.0487492870950439,sample_9
gene_67,-1.20998445116418e-06,0.102039087758415,sample_9
gene_416,-6.89981053952226e-07,0.0697695575598329,sample_9
gene_26,-6.67522617388891e-06,0.0211227324841345,sample_9
gene_35,1.04499010873132e-05,1,sample_9
gene_659,2.49057842689975e-06,1,sample_9
gene_684,-2.08651308598956e-05,0.00128353467098936,sample_9
gene_311,-6.66571129810881e-07,1,sample_9
gene_195,-2.55505775080816e-06,0.512770247194018,sample_9
gene_589,1.35819198658317e-05,0.35793874846312,sample_9
gene_974,3.42221037337674,1.9075716191969e-05,sample_9
gene_453,2.9092946612616,2.39311213190463e-06,sample_9
gene_582,9.31752377859059e-07,1,sample_9
gene_617,-1.45057817519904e-06,0.0018622335178285,sample_9
gene_804,-4.77534873713686e-07,1,sample_9
gene_102,2.69925097308372e-06,0.177752344043687,sample_9
gene_15,-2.83005704708093e-07,0.937679861640803,sample_9
gene_780,-7.62679036569183e-07,0.877255617569081,sample_9
gene_794,-4.17863706529042e-07,1,sample_9
gene_207,-2.70618269074573e-06,0.481303933484369,sample_9
gene_811,2.51441255216635e-07,1,sample_9
gene_236,1.57295522057234e-06,0.806902308158923,sample_9
gene_671,-6.03507546961407e-07,0.642973073697712,sample_9
gene_544,-2.44099073780749e-05,9.31682138292171e-05,sample_9
gene_315,3.22466342456258,0.00998052306438737,sample_9
gene_227,-2.57725706403747e-06,0.000957331235881885,sample_9
gene_295,-9.33039862400408e-05,0.32207267322858,sample_9
gene_685,-4.79479242823406e-06,1,sample_9
gene_483,-4.74528718691566e-06,1,sample_9
gene_424,-2.18744003104465e-06,1,sample_9
gene_301,5.14314508261591e-07,1,sample_9
gene_249,4.85053380573837e-06,0.478714154289442,sample_9
gene_548,1.74432821153344e-06,0.762776512369683,sample_9
gene_688,6.22843607956078e-06,0.258665754270728,sample_9
gene_74,1.79825068590452,0.00225127585784014,sample_9
gene_445,-9.05651408243841e-07,0.154314435143378,sample_9
gene_412,-5.90867571100932e-06,1,sample_9
gene_145,3.19580353875148e-05,1,sample_9
gene_774,3.718393263701e-06,1,sample_9
gene_823,-1.7913945876801e-06,0.0566954412662846,sample_9
gene_694,1.30573079230424e-06,1,sample_9
gene_906,9.87911719281648e-07,1,sample_9
gene_56,1.24587891371099e-05,0.373476978679416,sample_9
gene_162,-6.07001103705584e-07,0.0127091430297505,sample_9
gene_176,-1.88660713285612e-07,1,sample_9
gene_565,-3.53412791953482e-05,1,sample_9
gene_914,-4.86984998813246e-06,0.167408823698135,sample_9
gene_865,8.8614535709188e-06,1,sample_9
gene_926,-8.1998939734904e-06,0.22356540134939,sample_9
gene_398,1.7360555078504,0.00982822054651055,sample_9
gene_840,2.59023180078222e-05,1,sample_9
gene_418,4.38845602324027e-06,1,sample_9
gene_796,2.98015014383391e-06,1,sample_9
gene_409,7.52560719736433e-06,1,sample_9
gene_803,3.09085939712598e-06,1,sample_9
gene_909,-1.78956009756421e-06,1,sample_9
gene_899,1.26953388082472e-06,0.801220280435846,sample_9
gene_502,-4.47759783874787e-06,1,sample_9
gene_985,-7.59505347015273e-06,1,sample_9
gene_160,-7.21963075193498e-07,0.739467932131225,sample_9
gene_308,-2.62166545411637e-06,1,sample_9
gene_390,2.73638796000879,0.0204404578222206,sample_9
gene_952,1.45012642187414e-06,1,sample_9
gene_260,4.96469815462881,0.00347494841716898,sample_9
gene_54,2.65698728438815e-06,0.212122651368208,sample_9
gene_663,1.99663574111192,0.0345750614325123,sample_9
gene_959,2.04078699974909,0.00163777296340147,sample_9
gene_931,3.80430793112221,0.000887228646970331,sample_9
gene_648,2.2969502507897,0.0165240262080017,sample_9
gene_660,2.17989987857465e-06,0.697187940974176,sample_9
gene_596,1.63905245484885e-06,1,sample_9
gene_739,8.95685408815121e-07,0.547791059387366,sample_9
gene_187,8.85810780095783e-07,1,sample_9
gene_313,2.24636787009999e-06,0.304608769448472,sample_9
gene_541,2.2931670041217,0.0729117297872912,sample_9
gene_422,-3.56110315155897e-09,1,sample_9
gene_577,4.70517321098566e-07,0.670649755010857,sample_9
gene_772,7.99646743669351e-07,0.782777689227998,sample_9
gene_353,5.16332934550175,0.00873609818382893,sample_9
gene_639,-4.79058794756087e-08,1,sample_9
gene_331,2.45834140987021e-06,0.219173085049737,sample_9
gene_646,-2.63661316909954e-07,0.672410272520876,sample_9
gene_342,-1.44572079233245e-08,1,sample_9
gene_16,5.14718173353052e-06,0.252483704722226,sample_9
gene_776,3.85108801481962e-06,0.0554769336088963,sample_9
gene_845,4.50166569296842e-06,0.110897398634414,sample_9
gene_200,-4.06843927705613e-07,1,sample_9
gene_184,-9.8053635086696e-08,1,sample_9
gene_755,1.04353135329191e-06,0.725534234930699,sample_9
gene_466,8.55317245595659e-07,0.964694804292627,sample_9
gene_299,-1.16237922668216e-08,1,sample_9
gene_379,4.50558630461836,3.61758511241435e-07,sample_9
gene_355,3.37254665336651,0.0100811520528855,sample_9
gene_762,1.75092614578281e-06,0.230132500018145,sample_9
gene_584,2.06609610596842e-06,0.286032529237357,sample_9
gene_572,2.17195840686948e-06,0.272789497096017,sample_9
gene_595,6.03631788011782e-06,0.0858401152834139,sample_9
gene_610,-4.58456545667406e-08,1,sample_9
gene_484,2.13786904263368e-07,0.887578909484186,sample_9
gene_869,3.73934066661714e-06,0.200412417517036,sample_9
gene_458,2.59921880460311,0.00299173640615403,sample_9
gene_753,-0.000201601020850004,0.163681549309521,sample_9
gene_4,6.57969148041927e-06,1,sample_9
gene_253,1.917316289941,3.83471426235656e-05,sample_9
gene_144,0.631422554687672,1,sample_9
gene_561,3.91819666397167e-06,1,sample_9
gene_742,3.35474649661516e-05,0.472519208719261,sample_9
gene_636,-3.86774356101605e-06,0.123570707057035,sample_9
gene_989,-7.98141810260342e-06,0.341562275340267,sample_9
gene_501,-3.44833462804266e-06,0.0605749174783768,sample_9
gene_863,-8.1279568029175e-06,0.0103332752428583,sample_9
gene_449,-1.2814134042375e-06,1,sample_9
gene_288,-4.75457264420367e-06,0.0592336593622831,sample_9
gene_99,-2.88781435126201e-06,7.67877033766018e-06,sample_9
gene_761,-2.66439137460795e-06,0.165305443893598,sample_9
gene_844,-1.73180307173304e-06,0.672888507190552,sample_9
gene_57,-9.39730471800162e-07,0.549670660031105,sample_9
gene_114,2.75538426683415,0.000441046667508516,sample_9
gene_111,-3.50083779146343e-06,0.0434485959675946,sample_9
gene_816,3.82597670789962,1.98271492796952e-05,sample_9
gene_233,2.33930138202684e-06,0.476934217877534,sample_9
gene_870,2.52737412887258e-06,1,sample_9
gene_124,-1.18533501379073e-06,1,sample_9
gene_104,-2.18542649485474e-06,0.345532174518748,sample_9
gene_618,-2.42568860690735e-07,0.00359549960279631,sample_9
gene_587,-1.33026006976075e-07,1,sample_9
gene_990,8.33927472080415e-06,1,sample_9
gene_373,-6.9321473241327e-06,1,sample_9
gene_861,2.30683052766364,0.01098466596386,sample_9
gene_697,1.46605075358452,0.052984165828027,sample_9
gene_213,1.30110821738866e-05,1,sample_9
gene_735,3.13734089240408,0.00772153756512063,sample_9
gene_981,2.64713817619482,0.0113714878862522,sample_9
gene_93,1.78774805804366e-05,0.847380922877219,sample_9
gene_950,2.82414869250455e-06,1,sample_9
gene_465,6.96732023453125e-06,1,sample_9
gene_212,7.04529716723579e-06,0.992406168691476,sample_9
gene_237,1.63168061564228e-06,1,sample_9
gene_49,2.82633258104719e-06,0.588591187980913,sample_9
gene_183,-3.13797767807549e-07,0.898313096413807,sample_9
gene_759,1.2454113733083e-06,0.0207363489949808,sample_9
gene_344,-6.20808630919219e-06,1,sample_9
gene_887,1.61298488397273e-05,0.791961082385055,sample_9
gene_644,-3.6957660402846e-06,1,sample_9
gene_828,8.58449643076557e-06,0.133109533666566,sample_9
gene_862,-2.01107579296171e-06,0.269686814919637,sample_9
gene_752,2.10517368222464,0.00536189684001756,sample_9
gene_638,-1.77067955028855e-06,1,sample_9
gene_220,9.317993857651e-06,0.570890929371249,sample_9
gene_303,-4.74263509101855e-07,0.907972428241467,sample_9
gene_787,-9.98859600107571e-07,0.00178500980541892,sample_9
gene_760,7.07557585154666e-05,0.889678723680074,sample_9
gene_272,-1.07138294280057e-06,0.000557965470173863,sample_9
gene_43,2.03512866392621e-06,1,sample_9
gene_603,-4.58468384249141e-06,0.967039364519742,sample_9
gene_567,-5.2036616946312e-06,1,sample_9
gene_893,-5.23625398299109e-08,1,sample_9
gene_627,-1.02190330199291e-06,0.835589225969147,sample_9
gene_270,-4.83160184871134e-07,0.208834815114545,sample_9
gene_997,-8.45122111922827e-07,0.237932430738343,sample_9
gene_165,-4.12845168023913e-07,0.0897863936768113,sample_9
gene_962,3.16410311651666e-06,1,sample_9
gene_112,4.89358778312699e-05,1,sample_9
gene_889,-5.50444833871342e-06,1,sample_9
gene_73,1.31211960460358,0.128754512542022,sample_9
gene_393,5.00920896617672e-06,1,sample_9
gene_692,-6.50642242152842e-09,1,sample_9
gene_123,-5.38168221073429e-07,1,sample_9
gene_837,1.27687894893451e-05,1,sample_9
gene_976,-5.40883022314369e-06,0.00416785079655869,sample_9
gene_623,-6.66730821491634e-06,0.261720561347444,sample_9
gene_127,-6.065873406156e-06,6.65289383621464e-05,sample_9
gene_927,-2.3670783437096e-06,0.485455753897224,sample_9
gene_105,-4.42267934572395e-06,0.839952451583782,sample_9
gene_734,-7.62861316102995e-07,1,sample_9
gene_426,1.31280607263318e-05,0.181482907548868,sample_9
gene_601,-1.91682174563792e-06,0.012624603034776,sample_9
gene_8,-5.90708300535492e-08,1,sample_9
gene_847,-4.6337152886548e-06,0.0910648461365525,sample_9
gene_594,-2.92310670179824e-06,1,sample_9
gene_474,-1.7304132520405e-06,0.000801451631347457,sample_9
gene_325,2.59021628774422e-05,0.787664922821343,sample_9
gene_620,3.52162679661149e-06,1,sample_9
gene_632,-6.38102255158199e-06,0.919850299893385,sample_9
gene_866,-5.7756696830414e-06,0.139656309358137,sample_9
gene_551,-2.71011925909208e-06,0.000622906809896187,sample_9
gene_31,9.12172010443223e-06,0.393530019798719,sample_9
gene_527,8.78118938144986e-06,1,sample_9
gene_110,-7.86310377294281e-07,0.0745317060210699,sample_9
gene_470,-4.3651725508572e-07,0.00408337627604403,sample_9
gene_988,-6.91469724374233e-07,0.706655314735239,sample_9
gene_399,1.89241554889938e-06,0.713774228719984,sample_9
gene_389,-1.07827376838385e-06,1,sample_9
gene_619,-2.01654112011719e-07,0.338438941252473,sample_9
gene_747,-6.89647780682672e-06,0.00463668822436931,sample_9
gene_368,-7.22800543753393e-06,1.5695380677754e-21,sample_9
gene_808,-4.60677499123958e-06,0.00214115695586379,sample_9
gene_858,1.0414415612367,0.549613536935656,sample_9
gene_934,0.000375916550996844,1,sample_9
gene_242,1.25202620904552e-05,1,sample_9
gene_949,3.83020531710796e-07,1,sample_9
gene_397,1.6404026613583e-06,0.566703950784695,sample_9
gene_652,2.95127079069153e-07,1,sample_9
gene_292,-2.98361849474499e-06,0.281903220516057,sample_9
gene_579,-2.09056033074575e-06,0.784062662509707,sample_9
gene_980,2.25694671427401e-07,1,sample_9
gene_226,1.37633849713251,0.168610950721935,sample_9
gene_55,-2.29830032856291e-05,1,sample_9
gene_903,7.37666588660914e-06,0.185231119690993,sample_9
gene_545,1.22008190662125e-06,1,sample_9
gene_574,-8.07998172501375e-06,0.00122032952503171,sample_9
gene_431,-2.55748630331663e-07,0.623952000093228,sample_9
gene_983,-5.25051223048068e-07,0.236821188331739,sample_9
gene_382,-2.01002688067634e-06,0.000579260206926376,sample_9
gene_814,-2.58104910835095e-07,1,sample_9
gene_878,-2.26517370241034e-06,0.16152222501754,sample_9
gene_42,-7.2806552216907e-08,0.782091242427547,sample_9
gene_628,-9.9650835188419e-07,1,sample_9
gene_319,-2.57796739560347e-06,0.0424675089526941,sample_9
gene_268,8.9440061049757e-08,1,sample_9
gene_751,-1.65839512685745e-06,0.642292230611655,sample_9
gene_505,-1.86831878605076e-05,0.0507610624656498,sample_9
gene_151,-6.86289956011074e-07,1,sample_9
gene_205,3.53426657891095e-07,1,sample_9
gene_223,5.13559172417063e-06,0.386709843213874,sample_9
gene_674,-1.90913155115387e-06,1,sample_9
gene_948,4.76312356774313e-07,1,sample_9
gene_385,-6.17347877473164e-06,0.255365445283213,sample_9
gene_380,-5.17991036399978e-07,1,sample_9
gene_802,-1.03956771612857e-05,1,sample_9
gene_604,-2.55224771065526e-06,0.0409795871312469,sample_9
gene_261,-1.89328926110517e-05,0.133363848110218,sample_9
gene_446,-5.28038221727154e-06,1,sample_9
gene_771,1.27122083981525e-06,1,sample_9
gene_360,1.96561839475261,0.0344321167979624,sample_9
gene_736,-3.74417438254838e-06,1,sample_9
gene_498,2.22312378743152e-08,1,sample_9
gene_171,-1.98194323654725e-06,1,sample_9
gene_979,-4.71242636195536e-06,1,sample_9
gene_108,2.18326381976268e-05,0.228124160371336,sample_9
gene_128,6.31172049448513e-06,1,sample_9
gene_279,-2.58254623642298e-06,1,sample_9
gene_363,4.99822138146301e-06,1,sample_9
gene_881,2.76449091055811e-06,1,sample_9
gene_756,-8.40738729485288e-06,0.837640485290391,sample_9
gene_59,8.72897041171124e-06,1,sample_9
gene_677,1.51338848798072,0.0691273211447059,sample_9
gene_819,3.89696804967473e-05,1,sample_9
gene_738,-3.05904590996005e-06,1,sample_9
gene_476,6.18053423941235e-05,1,sample_9
gene_536,-8.04551310991798e-06,0.00104953480943098,sample_9
gene_109,2.77762355064717e-06,1,sample_9
gene_726,1.7551921618762,0.0201193225177317,sample_9
gene_707,1.6447923421252e-05,0.920140577681013,sample_9
gene_598,1.73207966842466e-05,0.962325044514647,sample_9
gene_323,7.91586106401088e-06,1,sample_9
gene_243,7.80672726095785e-06,1,sample_9
gene_575,2.79242354606476,2.948721112124e-10,sample_9
gene_21,-3.34277524375145e-06,1,sample_9
gene_991,-6.86649160657678e-06,1,sample_9
gene_569,1.31026941419665,0.0681186142697457,sample_9
gene_616,2.04196820194815e-06,1,sample_9
gene_612,1.66344919914163,0.0135218654378541,sample_9
gene_973,9.33964517607076e-06,1,sample_9
gene_196,1.2829675473082e-05,0.839047923201071,sample_9
gene_479,-1.57584258182973e-06,1,sample_9
gene_400,-7.43546246415371e-05,0.876424046393031,sample_9
gene_691,4.11913206689599e-06,1,sample_9
gene_705,-5.43665997141819e-05,1,sample_9
gene_84,-9.26235362642964e-08,1,sample_9
gene_613,-5.06280808499902e-06,1,sample_9
gene_606,-9.19399345391867e-06,1,sample_9
gene_254,-7.35668156448618e-07,1,sample_9
gene_667,2.02793782526564e-06,0.432856751136258,sample_9
gene_518,6.64010176866149e-07,0.893887113910417,sample_9
gene_204,-6.22853250920671e-06,1,sample_9
gene_634,3.24376527665548e-06,1,sample_9
gene_280,0.00011362052719905,1,sample_9
gene_306,1.503437292344,0.0526145880757569,sample_9
gene_336,-8.63973967684405e-06,0.958867432664212,sample_9
gene_357,1.47106969157642e-05,0.9115393275941,sample_9
gene_514,-3.12598627152007e-06,1,sample_9
gene_3,2.00828821855554e-05,1,sample_9
gene_637,-1.2420879650537e-06,1,sample_9
gene_696,1.67122510435693e-05,0.842726111354699,sample_9
gene_605,1.58806055156521e-05,1,sample_9
gene_403,-5.97401056999614e-06,1,sample_9
gene_562,3.22403976139937e-06,0.292459713103367,sample_9
gene_273,1.23307564697057e-05,1,sample_9
gene_464,-1.29533263548357e-06,1,sample_9
gene_968,1.91690372444695e-06,0.903317382748447,sample_9
gene_581,4.82159848574194e-07,1,sample_9
gene_946,-5.6183074052748e-07,0.175464160079529,sample_9
gene_100,5.18797108588602e-06,1,sample_9
gene_329,4.97491292652949,0.000556906930849309,sample_9
gene_366,3.82797555449636e-06,0.65836120317001,sample_9
gene_693,2.47575668149947e-06,0.52321039162474,sample_9
gene_252,3.43128586995857e-06,1,sample_9
gene_939,-8.56675756066396e-06,0.00935068886273725,sample_9
gene_972,-6.65510766613355e-08,0.496417835456708,sample_9
gene_408,9.79864438184613e-08,1,sample_9
gene_267,-5.09368326461757e-06,1,sample_9
gene_75,1.35804795576201e-05,1,sample_9
gene_556,-2.09478487486277e-05,0.000164395171563135,sample_9
gene_967,-2.50983091332596e-05,1,sample_9
gene_960,-1.18524445370712e-05,9.16812915669323e-05,sample_9
gene_553,-2.86304051554381e-07,1,sample_9
gene_540,3.51493243833204e-06,0.869178238344524,sample_9
gene_428,1.21166968083628e-05,0.254377707035294,sample_9
gene_767,1.55780948870383,0.0507356714228606,sample_9
gene_459,-6.67491481776525e-06,0.00244934794549462,sample_9
gene_954,-1.35979993181514e-06,1,sample_9
gene_121,-8.83582031277886e-06,1,sample_9
gene_48,-1.43963855552963,0.00984522939652653,sample_9
gene_965,-7.72901472106847e-07,1,sample_9
gene_812,-1.24682304010031e-07,1,sample_9
gene_179,-1.34869596242904e-05,0.581943305842526,sample_9
gene_248,1.45073783656155,0.0435781227408782,sample_9
gene_167,-6.53525464842104e-07,1,sample_9
gene_624,1.55392746548926,0.0812362348212396,sample_9
gene_467,3.66730551339032e-07,1,sample_9
gene_290,-7.08844779779327e-07,1,sample_9
gene_516,3.4529095867655e-06,1,sample_9
gene_22,-9.77467309559954e-06,1,sample_9
gene_435,-1.03207528846928e-06,0.669642410713882,sample_9
gene_709,3.0055076435241e-06,1,sample_9
gene_669,-8.73150801146873e-07,0.45407396393754,sample_9
gene_101,-1.24313034275723e-07,0.58038360706042,sample_9
gene_763,1.04796883893848e-05,0.606951320732459,sample_9
gene_264,-5.04286853388102e-08,1,sample_9
gene_281,-1.80762527755974e-07,0.519906028310606,sample_9
gene_423,-2.73296372533861e-06,0.0356960095149424,sample_9
gene_998,-5.46163140394912e-07,0.517166176925332,sample_9
gene_495,8.89146794293524e-06,1,sample_9
gene_159,2.13363625069462e-05,0.431674827038805,sample_9
gene_806,-1.56317269641074e-06,0.0590257529048461,sample_9
gene_714,-1.40754307169548e-05,1,sample_9
gene_18,0.00010176471551178,1,sample_9
gene_757,6.70653277274634e-06,1,sample_9
gene_715,-6.3873851768741e-06,0.603930160816784,sample_9
gene_206,1.78348621939101,0.0093315393705787,sample_9
gene_358,-4.51648897981745e-07,0.522333123292031,sample_9
gene_525,-1.21892342577355e-05,1,sample_9
gene_754,4.78530173225794e-06,1,sample_9
gene_673,9.30314415797732e-06,1,sample_9
gene_586,1.07710573201096,0.478409318314917,sample_9
gene_345,-9.57509300819882e-07,1,sample_9
gene_855,-5.79714754570268e-07,0.865693794416892,sample_9
gene_310,2.74983436073371,0.0385648886716935,sample_9
gene_654,1.2505539656031e-05,0.153181872672807,sample_9
gene_149,1.56722567331316,0.0509151095224065,sample_9
gene_234,-1.15474310796185e-08,1,sample_9
gene_71,-4.66214200638216e-07,1,sample_9
gene_198,-8.10808822454367e-07,1,sample_9
gene_913,-4.41957767990301e-06,1.02293147854201e-07,sample_9
gene_156,9.4709031484646e-06,1,sample_9
gene_33,-2.17816395835053e-06,0.0535745264710659,sample_9
gene_317,4.59734643771579e-06,0.47660739968935,sample_9
gene_961,-7.21038883167739e-07,8.70150346212209e-08,sample_9
gene_433,1.07622470787834e-05,0.75164133615902,sample_9
gene_395,9.7248971402567e-06,1,sample_9
gene_481,4.42047669236475e-06,1,sample_9
gene_642,-8.94823711302885e-06,1,sample_9
gene_321,2.12780803146399,0.030793231964043,sample_9
gene_635,-4.78508132833805e-06,1,sample_9
gene_354,1.79658550932665e-05,0.494004052864775,sample_9
gene_831,1.31978432380929,0.16668394494269,sample_9
gene_857,2.39593089622903,0.00146064742991307,sample_9
gene_722,-1.3855501127293e-06,1,sample_9
gene_282,-1.73268314643439,0.0380643303877418,sample_9
gene_2,9.463278189518e-06,0.151604328684585,sample_9
gene_890,1.7055797291687,0.0234581832560567,sample_9
gene_713,-4.974099039171e-06,8.95728368585398e-09,sample_9
gene_168,-2.00454672565992e-06,0.0199235539268011,sample_9
gene_82,5.21480041338062e-06,0.920917854536529,sample_9
gene_547,8.19141652224615e-07,0.578355147677068,sample_9
gene_874,3.42926642001755,0.00234358651085469,sample_9
gene_218,-9.44458616707431e-07,1,sample_9
gene_486,-1.85309724955834e-07,1,sample_9
gene_917,2.23954493920554e-06,0.937162064096675,sample_9
gene_457,1.62865512590964,0.0373247189486566,sample_9
gene_602,4.92241842899989e-06,1,sample_9
gene_724,-5.84762609994588e-06,1,sample_9
gene_766,1.72496082634167,0.0736318484484116,sample_9
gene_322,1.73063215435756e-06,1,sample_9
gene_46,2.51647055787311,0.00121364111768018,sample_9
gene_920,-6.71224673020835e-06,6.42644343075888e-05,sample_9
gene_172,-3.94921299358883e-06,0.314308567811172,sample_9
gene_401,-1.98314274859733e-05,1,sample_9
gene_895,1.61302616925655,0.0604634441482179,sample_9
gene_452,-1.71195003856455e-05,0.000605763009758964,sample_9
gene_729,-1.34306202362843e-05,0.0016423642748456,sample_9
gene_743,-4.40627013987494e-06,1,sample_9
gene_240,1.40456889432917e-05,1,sample_9
gene_300,2.25967044194905e-07,1,sample_9
gene_146,1.4236600855196e-05,0.165895034813019,sample_9
gene_730,2.15177432235283e-05,0.372061037960162,sample_9
gene_748,2.5584729194264,3.22325213655773e-08,sample_9
gene_293,2.16728496496471,0.024217237193446,sample_9
gene_36,2.52107006633708,0.000891601869516664,sample_9
gene_576,-2.75808986478885e-06,1,sample_9
gene_402,2.34512130795397e-06,0.951003443009566,sample_9
gene_244,3.6675549061933e-06,0.166095891332944,sample_9
gene_154,2.61124279416615e-07,0.801554176681884,sample_9
gene_852,4.92578381447981e-06,0.321990033207939,sample_9
gene_611,-1.93161440694371e-06,0.0863645693509503,sample_9
gene_164,-6.99547471484156e-07,0.00201913829436521,sample_9
gene_524,8.84095645834267e-06,0.0400584437080434,sample_9
gene_538,6.52724150573841e-07,1,sample_9
gene_429,7.32510541708452e-05,1,sample_9
gene_316,7.00568707352366e-06,0.996621142387568,sample_9
gene_91,-4.52688483750004e-06,1,sample_9
gene_902,-1.71369241948589e-06,1,sample_9
gene_17,5.41125044976915e-06,0.281374818072618,sample_9
gene_593,2.36430921469358e-06,1,sample_9
gene_629,-1.74828173300727e-06,1,sample_9
gene_519,1.50607962799857e-05,0.920427100076513,sample_9
gene_263,4.06464538424191e-06,1,sample_9
gene_493,-1.88026107745674e-06,0.463503140617681,sample_9
gene_836,6.62873111091926e-06,1,sample_9
gene_892,2.7563392937017e-06,1,sample_9
gene_922,-9.77529655712387e-06,0.000212574439821625,sample_9
gene_83,-5.58880191914768e-07,1,sample_9
gene_549,-1.57035085820878e-06,0.460311192443454,sample_9
gene_209,2.16335726368957e-06,0.60326231329044,sample_9
gene_269,-4.23417485809166e-06,1,sample_9
gene_695,-2.22545642594695e-06,0.00321150076362012,sample_9
gene_406,9.75459154891531e-06,0.394062386239829,sample_9
gene_740,7.34158294700312e-06,1,sample_9
gene_727,1.68570711500453,0.0463658443930994,sample_9
gene_1000,1.9777648297348e-05,1,sample_9
gene_140,9.66711866936868e-06,0.513119089444434,sample_9
gene_219,1.43728553389499,0.128942638402845,sample_9
gene_491,6.4807734992992e-06,1,sample_9
gene_262,-3.16329568431037e-06,0.429068369477631,sample_9
gene_564,-6.62812269417291e-07,0.0990113852463207,sample_9
gene_824,1.02507954160405e-06,1,sample_9
gene_643,-2.79800024149206e-06,0.00784998244335086,sample_9
gene_120,4.87414795257471,5.98835176237881e-06,sample_9
gene_563,1.76976588466998,0.0278712510115798,sample_9
gene_768,-5.68122395032962e-07,1,sample_9
gene_558,3.74764636809363e-08,1,sample_9
gene_512,1.74818167298047,0.00564648906592504,sample_9
gene_147,-7.89659184630015e-06,1,sample_9
gene_454,9.58859042871248e-06,0.397353104060984,sample_9
gene_744,-2.03271900025385e-06,1,sample_9
gene_477,-6.05622655787023e-06,0.0302674052163382,sample_9
gene_25,2.32494113543429,0.0202857377598788,sample_9
gene_969,1.89941121887666e-05,1,sample_9
gene_996,1.62341705917749,0.0461095622209457,sample_9
gene_194,6.22584898961711e-07,1,sample_9
gene_132,-1.03630856309552e-05,3.28155185652118e-06,sample_9
gene_494,-5.52688025790993e-06,0.274175900199117,sample_9
gene_190,-5.65600895323905e-06,1,sample_9
gene_647,4.46269483022831e-06,1,sample_9
gene_463,-1.02805569059751e-05,1,sample_9
gene_222,-6.69473426813439e-06,1.07977177067674e-07,sample_9
gene_492,-4.04589842258501e-06,1,sample_9
gene_656,1.41706312212449e-05,0.233698519857826,sample_9
gene_297,-4.36140343733727e-06,1,sample_9
gene_785,-2.95842596018716e-06,1,sample_9
gene_86,-3.0546619361685e-06,0.00331181958892512,sample_9
gene_770,2.2048608783881e-05,1,sample_9
gene_963,-6.82108445152418e-06,0.543643019407211,sample_9
gene_681,-2.65611423099893e-07,1,sample_9
gene_362,-1.12165531240928e-05,0.443038897267904,sample_9
gene_912,2.20524181102002e-07,1,sample_9
gene_444,1.68270193096098,0.0245604405710822,sample_9
gene_897,5.64297864260257e-06,1,sample_9
gene_173,-2.51080613573262e-06,1,sample_9
gene_217,-0.635687287907383,1,sample_9
gene_856,-3.79351586162347e-06,0.846108221484312,sample_9
gene_679,1.36616327189899e-05,1,sample_9
gene_257,1.24821754750973,0.201969993977433,sample_9
gene_790,6.02739143397931e-06,0.892084874427084,sample_9
gene_725,-8.7615778805232e-07,1,sample_9
gene_807,-3.02285717108422e-06,1,sample_9
gene_45,5.65611312004812e-06,0.849612731284899,sample_9
gene_955,1.5680318553545,0.121937427990099,sample_9
gene_687,5.01105643203304e-06,1,sample_9
gene_94,3.49857133760163e-06,1,sample_9
gene_678,1.43329390180924,0.151162514174445,sample_9
gene_490,1.34546866834165e-06,1,sample_9
gene_719,2.14956785601872e-06,1,sample_9
gene_947,3.87117096220538,0.00631798618550066,sample_9
gene_202,-3.09604888189937e-06,0.269903932645724,sample_9
gene_142,-2.61497751776329e-06,0.128498730963093,sample_9
gene_188,-3.3555768166902e-07,1,sample_9
gene_597,9.39942272700557e-06,1,sample_9
gene_721,1.80154488752934,0.0920806676182289,sample_9
gene_504,1.97727070904894,0.0296338324781537,sample_9
gene_13,1.85948229106978e-06,0.898379960776301,sample_9
gene_682,2.41033023897149,0.00401741125583961,sample_9
gene_472,2.74587797306741,0.0482215266194269,sample_9
gene_298,1.14166755910189e-06,0.900952381326573,sample_9
gene_407,1.34972012818063,0.177083080431318,sample_9
gene_942,-9.67004179892476e-07,0.00114505479740774,sample_9
gene_795,-2.62723961464838e-06,0.0585540164351716,sample_9
gene_571,3.04506795626193e-06,1,sample_9
gene_675,-4.10577440189412e-07,0.0229423841618458,sample_9
gene_557,1.86622943545689,0.0625633242459406,sample_9
gene_798,-1.11314127770407e-07,0.712142688307702,sample_9
gene_314,1.87882442780162e-06,0.440131116509034,sample_9
gene_351,2.40429793541038e-06,0.359323053433802,sample_9
gene_829,6.82341600751851e-08,1,sample_9
gene_984,-2.84702505325621e-06,0.129561578098866,sample_9
gene_633,-5.32120731060669e-07,1,sample_9
gene_728,-6.59666578767561e-06,3.88683921236944e-07,sample_9
gene_517,8.80850586193183e-06,1,sample_9
gene_274,-1.6436390914615e-06,1,sample_9
gene_552,-1.21231585185627e-05,0.00844047320212251,sample_9
gene_341,-2.32999099998999e-06,0.0139435296824902,sample_9
gene_96,-7.37876401168195e-07,1,sample_9
gene_80,3.24636580642436,0.0251945029123669,sample_9
gene_918,-3.96507699594417e-06,1,sample_9
gene_197,-8.72917399782248e-06,0.000127266100727081,sample_9
gene_60,2.4559258458848e-06,1,sample_9
gene_276,-1.16994302235e-06,1,sample_9
gene_5,2.09169987997667,0.0111194639285002,sample_9
gene_841,2.04820682275504,0.00634728151148324,sample_9
gene_822,-9.84677076887572e-08,1,sample_9
gene_475,-2.36909817476669e-06,1,sample_9
gene_775,9.46784748948957e-06,1,sample_9
gene_278,2.70581308344364,0.00818309696955491,sample_9
gene_334,-1.87892888196452e-07,1,sample_9
gene_789,8.53156869070672e-08,1,sample_9
gene_686,4.81357479050364,0.0828569767966689,sample_9
gene_930,1.33592874578054e-05,1,sample_9
gene_625,-1.0242187883202e-06,1,sample_9
gene_152,-7.93875824287929e-07,0.571873935370121,sample_9
gene_560,9.96137772511771e-06,0.414523597545346,sample_9
gene_347,6.13889344353253e-06,1,sample_9
gene_826,-1.65715185552234e-05,1,sample_9
gene_621,2.0060584041845e-06,1,sample_9
gene_442,1.90563607886716e-05,0.35570938467052,sample_9
gene_216,2.46679071279112e-06,1,sample_9
gene_924,-2.33293050525502e-06,0.0562014593893221,sample_9
gene_801,-1.43757307337812e-05,5.9876642229364e-06,sample_9
gene_537,5.07029113185449e-06,0.299611387725121,sample_9
gene_478,1.87562370298857e-07,1,sample_9
gene_876,-1.36903537666536e-05,0.287722527706096,sample_9
gene_805,1.22554344131659,0.216445756958072,sample_9
gene_447,2.8953396891738e-06,0.635720732562526,sample_9
gene_499,-2.57656520595356e-07,1,sample_9
gene_326,5.67359898472862e-06,1,sample_9
gene_507,-1.74008779687455e-07,0.679881358889807,sample_9
gene_97,-3.89776569315883e-06,1,sample_9
gene_631,5.38364657569357e-07,1,sample_9
gene_782,1.45859440023648e-05,1,sample_9
gene_415,0.669674290156873,1,sample_9
gene_348,1.74199429593616e-05,0.860272261438764,sample_9
gene_414,1.43614141535208,0.146954417605486,sample_9
gene_732,-7.96153730839855e-06,1,sample_9
gene_79,9.60465374830935e-07,1,sample_9
gene_868,-2.40425114982118e-06,0.0403229473368998,sample_9
gene_143,-6.20649816980112e-06,0.015206916994906,sample_9
gene_970,-3.08068005307292e-06,1,sample_9
gene_150,2.27190961923626e-06,1,sample_9
gene_330,2.51463370881584e-06,1,sample_9
gene_19,3.71485880882519,2.0721371546057e-08,sample_9
gene_320,-1.90135920936632e-05,1,sample_9
gene_131,1.78914692344226,0.00124946497425114,sample_9
gene_107,1.44643652375563,0.0375272572118387,sample_9
gene_241,2.9968699365854e-06,0.295598025831486,sample_9
gene_510,2.96061828544694e-06,1,sample_9
gene_871,-5.17630647151025e-06,1,sample_9
gene_698,7.112005603127e-06,1,sample_9
gene_877,-9.81710801711794e-06,0.0966556111549314,sample_9
gene_193,-2.60596696074973e-06,1,sample_9
gene_566,1.96010926363133,1.63969523173786e-06,sample_9
gene_66,6.55948237243008e-06,1,sample_9
gene_40,2.03330783991038e-06,1,sample_9
gene_690,3.23393774550982e-06,1,sample_9
gene_664,-5.4706597021767e-06,1,sample_9
gene_977,-5.36395492238726e-06,1,sample_9
gene_89,1.43911117708415e-06,1,sample_9
gene_578,-2.32813348615243e-06,1,sample_9
gene_177,2.69345735318785e-05,1,sample_9
gene_20,-1.35855526177132e-05,1,sample_9
gene_626,-2.18186569231593e-06,1,sample_9
gene_867,1.04626249912889e-05,1,sample_9
gene_872,-4.71595074004876e-06,1,sample_9
gene_933,3.50072220611061e-05,1,sample_9
gene_520,1.44477908848118e-05,1,sample_9
gene_915,8.76872949997689e-06,0.975208615954733,sample_9
gene_720,2.7047822045123,2.51857563679741e-05,sample_9
gene_901,1.42961823687197e-05,1,sample_9
gene_405,1.65944718229927e-06,1,sample_9
gene_68,-4.12628273388981e-06,1,sample_9
gene_542,4.41562601069941,0.00670657301329861,sample_9
gene_251,-3.11018531086505e-06,0.620613480930812,sample_9
gene_229,-7.48984469627509e-06,0.489665615397755,sample_9
gene_392,7.02339047275933e-07,0.989489812308056,sample_9
gene_155,6.83368511575407e-06,1,sample_9
gene_432,1.12974520204358e-06,1,sample_9
gene_716,-2.44837024720086e-07,1,sample_9
gene_590,-6.21326072694463e-06,4.43927341412886e-07,sample_9
gene_658,-1.65398482059862e-06,0.938092621456732,sample_9
gene_655,-1.74011698196365e-06,0.0310209035731688,sample_9
gene_439,-1.45859425833786e-07,1,sample_9
gene_843,2.61925055632081,0.00766388145853811,sample_9
gene_987,3.22462966427839e-06,0.856475034440448,sample_9
gene_898,1.31403829714822e-06,1,sample_9
gene_372,-2.14975235668904e-06,0.43736823961215,sample_9
gene_834,-6.37836943833119e-07,1,sample_9
gene_370,-2.77860962106514e-06,1,sample_9
gene_982,-3.0461365777993e-06,0.106531502065735,sample_9
gene_199,6.79263833313492e-07,1,sample_9
gene_182,-1.26951209845601e-05,0.72811070104556,sample_9
gene_936,1.96063897368905,0.051755765897996,sample_9
gene_410,2.07791524396802,0.100161213365689,sample_9
gene_420,7.64838700934231e-06,1,sample_9
gene_827,9.43323528026997e-06,1,sample_9
gene_746,-2.96156508030618e-06,1,sample_9
gene_158,-4.12690630859577e-06,0.0929166875260193,sample_9
gene_958,-1.26666475587345e-06,0.0353951201008215,sample_9
gene_157,-7.61132897458198e-06,0.000242565668098452,sample_9
gene_338,1.55503974592599,0.0164010128476906,sample_9
gene_185,8.06063199209995e-07,1,sample_9
gene_835,-6.46320775464563e-06,0.00118167053117539,sample_9
gene_224,8.31970711023749e-06,1,sample_9
gene_916,-7.50270819518667e-07,3.1094052087808e-06,sample_9
gene_661,2.12049785166074e-06,0.496153265353083,sample_9
gene_166,-2.29767363500913e-06,1,sample_9
gene_848,3.67761928894253,0.00136915586035562,sample_9
gene_377,6.81406870180264e-05,1,sample_9
gene_480,1.3103141447308e-05,0.815923311649547,sample_9
gene_591,-9.18772793871244e-06,1,sample_9
gene_859,-2.30421616675418e-06,1,sample_9
gene_340,1.37305177926632e-05,0.374031238084897,sample_9
gene_309,2.63690789383641e-06,0.508894220769452,sample_9
gene_64,4.31630422616134e-08,1,sample_9
gene_731,-1.73813524233523e-07,1,sample_9
gene_367,-4.78613377370284e-06,1,sample_9
gene_65,-8.91128654896861e-06,1,sample_9
gene_63,1.07127287983966e-05,1,sample_9
gene_489,1.09368707060146e-06,1,sample_9
gene_98,2.23085881804753,0.000230047821241363,sample_9
gene_88,-1.39792535313546e-06,0.882594747135655,sample_9
gene_953,-8.3218866066092e-07,0.360091329183542,sample_9
gene_117,1.14941424996296e-05,0.607971716982989,sample_9
gene_609,7.14556801031827e-06,1,sample_9
gene_854,-1.78095065768e-06,0.13760699335849,sample_9
gene_247,9.43214547499519e-06,0.0876678520829957,sample_9
gene_352,1.90492444305082e-05,1,sample_9
gene_521,-7.72841655200955e-07,1,sample_9
gene_462,2.42197827344359e-06,1,sample_9
gene_665,-9.31504664629935e-08,1,sample_9
gene_944,1.05484419417594e-06,1,sample_9
gene_181,2.39459485185592e-06,1,sample_9
gene_773,-9.00967530253621e-06,1,sample_9
gene_346,6.99314374178112e-06,1,sample_9
gene_529,2.85436675898312e-05,1,sample_9
gene_245,-6.21219171818719e-06,1,sample_9
gene_6,2.42514117701772,0.000455751616553702,sample_9
gene_733,-4.27335601681957e-06,1,sample_9
gene_239,7.76714533025469e-07,1,sample_9
gene_932,1.32523707948514e-05,1,sample_9
gene_335,-1.72846723665955,0.00340300852975081,sample_9
gene_28,1.14416154689452e-06,1,sample_9
gene_515,-3.32727449528849e-06,0.159888998653727,sample_9
gene_630,-1.53385304821951e-06,1,sample_9
gene_758,-1.73865087601595e-06,1,sample_9
gene_741,-8.12982144195099e-06,1,sample_9
gene_783,-5.36726069529071e-06,0.724365869218699,sample_9
gene_394,4.50159590970963e-07,1,sample_9
gene_332,1.49664695527065e-05,0.985563022963252,sample_9
gene_833,-1.65678531071649e-07,1,sample_9
gene_745,7.49210522379992e-08,1,sample_9
gene_383,-1.18367167392899e-06,0.272286474683017,sample_9
gene_430,1.80394608034741,0.000521834696220928,sample_9
gene_882,2.75520189325288e-05,0.775654200551505,sample_9
gene_573,1.02396246287909e-05,1,sample_9
gene_779,-2.86815927099857e-06,1,sample_9
gene_496,-2.76214487577095e-07,1,sample_9
gene_307,1.59724745321192e-05,0.431229812721859,sample_9
gene_769,-9.04377151665483e-06,0.0556198433778691,sample_9
gene_437,4.12789045278856e-07,0.861853155761398,sample_9
gene_381,-5.53009097452749e-06,1,sample_9
gene_78,1.83651878647988,0.0149214767957142,sample_9
gene_792,-4.96457564906851e-07,1,sample_9
gene_555,-1.13507676673004e-05,0.484881023148267,sample_9
gene_51,-2.55185013972273e-06,1,sample_9
gene_813,-1.08207795365108e-05,4.59990719285664e-09,sample_9
gene_375,6.26964610256173e-06,1,sample_9
gene_689,-1.01910617679576e-05,0.456735553990745,sample_9
gene_487,1.53481166647344,0.0622150400736834,sample_9
gene_44,2.36892427295991e-05,0.756065790163089,sample_9
gene_645,2.56071763571598e-05,1,sample_9
gene_500,3.99595987557828e-06,1,sample_9
gene_896,-6.12180657700712e-06,0.0387544288780371,sample_9
gene_860,7.23048293654384e-06,0.387370687906974,sample_9
gene_174,4.66174303060651e-07,1,sample_9
gene_528,1.49650297721086e-05,1,sample_9
gene_886,-3.15195614089362e-07,1,sample_9
gene_668,3.87429485696942e-06,1,sample_9
gene_710,-4.28143042601403e-06,1,sample_9
gene_305,9.01087080310108e-07,1,sample_9
gene_122,-1.21510731331341e-06,5.8457816270654e-12,sample_9
gene_820,-1.3610412938583e-06,0.00467834325956123,sample_9
gene_210,-4.77954535931483e-06,1,sample_9
gene_884,-2.37898721228163e-06,1,sample_9
gene_580,-1.89068471883623e-06,1,sample_9
gene_929,-2.42256440867622e-06,1,sample_9
gene_530,-5.4347694435805e-07,1,sample_5
gene_683,7.51824175734196e-06,0.511146650275061,sample_5
gene_928,-1.1312038437298e-06,0.790712724415867,sample_5
gene_793,-3.51892827773308e-07,0.397269197338097,sample_5
gene_258,-4.67239178953463e-06,1,sample_5
gene_941,8.40979264795286e-06,1,sample_5
gene_92,1.55800674597233e-06,1,sample_5
gene_809,-3.01931523956743e-06,1,sample_5
gene_106,3.99809546590404e-06,1,sample_5
gene_376,5.16348001775884e-07,1,sample_5
gene_189,-1.75454813750674e-06,1,sample_5
gene_386,-9.94574573384642e-07,1,sample_5
gene_873,8.05521535391931e-07,1,sample_5
gene_52,-1.11604807699521e-07,0.976307177400702,sample_5
gene_485,-7.09853700625922e-07,0.407390823991543,sample_5
gene_69,1.66905932963618e-06,1,sample_5
gene_910,5.22176286019462e-06,1,sample_5
gene_994,-1.78228892956229e-06,1,sample_5
gene_228,-3.92816851396646e-06,0.173635363600369,sample_5
gene_225,-3.2452847816842e-07,0.000481255514603382,sample_5
gene_130,-1.09974282159027e-06,0.122349224986234,sample_5
gene_879,4.75624714280003e-06,1,sample_5
gene_657,-5.82391414042521e-07,1,sample_5
gene_765,-1.04048913380673e-06,0.619557027217181,sample_5
gene_800,8.93783018274614e-05,0.241798337183581,sample_5
gene_788,1.21177875023611e-06,1,sample_5
gene_706,-2.56109540821675e-06,0.000148815859625547,sample_5
gene_975,-1.05168624683275e-06,1,sample_5
gene_359,-1.73736322494995e-06,1,sample_5
gene_583,-1.47211624426893e-06,0.549226631502457,sample_5
gene_230,-1.55842866118449e-06,0.417152219478872,sample_5
gene_839,4.02868155828558e-06,1,sample_5
gene_523,5.13227304181856e-06,1,sample_5
gene_676,-9.06729887264514e-07,0.18045044114412,sample_5
gene_506,-1.1935731764525e-07,0.84584271054393,sample_5
gene_508,7.05527354465954e-07,1,sample_5
gene_214,5.54174959745797e-06,0.839047408850572,sample_5
gene_178,9.91389196428592e-06,1,sample_5
gene_327,1.79368561973498e-06,1,sample_5
gene_940,-2.39638528370048e-06,1,sample_5
gene_27,5.84396631866529e-07,1,sample_5
gene_526,-8.55225112300817e-07,0.157727630495976,sample_5
gene_291,9.06714579150704e-06,1,sample_5
gene_513,1.35375277113254e-06,1,sample_5
gene_192,-2.8891291430524e-06,1,sample_5
gene_438,1.51385320701778e-06,1,sample_5
gene_350,7.0545388472643e-06,1,sample_5
gene_378,0.693924058091519,1,sample_5
gene_138,5.37164848957968e-07,1,sample_5
gene_750,4.01850451722967e-06,0.648408801871002,sample_5
gene_708,9.95104860630944e-08,1,sample_5
gene_12,3.38430656964202e-06,1,sample_5
gene_47,1.75977926104576e-05,0.408616824333648,sample_5
gene_880,-1.38606872696341e-06,0.51226395822826,sample_5
gene_781,-4.95234816772156e-06,1,sample_5
gene_451,5.32747403267198e-06,1,sample_5
gene_456,-1.94351125560252e-06,1,sample_5
gene_764,6.68047077822803e-06,0.466130341076183,sample_5
gene_113,3.20267770580061e-07,1,sample_5
gene_133,1.07529275482835e-06,1,sample_5
gene_126,1.33143012367623,0.170060623829883,sample_5
gene_421,-2.0448252371221e-06,1,sample_5
gene_62,1.09433518918867e-06,1,sample_5
gene_810,4.69600854068678,0.00179832650570022,sample_5
gene_175,-1.11427859903425e-06,1,sample_5
gene_443,8.31257543841438e-06,0.0536660837349775,sample_5
gene_701,-1.77869847207826e-06,1,sample_5
gene_825,8.24133986148612e-07,1,sample_5
gene_103,1.08150835681564e-05,1,sample_5
gene_838,5.85724239341474e-06,1,sample_5
gene_777,7.84005282298127e-07,0.936881492656208,sample_5
gene_38,2.19963532392401e-06,1,sample_5
gene_894,2.04841751463384,0.00151165620952274,sample_5
gene_821,-1.19329682465466e-06,1,sample_5
gene_324,-8.96320161931279e-07,1,sample_5
gene_875,6.69335483397794e-06,1,sample_5
gene_238,2.99056271902918e-06,0.922822938374988,sample_5
gene_723,3.77995937840205e-06,1,sample_5
gene_455,1.13323828246703e-06,1,sample_5
gene_670,-0.643111354391762,1,sample_5
gene_163,3.55172747479573e-06,0.587879165409671,sample_5
gene_339,2.78499940271109e-06,1,sample_5
gene_11,-5.84280463464095e-07,1,sample_5
gene_522,1.99296760362919e-06,0.854640411599871,sample_5
gene_255,5.13074070052194e-06,1,sample_5
gene_129,3.21534431561583e-06,0.414459853783934,sample_5
gene_286,7.89082613175064e-06,1,sample_5
gene_85,1.09845140984662e-05,1,sample_5
gene_76,-2.30448622177116e-06,0.744298523179489,sample_5
gene_712,-6.37088741921181e-07,1,sample_5
gene_891,4.23834175429023e-06,1,sample_5
gene_136,-2.8256201115642e-07,1,sample_5
gene_384,-1.87999984293234e-06,1,sample_5
gene_440,-6.8622350466422e-06,0.223042579681065,sample_5
gene_851,-1.35426559994548e-06,1,sample_5
gene_799,1.44843907040073e-06,1,sample_5
gene_461,1.47310079227389e-05,1,sample_5
gene_221,1.78327908144614e-05,0.23497125835629,sample_5
gene_141,8.08352480448401e-06,1,sample_5
gene_302,7.44540029242426e-06,1,sample_5
gene_964,-1.70848205154844e-06,1,sample_5
gene_235,-1.0492579342395e-06,0.0118056432794603,sample_5
gene_469,-1.33480796231469e-06,0.0434505357474584,sample_5
gene_369,-1.6122213764769e-05,1,sample_5
gene_784,3.47265081637656e-06,1,sample_5
gene_546,-1.12221882832229e-06,0.0768546599194794,sample_5
gene_77,-8.30467567034138e-07,0.770041057833031,sample_5
gene_797,2.7815983311275e-06,0.630915605158848,sample_5
gene_211,4.38644670533544e-06,0.839970932463073,sample_5
gene_849,6.08474819005566e-06,0.426973333280672,sample_5
gene_215,7.51224012574094e-07,1,sample_5
gene_992,1.19294599263252e-06,1,sample_5
gene_883,1.04037179768181e-06,1,sample_5
gene_995,5.37039777159828e-05,1,sample_5
gene_641,4.08029030936536e-06,1,sample_5
gene_622,-4.79381466144686e-07,1,sample_5
gene_95,6.24354524359639e-06,1,sample_5
gene_287,1.00090607397822e-05,1,sample_5
gene_256,3.37273238281904e-06,1,sample_5
gene_333,8.08687335387652e-06,1,sample_5
gene_651,-1.75968918772671e-06,1,sample_5
gene_349,3.07514044748302e-06,1,sample_5
gene_1,9.30440119096738e-06,1,sample_5
gene_473,8.01417098888001e-07,1,sample_5
gene_680,7.42380050290723e-06,1,sample_5
gene_532,-3.6017098973902e-07,1,sample_5
gene_285,1.18904110095048e-06,1,sample_5
gene_365,-1.3978978628356e-06,0.176322489253224,sample_5
gene_608,-1.43560255193836e-06,0.789183492370465,sample_5
gene_615,-2.47635911155227e-06,1,sample_5
gene_53,-2.15126727756167e-07,1,sample_5
gene_588,-2.07204702669243e-07,1,sample_5
gene_201,1.21830497077371e-06,1,sample_5
gene_672,1.69446137911037e-06,0.663768028424631,sample_5
gene_265,7.5050307363233e-06,1,sample_5
gene_119,2.5384784946127e-06,0.67560790339783,sample_5
gene_908,-4.96104602466159e-07,0.229471641609772,sample_5
gene_441,4.63257568189736e-06,0.374651024679445,sample_5
gene_275,6.58345354156796e-06,1,sample_5
gene_718,-3.96553152465193e-06,1,sample_5
gene_943,-3.86145847415517e-06,1,sample_5
gene_34,3.29136198817188e-06,1,sample_5
gene_7,4.41535271933326e-06,1,sample_5
gene_125,-4.12601085182806e-06,0.0297384603683054,sample_5
gene_250,1.08542415361681e-05,1,sample_5
gene_842,-9.33839847984466e-06,1,sample_5
gene_511,-3.60782645457861e-06,1,sample_5
gene_957,-8.19754414459369e-07,0.61619810763002,sample_5
gene_116,1.27967949076842e-05,0.846936606576944,sample_5
gene_888,-1.79325861908954e-06,0.00433695713864327,sample_5
gene_391,2.73517711574509e-07,1,sample_5
gene_749,-4.40312814611044e-07,0.721440058003638,sample_5
gene_704,-8.63139909082688e-07,0.0159316945074865,sample_5
gene_137,1.9287863906387e-06,0.961601899644952,sample_5
gene_905,6.27798021273893e-07,1,sample_5
gene_81,-5.7549961000585e-07,0.111786290896417,sample_5
gene_283,-3.70050477657218e-06,0.000104285717865863,sample_5
gene_425,-2.50609769096797e-06,1,sample_5
gene_938,-2.7403793527294e-06,1,sample_5
gene_737,1.33639188475617e-06,1,sample_5
gene_666,9.39902133159993e-05,1,sample_5
gene_937,-5.5614465396787e-06,1,sample_5
gene_700,1.62182854796636e-07,1,sample_5
gene_388,1.76665530556433e-06,1,sample_5
gene_554,2.56739528044889e-06,1,sample_5
gene_533,1.3329125450171e-06,1,sample_5
gene_259,6.23801069644734e-06,1,sample_5
gene_945,8.58744363329754e-06,1,sample_5
gene_231,2.28932014084087e-06,1,sample_5
gene_711,-3.65673542640435e-06,1,sample_5
gene_72,-3.82630109478308e-06,1,sample_5
gene_39,-2.28271188686767e-07,1,sample_5
gene_90,-2.52209259071149e-06,1,sample_5
gene_535,1.15189949808324e-06,1,sample_5
gene_337,-8.70074565666259e-07,1,sample_5
gene_118,5.09679143222269e-07,1,sample_5
gene_356,1.46060332798695,0.105230768305492,sample_5
gene_23,1.32360598208425e-07,1,sample_5
gene_599,3.91207239422119e-06,1,sample_5
gene_935,-1.18705501316154e-06,1,sample_5
gene_911,-3.70023242871964e-06,1,sample_5
gene_885,-9.57419062936633e-07,8.65131846939191e-06,sample_5
gene_570,-2.80379750400187e-06,0.020474008335054,sample_5
gene_956,-3.48490589936273e-08,1,sample_5
gene_318,1.27750563954145e-06,1,sample_5
gene_70,5.5805930622618e-06,1,sample_5
gene_170,2.66147407958975e-06,1,sample_5
gene_417,3.16453895205208e-06,1,sample_5
gene_921,-4.87262352527847e-06,1,sample_5
gene_864,1.05118531540237e-06,1,sample_5
gene_703,2.28038592592191e-07,1,sample_5
gene_471,-3.45417109642614e-06,1,sample_5
gene_585,-2.52647965279104e-06,1,sample_5
gene_832,-1.00016324184413e-06,1,sample_5
gene_404,-5.38161590217189e-06,1,sample_5
gene_850,1.44397059487067e-06,1,sample_5
gene_559,-5.62451100733654e-05,1,sample_5
gene_364,4.04731497572429e-06,1,sample_5
gene_846,4.8607942726971e-06,1,sample_5
gene_148,-6.10666192668785e-07,0.225927121633929,sample_5
gene_139,1.04711207510743e-05,0.614181254511964,sample_5
gene_592,-7.79537534017821e-07,1,sample_5
gene_853,4.96250824862052e-06,0.349752423721301,sample_5
gene_32,-6.28466096900511e-07,1,sample_5
gene_169,-1.50035976116658e-06,1,sample_5
gene_186,1.36320640685751e-06,1,sample_5
gene_115,5.87540716401108e-06,1,sample_5
gene_966,7.31435378754882e-06,1,sample_5
gene_509,2.26200722354044e-06,1,sample_5
gene_650,7.95074857142916e-06,1,sample_5
gene_699,0.562611629937037,1,sample_5
gene_539,-4.58341618620136e-08,1,sample_5
gene_294,3.22621953597065e-07,1,sample_5
gene_503,7.03957923798736e-06,1,sample_5
gene_448,4.04091631686898e-06,1,sample_5
gene_419,-2.73377083580258e-06,1,sample_5
gene_9,-1.97547110924837e-06,1,sample_5
gene_246,1.37168749110708e-05,1,sample_5
gene_482,8.55730348338412e-06,1,sample_5
gene_191,3.57745899511595e-06,1,sample_5
gene_180,1.72243938468516e-06,1,sample_5
gene_640,-3.87362425528787e-06,1,sample_5
gene_413,-8.1436591601365e-07,0.470921835444096,sample_5
gene_607,8.34961827033509e-07,1,sample_5
gene_817,2.84824870878221e-06,1,sample_5
gene_925,-1.46297469509985e-06,1,sample_5
gene_919,-2.15279285871494e-06,1,sample_5
gene_568,-2.84212507548006e-06,1,sample_5
gene_614,-3.4639945728278e-07,1,sample_5
gene_296,5.19311391157151e-06,1,sample_5
gene_550,2.06693159588513e-06,1,sample_5
gene_468,2.42665684365924e-07,1,sample_5
gene_786,-9.82516346750336e-07,1,sample_5
gene_277,6.83620320329192e-06,1,sample_5
gene_830,5.0378544781827e-06,1,sample_5
gene_271,-2.31826581272418e-06,1.10872101787045e-05,sample_5
gene_923,3.66863632848313e-06,1,sample_5
gene_208,1.43432153678678e-06,1,sample_5
gene_328,-1.17243507290662e-06,1,sample_5
gene_900,1.11793108728331e-06,1,sample_5
gene_50,-0.000130423553999188,1,sample_5
gene_153,-4.46369807413701e-06,0.529543744775925,sample_5
gene_203,1.08592667147339e-06,1,sample_5
gene_41,3.68461454227374e-06,0.382232205685627,sample_5
gene_312,-6.35024515704475e-08,1,sample_5
gene_450,-1.65289891072662e-07,1,sample_5
gene_266,2.56111013471143e-06,0.940096220008645,sample_5
gene_87,1.7191501211735e-06,0.790095169651134,sample_5
gene_978,0.00014052114565015,1,sample_5
gene_907,-4.3805878993444e-06,1,sample_5
gene_58,2.62994034436438e-06,0.448934272268365,sample_5
gene_30,2.38295416978593e-06,0.906269518249328,sample_5
gene_37,1.0187429024548e-06,1,sample_5
gene_971,1.18195719547653e-05,0.883302947947876,sample_5
gene_24,6.21062237368095e-06,1,sample_5
gene_427,2.00487324557883,0.129153389871519,sample_5
gene_649,-3.56736216502761e-06,0.688603087590674,sample_5
gene_396,-2.10012991666012e-07,0.904112303389398,sample_5
gene_374,-8.86190501422154e-07,0.236559161294893,sample_5
gene_61,7.56530810433795e-06,1,sample_5
gene_534,3.85146333950502e-06,1,sample_5
gene_951,-8.42539772760781e-08,1,sample_5
gene_460,7.09078294041482e-06,1,sample_5
gene_717,1.21314710007375e-06,1,sample_5
gene_653,-7.21696769610756e-07,0.749168396971879,sample_5
gene_361,7.37377880821795e-07,1,sample_5
gene_815,7.44285283774158e-07,1,sample_5
gene_14,4.54184578055383e-06,1,sample_5
gene_600,5.31702360217381e-06,1,sample_5
gene_371,-8.76847373575449e-07,0.611159285491538,sample_5
gene_531,1.04002840023208e-06,1,sample_5
gene_999,-1.15444721948259e-06,0.0368683802102991,sample_5
gene_497,1.51746739607728e-06,1,sample_5
gene_434,-8.71862180226091e-09,1,sample_5
gene_304,-4.61054812306145e-06,1,sample_5
gene_134,1.539362118215e-05,1,sample_5
gene_778,3.98044667391989e-06,1,sample_5
gene_232,8.45259771383496e-06,1,sample_5
gene_289,-5.74778537589758e-08,1,sample_5
gene_387,6.09137621093541e-07,1,sample_5
gene_791,1.79744152804409,0.109360224792168,sample_5
gene_702,-7.9317612989797e-07,0.129506494602775,sample_5
gene_135,-1.67165217388987e-06,1,sample_5
gene_662,-3.3573337332027e-06,0.129959900337468,sample_5
gene_488,-2.06136203982921e-07,1,sample_5
gene_543,1.7726765337109e-06,0.70712662737499,sample_5
gene_10,4.06534556192653e-06,0.632973087300012,sample_5
gene_986,7.20549475557277e-06,0.221311984730632,sample_5
gene_411,1.64812944689139e-06,1,sample_5
gene_993,-2.49155708693588e-06,1,sample_5
gene_29,2.46315161037336e-06,0.983298050317148,sample_5
gene_161,-4.90453940378361e-06,0.367008817981584,sample_5
gene_67,4.90441455545147e-07,1,sample_5
gene_416,-4.64713143254461e-07,0.783574077057366,sample_5
gene_26,-1.33885331574016e-07,1,sample_5
gene_35,-2.71958546666622e-06,1,sample_5
gene_659,2.36230856955003e-06,1,sample_5
gene_684,-1.48888972214481e-05,0.690311383500061,sample_5
gene_311,-6.12917249854256e-07,1,sample_5
gene_195,-7.17566884375619e-07,1,sample_5
gene_589,3.30138550805041e-06,1,sample_5
gene_974,2.02686809666674e-06,1,sample_5
gene_453,1.01624295250136e-06,1,sample_5
gene_582,-1.22747299062482e-06,1,sample_5
gene_617,9.15518262151809e-06,0.00296734050039288,sample_5
gene_804,9.31027181968353e-08,1,sample_5
gene_102,3.57151953369275e-06,0.119835862966028,sample_5
gene_15,-5.31021271115739e-07,0.263446191813216,sample_5
gene_780,-1.36449716727087e-06,0.00831253496392202,sample_5
gene_794,5.9345101257332e-06,0.139156199399415,sample_5
gene_207,-3.23351119130141e-06,0.0977144619476086,sample_5
gene_811,1.2311688937099e-06,1,sample_5
gene_236,2.91685385620491e-06,0.448474716411158,sample_5
gene_671,-1.95772202753878e-07,1,sample_5
gene_544,1.8516271530371e-06,0.471340038478085,sample_5
gene_315,2.29651346235018e-06,0.625487608704099,sample_5
gene_227,-2.27244968364108e-06,0.0725209344843329,sample_5
gene_295,-5.590832358844e-07,1,sample_5
gene_685,-6.64491191519893e-06,0.0400838835874742,sample_5
gene_483,5.38750097586773e-06,1,sample_5
gene_424,4.65897976394414e-06,1,sample_5
gene_301,-9.10197445878306e-07,0.866866869433229,sample_5
gene_249,-8.94409031659291e-07,1,sample_5
gene_548,0.000113631170839127,0.932828405265311,sample_5
gene_688,-1.09495242241457e-07,1,sample_5
gene_74,1.14430563758329,0.0825803932291829,sample_5
gene_445,4.76887151488992e-06,0.203567986255201,sample_5
gene_412,1.19689224657077e-06,0.904627285428041,sample_5
gene_145,8.02064149790355e-06,1,sample_5
gene_774,1.30038392881795e-05,1,sample_5
gene_823,1.88701357459231e-07,1,sample_5
gene_694,7.36090479613794e-06,1,sample_5
gene_906,4.93519669642802e-06,1,sample_5
gene_56,3.64343879280529e-06,1,sample_5
gene_162,-4.85695514528806e-07,0.448171619944052,sample_5
gene_176,-2.43940059031249e-07,1,sample_5
gene_565,0.00120146916428938,1,sample_5
gene_914,-4.89811278331355e-06,0.160934969309789,sample_5
gene_865,-3.87794881445497e-05,1,sample_5
gene_926,1.03571688279322e-06,1,sample_5
gene_398,3.14366442497983e-07,1,sample_5
gene_840,-5.88428081680707e-07,1,sample_5
gene_418,2.7680054068004e-07,1,sample_5
gene_796,-2.23724245273909e-06,0.941676966051754,sample_5
gene_409,3.40056078572127e-06,1,sample_5
gene_803,4.51600595821428e-06,1,sample_5
gene_909,-3.96708332728778e-06,1,sample_5
gene_899,-1.53436315629373e-06,0.784674847118054,sample_5
gene_502,1.43284248696342e-06,1,sample_5
gene_985,1.88975413814275e-06,1,sample_5
gene_160,-1.128396910195e-07,1,sample_5
gene_308,1.10835261249022e-06,1,sample_5
gene_390,2.46355216026261e-06,0.647776948211791,sample_5
gene_952,3.24369252487281e-06,1,sample_5
gene_260,-1.86506649443741e-07,0.949800257681003,sample_5
gene_54,-1.87508536608285e-07,1,sample_5
gene_663,6.0911452742201e-07,1,sample_5
gene_959,1.63811389660342e-05,1,sample_5
gene_931,-1.95873961989849e-07,1,sample_5
gene_648,6.23713308543013e-07,1,sample_5
gene_660,-1.03283653971455e-06,0.405097694406994,sample_5
gene_596,-6.25282631316644e-06,0.825974561353597,sample_5
gene_739,-3.06887880881792e-07,0.64868554999897,sample_5
gene_187,5.66072854305106e-08,1,sample_5
gene_313,-2.67706107053112e-07,0.90710267133818,sample_5
gene_541,-3.85320361168232e-07,1,sample_5
gene_422,-7.0562293324705e-09,1,sample_5
gene_577,-1.40152454365116e-07,0.885422277136672,sample_5
gene_772,6.96115377635779e-07,0.885928820422789,sample_5
gene_353,-1.11507665798046e-07,1,sample_5
gene_639,3.57602711083046e-07,0.726133508262947,sample_5
gene_331,-1.57699752563042e-07,0.735664062288584,sample_5
gene_646,3.25896892875337e-07,0.95395288821968,sample_5
gene_342,-1.50996595544243e-08,1,sample_5
gene_16,2.33708472757427e-06,0.7571336482833,sample_5
gene_776,8.87212339651103e-08,1,sample_5
gene_845,4.32768953298627e-06,0.124029593724979,sample_5
gene_200,5.43582324542612e-06,0.318602099406835,sample_5
gene_184,-1.05424044747233e-07,1,sample_5
gene_755,-3.21891020239984e-07,0.985409692876987,sample_5
gene_466,6.87868502134784e-07,1,sample_5
gene_299,-1.1963267878179e-08,1,sample_5
gene_379,2.55798777044304e-06,0.604584618560256,sample_5
gene_355,1.35394881883376e-06,0.272116759643053,sample_5
gene_762,-2.15429659642829e-07,0.81167473285939,sample_5
gene_584,-1.52627629390306e-07,1,sample_5
gene_572,2.78840472049549e-07,1,sample_5
gene_595,2.1082071172534e-06,0.443810611473618,sample_5
gene_610,-4.85600198647155e-08,1,sample_5
gene_484,-1.87675619352107e-09,1,sample_5
gene_869,1.35921770955098e-06,0.666354604023644,sample_5
gene_458,4.19462782975872e-07,1,sample_5
gene_753,-2.00751444662052e-06,1,sample_5
gene_4,4.95897907930833e-06,1,sample_5
gene_253,4.64663682124878e-06,1,sample_5
gene_144,-3.63256361209492e-06,1,sample_5
gene_561,-4.61940016846453e-06,1,sample_5
gene_742,4.44745779797111e-06,1,sample_5
gene_636,1.92229237030557,0.0246594625305684,sample_5
gene_989,1.49695795914253e-06,1,sample_5
gene_501,-2.73834687571896e-06,0.540103502743488,sample_5
gene_863,-9.15263341467039e-07,1,sample_5
gene_449,-5.46741854823645e-06,0.307765237929844,sample_5
gene_288,4.08101207439748e-07,1,sample_5
gene_99,1.83743209765883e-06,1,sample_5
gene_761,-1.68455002823541e-05,1,sample_5
gene_844,1.50710845408801e-06,1,sample_5
gene_57,3.70372806562559e-06,0.389117792577921,sample_5
gene_114,-6.54609067841663e-07,1,sample_5
gene_111,2.95366761396684e-06,1,sample_5
gene_816,5.98730151179404e-06,0.372291253830735,sample_5
gene_233,4.2283357318922e-06,0.19918895561291,sample_5
gene_870,-3.16633760987357e-06,1,sample_5
gene_124,3.23377258055354e-06,0.85045168752481,sample_5
gene_104,1.84893591540369,0.0425492006049496,sample_5
gene_618,-2.36703039848617e-07,0.254247387365949,sample_5
gene_587,-1.61018201532989e-07,1,sample_5
gene_990,5.24822970694748e-06,1,sample_5
gene_373,1.13886377694078e-05,1,sample_5
gene_861,4.10385132848894e-07,1,sample_5
gene_697,-3.51490266316822e-06,1,sample_5
gene_213,4.10075201961478e-06,1,sample_5
gene_735,-3.17580266901956e-07,1,sample_5
gene_981,9.0433514548958e-08,1,sample_5
gene_93,2.31431741342179e-06,1,sample_5
gene_950,1.58993445089429e-05,1,sample_5
gene_465,3.45472251028324e-07,1,sample_5
gene_212,9.16073564831567e-06,0.648951153391879,sample_5
gene_237,4.64034130151392e-06,1,sample_5
gene_49,6.08903115951203e-07,1,sample_5
gene_183,-1.46152407178747e-07,1,sample_5
gene_759,-1.30389367465573e-07,0.598175937242512,sample_5
gene_344,1.44391824452668e-06,1,sample_5
gene_887,3.75365772744743e-06,1,sample_5
gene_644,2.14163472872631e-06,1,sample_5
gene_828,-8.65536251324108e-07,1,sample_5
gene_862,2.43312929391183,0.0134941111263135,sample_5
gene_752,-3.33618304460874e-07,1,sample_5
gene_638,-4.84169884432827e-07,1,sample_5
gene_220,-3.72855402412373e-06,0.739306849313998,sample_5
gene_303,8.25484139142869e-07,1,sample_5
gene_787,-9.09993369931977e-07,0.0911240585473206,sample_5
gene_760,1.89844051453431,0.0507945058847453,sample_5
gene_272,-4.92439381584513e-07,1,sample_5
gene_43,-2.31408435287705e-06,0.111339817641212,sample_5
gene_603,-7.66200823624614e-06,1,sample_5
gene_567,1.76051909522637e-05,1,sample_5
gene_893,-4.43891772855683e-07,0.642230272849737,sample_5
gene_627,-6.05765384790727e-07,0.377689195805216,sample_5
gene_270,-4.95974974231262e-07,0.184574790539394,sample_5
gene_997,1.49160371431381e-06,0.699742304355338,sample_5
gene_165,-3.6185285797295e-07,0.377865862433325,sample_5
gene_962,1.75279488984711e-06,1,sample_5
gene_112,1.08627096266242e-05,1,sample_5
gene_889,7.57322333506532e-06,1,sample_5
gene_73,-5.79372079733939e-06,1,sample_5
gene_393,1.38608166041774e-06,1,sample_5
gene_692,-6.76327071168463e-09,1,sample_5
gene_123,4.1865165494323e-06,0.786047222936677,sample_5
gene_837,1.49629741505413e-06,1,sample_5
gene_976,6.29258517122539e-06,0.198001595172575,sample_5
gene_623,8.44528374687694e-07,1,sample_5
gene_127,-4.7495287299027e-07,1,sample_5
gene_927,-5.8698070994408e-08,1,sample_5
gene_105,-7.9064213621916e-07,1,sample_5
gene_734,-6.0543943137479e-07,1,sample_5
gene_426,-3.32473118357785e-07,1,sample_5
gene_601,-9.24223740435334e-07,1,sample_5
gene_8,-2.57923361103645e-06,1,sample_5
gene_847,-3.08789519005115e-06,1,sample_5
gene_594,-2.62605302677248e-05,1,sample_5
gene_474,-1.68743954196124e-06,0.00414464458753891,sample_5
gene_325,-3.48832416208713e-06,1,sample_5
gene_620,6.55669334128589e-06,1,sample_5
gene_632,3.15855141495588e-06,1,sample_5
gene_866,-2.30688801633369e-06,1,sample_5
gene_551,4.48851622482922e-07,1,sample_5
gene_31,1.04707613311264e-06,1,sample_5
gene_527,8.21156753667581e-06,1,sample_5
gene_110,1.07689675560909e-06,0.894516655161248,sample_5
gene_470,-4.26542180681627e-07,0.0187559380413097,sample_5
gene_988,-9.23011978220763e-07,0.165986629113938,sample_5
gene_399,-2.36431841173907e-07,1,sample_5
gene_389,-1.30455021705851e-06,1,sample_5
gene_619,-2.12700842281582e-07,0.152476503626171,sample_5
gene_747,2.60319395328275e-06,1,sample_5
gene_368,2.6168215871136e-06,1,sample_5
gene_808,4.67606296672059e-06,1,sample_5
gene_858,-2.20506545545584e-06,1,sample_5
gene_934,9.99079464352599e-06,1,sample_5
gene_242,1.47377517960831e-05,1,sample_5
gene_949,-5.56612264667496e-07,0.000509245202542025,sample_5
gene_397,-1.21601438259238e-07,1,sample_5
gene_652,6.06888135929754e-07,1,sample_5
gene_292,-5.52726933752973e-07,1,sample_5
gene_579,-1.9190573386331e-06,0.963124668335681,sample_5
gene_980,-5.37789970370516e-07,1,sample_5
gene_226,-3.51814713515306e-07,1,sample_5
gene_55,2.53315708594179e-05,1,sample_5
gene_903,2.66652525074154e-07,1,sample_5
gene_545,3.56024220484376e-06,1,sample_5
gene_574,-2.75691400904213e-06,1,sample_5
gene_431,-2.59641383376105e-07,0.581259109798923,sample_5
gene_983,-5.92704528789634e-07,0.0103108297992224,sample_5
gene_382,-8.36580193838839e-07,1,sample_5
gene_814,-3.89504316870953e-07,1,sample_5
gene_878,-1.88501238793843e-06,0.567139741893564,sample_5
gene_42,-7.38683649843233e-08,0.752955088029954,sample_5
gene_628,3.0773695710117e-06,0.962327810223092,sample_5
gene_319,-2.21841500713644e-06,0.292703788633497,sample_5
gene_268,-2.43761540029143e-06,0.471845666729026,sample_5
gene_751,4.54181074280291e-06,0.558193687112195,sample_5
gene_505,-0.000281647931435684,1,sample_5
gene_151,-8.93231703907156e-07,1,sample_5
gene_205,-8.19395756287803e-06,1,sample_5
gene_223,2.32804957886132e-06,0.999826177289247,sample_5
gene_674,-1.97953054230575e-06,1,sample_5
gene_948,-1.4538797536067e-06,1,sample_5
gene_385,5.59835376246582e-05,1,sample_5
gene_380,1.44015124093655e-06,1,sample_5
gene_802,4.31873957795361e-06,1,sample_5
gene_604,-6.61517084704115e-07,1,sample_5
gene_261,-1.38515106203923e-06,1,sample_5
gene_446,5.00571573310466e-06,1,sample_5
gene_771,-1.05415090999486e-06,1,sample_5
gene_360,2.31619491541245e-06,1,sample_5
gene_736,-2.85540570298731e-05,1,sample_5
gene_498,7.23740355486933e-06,1,sample_5
gene_171,1.0968201073347e-05,1,sample_5
gene_979,1.3894265267265e-06,1,sample_5
gene_108,-3.06241506028016e-06,1,sample_5
gene_128,-2.74173961354279e-06,1,sample_5
gene_279,4.19260581503125e-06,1,sample_5
gene_363,5.51051947399766e-07,1,sample_5
gene_881,-1.51848957671559e-06,1,sample_5
gene_756,-5.31838399624422e-07,1,sample_5
gene_59,1.29718882241194e-05,1,sample_5
gene_677,4.94488053339207e-06,1,sample_5
gene_819,2.94423074511847e-06,1,sample_5
gene_738,2.96377953047125e-06,1,sample_5
gene_476,-3.32956359102851e-05,1,sample_5
gene_536,1.31469669507639e-06,1,sample_5
gene_109,-1.4645025233693e-06,1,sample_5
gene_726,4.16739375088358e-06,1,sample_5
gene_707,-7.11204758946625e-05,1,sample_5
gene_598,-7.76410430089618e-06,1,sample_5
gene_323,-3.41200433741195e-06,1,sample_5
gene_243,1.27384821215655e-06,1,sample_5
gene_575,-5.30811277113038e-06,1,sample_5
gene_21,1.00965125154128e-05,1,sample_5
gene_991,-3.68063987397229e-06,1,sample_5
gene_569,-4.39734080323234e-06,1,sample_5
gene_616,1.4459498672259e-06,1,sample_5
gene_612,-1.87785255706765e-06,1,sample_5
gene_973,-6.73435227904568e-06,1,sample_5
gene_196,4.02879552361715e-06,1,sample_5
gene_479,-5.35055721835236e-06,0.00104012778858995,sample_5
gene_400,4.50703350903049e-06,1,sample_5
gene_691,-2.11337788619352e-06,1,sample_5
gene_705,-4.17859464160634e-07,1,sample_5
gene_84,-1.0000765681041e-07,1,sample_5
gene_613,4.58310394321769e-06,1,sample_5
gene_606,3.41425736170616e-06,1,sample_5
gene_254,-3.21436272444117e-07,1,sample_5
gene_667,-4.97473379289611e-07,0.0640103430205343,sample_5
gene_518,1.35165501490735e-07,1,sample_5
gene_204,6.05822581573126e-06,1,sample_5
gene_634,2.93804910972941e-06,1,sample_5
gene_280,-3.01570063177759e-06,1,sample_5
gene_306,6.58850997614035e-06,1,sample_5
gene_336,-8.52969260179139e-08,1,sample_5
gene_357,4.95609074354661e-06,1,sample_5
gene_514,2.19829778307727e-06,1,sample_5
gene_3,1.17159824848458e-06,1,sample_5
gene_637,2.55592319813388e-06,0.857087370615319,sample_5
gene_696,2.75274631177666e-06,1,sample_5
gene_605,-1.0119447942842e-06,1,sample_5
gene_403,4.29141671715538e-07,1,sample_5
gene_562,4.5131778997878e-06,0.176132303174895,sample_5
gene_273,9.43775825770856e-07,1,sample_5
gene_464,1.34799376203495e-06,1,sample_5
gene_968,-4.03384963332666e-06,1,sample_5
gene_581,-7.15535104627858e-07,1,sample_5
gene_946,2.5242405673549e-06,0.374756923812266,sample_5
gene_100,-6.25868915885708e-06,1,sample_5
gene_329,7.69472747719493e-07,1,sample_5
gene_366,-9.23146337309256e-08,1,sample_5
gene_693,-3.03648404884341e-07,1,sample_5
gene_252,9.13215339806468e-06,1,sample_5
gene_939,-0.00018931127139844,1,sample_5
gene_972,-6.41880108938613e-08,1,sample_5
gene_408,2.25960064066538e-07,1,sample_5
gene_267,3.31423380448663e-06,1,sample_5
gene_75,3.69042989858801e-06,1,sample_5
gene_556,-7.51983123147735e-06,0.8184684953528,sample_5
gene_967,9.42074982688921e-06,1,sample_5
gene_960,-9.13419698581217e-06,0.258865911553101,sample_5
gene_553,-1.77947469090266e-06,0.0373912036664188,sample_5
gene_540,-1.65931851751642e-06,0.866668467629253,sample_5
gene_428,7.25784683274153e-08,1,sample_5
gene_767,-5.05509090173421e-07,1,sample_5
gene_459,2.37345143667613e-06,1,sample_5
gene_954,1.81853335801855e-05,1,sample_5
gene_121,-6.62012492910358e-06,1,sample_5
gene_48,1.47964930106206e-06,1,sample_5
gene_965,-1.53933387344657e-06,1,sample_5
gene_812,5.50175543529345e-06,1,sample_5
gene_179,-7.7627288072164e-06,1,sample_5
gene_248,4.90360693697889e-07,1,sample_5
gene_167,-1.24589104562915e-06,0.613444519488902,sample_5
gene_624,3.50081914311909e-07,1,sample_5
gene_467,2.58599131563631e-06,1,sample_5
gene_290,-2.31885495193563e-06,1,sample_5
gene_516,2.38360805577877e-06,1,sample_5
gene_22,-1.91568694551161e-06,1,sample_5
gene_435,-1.63344615617166e-06,0.00419335881533693,sample_5
gene_709,1.10024417953604e-05,0.808185670396743,sample_5
gene_669,7.61349716801691e-07,1,sample_5
gene_101,-7.42542700830126e-08,1,sample_5
gene_763,-2.31241389258179e-06,1,sample_5
gene_264,-5.64548473946738e-07,0.956887342712434,sample_5
gene_281,-1.83204523339741e-07,0.486012057065798,sample_5
gene_423,-2.81441565783351e-06,0.0199332700673742,sample_5
gene_998,-2.23225159892868e-07,1,sample_5
gene_495,1.13374670297568e-06,1,sample_5
gene_159,1.05699373849952e-05,1,sample_5
gene_806,-1.07925840352211e-06,0.7650042180333,sample_5
gene_714,1.33315643199879e-06,1,sample_5
gene_18,-1.12941775562584e-05,0.00642260906180119,sample_5
gene_757,-3.73319213928029e-06,0.749854345541621,sample_5
gene_715,6.89637062199986e-07,1,sample_5
gene_206,-8.58163132679938e-07,1,sample_5
gene_358,-4.65020642692932e-07,0.462749548003771,sample_5
gene_525,1.21423407082988e-05,1,sample_5
gene_754,-1.51567911149697e-07,1,sample_5
gene_673,9.8916973263704e-06,1,sample_5
gene_586,-9.11853648778947e-06,1,sample_5
gene_345,4.7714080936445e-06,1,sample_5
gene_855,-9.35948650999684e-07,0.0525931397076169,sample_5
gene_310,1.47969250828302e-06,0.762164393716988,sample_5
gene_654,-2.21631093776653e-06,1,sample_5
gene_149,3.51740701590753e-07,1,sample_5
gene_234,-2.13795258330718e-07,1,sample_5
gene_71,-1.37881981085623e-06,0.420123838195301,sample_5
gene_198,5.83322237548003e-07,1,sample_5
gene_913,-3.92148759881082e-06,0.00562027530839059,sample_5
gene_156,-3.32798005202937e-06,1,sample_5
gene_33,-7.07142242953934e-07,1,sample_5
gene_317,1.42900552462507e-06,1,sample_5
gene_961,1.13736173448456e-06,0.865745812798479,sample_5
gene_433,6.2509825901785e-07,1,sample_5
gene_395,4.90357276078279e-06,1,sample_5
gene_481,-9.80992126024947e-07,1,sample_5
gene_642,1.07643052497946e-05,1,sample_5
gene_321,-2.85780674661764e-06,2.23309731070138e-07,sample_5
gene_635,-3.78122650378759e-07,1,sample_5
gene_354,-9.29234317725664e-07,1,sample_5
gene_831,-1.51678047567845e-06,1,sample_5
gene_857,2.37620904915524e-06,1,sample_5
gene_722,-1.50300089150463e-06,1,sample_5
gene_282,-2.70688142493584e-06,0.983388280918894,sample_5
gene_2,-1.9285715766568e-07,1,sample_5
gene_890,2.29179158727777e-06,1,sample_5
gene_713,-4.66730137518668e-06,9.96327267428937e-05,sample_5
gene_168,4.16913977448026e-06,0.52782985992851,sample_5
gene_82,5.37564925771924e-07,1,sample_5
gene_547,5.98949919978051e-08,1,sample_5
gene_874,1.85983820703954e-06,0.917400341879888,sample_5
gene_218,3.01712324121125e-06,0.736466616635876,sample_5
gene_486,-1.31484507926334e-06,0.500591130729593,sample_5
gene_917,3.61967671952269,0.000450307961740425,sample_5
gene_457,2.14631132500954e-06,1,sample_5
gene_602,-1.44996987433948e-05,1,sample_5
gene_724,-5.8436792418701e-07,1,sample_5
gene_766,2.724100024854e-06,1,sample_5
gene_322,5.649241754088e-06,0.98807817721875,sample_5
gene_46,-6.79541650633259e-07,1,sample_5
gene_920,-1.64421870437863e-05,1,sample_5
gene_172,8.33818715633591e-06,1,sample_5
gene_401,6.79016714734754e-06,1,sample_5
gene_895,-3.88347873229771e-07,1,sample_5
gene_452,1.39047107913495e-05,1,sample_5
gene_729,2.01659814532519e-06,1,sample_5
gene_743,-1.08393008688839e-05,0.914382280765591,sample_5
gene_240,-7.20377328177316e-07,1,sample_5
gene_300,1.1827120625351e-05,1,sample_5
gene_146,1.57347990221617e-05,1,sample_5
gene_730,-3.03131760189383e-06,1,sample_5
gene_748,1.36209215105935e-06,1,sample_5
gene_293,3.28666245221382e-07,1,sample_5
gene_36,-1.1477140366377e-06,1,sample_5
gene_576,-2.1180629679351e-06,1,sample_5
gene_402,-6.38158467357112e-07,1,sample_5
gene_244,-9.7199793011618e-08,1,sample_5
gene_154,-1.622399510893e-08,1,sample_5
gene_852,-9.86924346992146e-07,1,sample_5
gene_611,-1.50896449175436e-06,0.576209622680288,sample_5
gene_164,1.02905097086829e-07,1,sample_5
gene_524,-2.42595898278179e-06,0.00766241251442202,sample_5
gene_538,7.91641532567366e-06,1,sample_5
gene_429,-6.31945188980337e-07,1,sample_5
gene_316,-4.01586326376228e-07,1,sample_5
gene_91,-6.97220575914318e-06,0.414311567246429,sample_5
gene_902,-3.50879446225656e-06,1,sample_5
gene_17,9.17337327777562e-08,1,sample_5
gene_593,6.78989923224923e-07,1,sample_5
gene_629,-3.88184284764873e-06,1,sample_5
gene_519,1.68673903373628e-07,1,sample_5
gene_263,-4.97340113094871e-06,1,sample_5
gene_493,-5.02344121023925e-07,1,sample_5
gene_836,5.02675268613962e-07,1,sample_5
gene_892,-3.71731556041146e-06,8.31962801935746e-10,sample_5
gene_922,5.96005876723167e-07,1,sample_5
gene_83,2.76949166613299e-06,1,sample_5
gene_549,2.34927058936052e-06,0.990971694675174,sample_5
gene_209,5.05153201342665e-07,1,sample_5
gene_269,4.49825744579034e-06,1,sample_5
gene_695,-2.06085040422349e-06,0.0397874253909466,sample_5
gene_406,-6.33499350859475e-07,1,sample_5
gene_740,1.57539675539858e-06,1,sample_5
gene_727,-9.01236077345256e-07,1,sample_5
gene_1000,5.33227090787329e-06,1,sample_5
gene_140,-1.20840851673763e-06,1,sample_5
gene_219,3.76054680425808e-07,1,sample_5
gene_491,3.52159393580112e-06,1,sample_5
gene_262,-9.60828705776181e-07,1,sample_5
gene_564,-5.78923091441534e-07,0.383927210310653,sample_5
gene_824,5.18292993053446e-06,1,sample_5
gene_643,-0.000188122345631112,1,sample_5
gene_120,1.97955773348348e-06,0.902036672582804,sample_5
gene_563,-1.3977290394514e-06,1,sample_5
gene_768,-9.0741687341986e-07,0.851055730465281,sample_5
gene_558,9.5406557997384e-08,1,sample_5
gene_512,2.63798583546317e-06,1,sample_5
gene_147,3.96755518660106e-06,1,sample_5
gene_454,-1.45993711765387e-06,1,sample_5
gene_744,5.5464827487357e-07,1,sample_5
gene_477,7.19158172953731e-06,1,sample_5
gene_25,1.95528160423927e-06,1,sample_5
gene_969,1.53962911016782e-05,1,sample_5
gene_996,2.509073549906e-07,1,sample_5
gene_194,8.22220366580254e-06,1,sample_5
gene_132,3.93354365982342e-07,1,sample_5
gene_494,-2.86666236109909e-07,1,sample_5
gene_190,1.59716689262172e-06,1,sample_5
gene_647,1.35298211535793e-05,1,sample_5
gene_463,4.91542536395596e-06,1,sample_5
gene_222,-2.15394912421905e-06,1,sample_5
gene_492,-2.95325029595667e-06,1,sample_5
gene_656,-2.81137677576368e-07,1,sample_5
gene_297,3.28156908927191e-06,1,sample_5
gene_785,0.000427109364986517,1,sample_5
gene_86,2.26896321486143,0.0150260945774574,sample_5
gene_770,-4.44175209926997e-06,1,sample_5
gene_963,7.84892862098741e-06,1,sample_5
gene_681,1.65432964194879e-08,1,sample_5
gene_362,1.04431940693549e-05,1,sample_5
gene_912,-1.71450336092014e-06,0.174611592020646,sample_5
gene_444,-1.41129963304274e-06,1,sample_5
gene_897,3.21078971468889e-06,1,sample_5
gene_173,1.31503682342083,0.138437834799476,sample_5
gene_217,-0.000188854020170651,1,sample_5
gene_856,9.98043949500861e-07,1,sample_5
gene_679,-0.76508118864315,1,sample_5
gene_257,-1.1240687295499e-06,1,sample_5
gene_790,5.25190767784888e-06,1,sample_5
gene_725,1.302936135712e-06,1,sample_5
gene_807,1.8180131072643e-06,1,sample_5
gene_45,3.40738582000221e-06,1,sample_5
gene_955,1.75360263529671e-06,1,sample_5
gene_687,1.13362040958245,0.300593631292422,sample_5
gene_94,4.25004963861193e-06,1,sample_5
gene_678,5.25324560915099e-06,0.681698452692006,sample_5
gene_490,6.65718530023049e-06,0.718354596588687,sample_5
gene_719,2.76950056023527e-07,1,sample_5
gene_947,3.7401534061956e-06,0.26794952106768,sample_5
gene_202,5.17607226945136e-06,1,sample_5
gene_142,-1.7416206819193e-07,1,sample_5
gene_188,9.38447903347097e-07,1,sample_5
gene_597,-2.55239554676755e-07,1,sample_5
gene_721,-1.02939369333789e-06,0.942193717566264,sample_5
gene_504,-1.31800847645376e-06,0.558747279072796,sample_5
gene_13,-7.46201438514874e-07,1,sample_5
gene_682,-1.22506643775825e-06,1,sample_5
gene_472,-7.05443892933853e-07,0.175927852983488,sample_5
gene_298,-8.33229972852624e-07,0.106098223766384,sample_5
gene_407,8.66961774172132e-06,1,sample_5
gene_942,-3.33358857874129e-08,4.17291047903883e-06,sample_5
gene_795,-1.27892799766912e-06,1,sample_5
gene_571,-1.45049645684449e-06,1,sample_5
gene_675,-2.56181994348942e-07,0.833885242770643,sample_5
gene_557,-2.28835631110725e-06,0.103374622986023,sample_5
gene_798,-1.13457354648602e-07,0.678300597528958,sample_5
gene_314,6.37893228083444e-06,0.0482802835563611,sample_5
gene_351,-3.36177254538002e-07,0.749559329587107,sample_5
gene_829,1.93080169296468e-06,1,sample_5
gene_984,-2.80229356180279e-06,0.153132890084034,sample_5
gene_633,7.93242469470583e-06,0.0771576963691688,sample_5
gene_728,3.76849301264466,4.22696950523344e-10,sample_5
gene_517,8.09409479689927e-06,1,sample_5
gene_274,-2.66285612662157e-06,1,sample_5
gene_552,-2.7486389351604e-07,1,sample_5
gene_341,2.19313918178308e-07,1,sample_5
gene_96,6.36580351106888e-06,1,sample_5
gene_80,-7.29544432060122e-08,1,sample_5
gene_918,1.10522306127203e-05,1,sample_5
gene_197,2.30976659247424e-06,1,sample_5
gene_60,-5.68786673901102e-06,0.651592556282322,sample_5
gene_276,-1.06474289441701e-06,1,sample_5
gene_5,-1.93459684934286e-06,1,sample_5
gene_841,4.02735429368228e-06,1,sample_5
gene_822,-1.4177819735622e-06,1,sample_5
gene_475,-1.27584596501844e-05,1,sample_5
gene_775,-1.05375946225164e-05,2.26341746060011e-10,sample_5
gene_278,6.9254835661811e-09,1,sample_5
gene_334,-2.06513165901032e-07,0.964520165815301,sample_5
gene_789,1.41493901509409e-06,1,sample_5
gene_686,-9.56629845788556e-08,0.791792864156828,sample_5
gene_930,-2.66210929977855e-06,1,sample_5
gene_625,3.46813543196177e-06,1,sample_5
gene_152,-6.23639695746473e-06,1,sample_5
gene_560,3.47758424983205e-06,1,sample_5
gene_347,4.18269069911572e-07,1,sample_5
gene_826,-5.21023024529708e-06,1,sample_5
gene_621,1.54096861234604e-06,1,sample_5
gene_442,7.72268378492354e-07,1,sample_5
gene_216,2.04175639733526e-07,0.891999958792668,sample_5
gene_924,-2.07770197834261e-06,0.234003282724625,sample_5
gene_801,1.67655261981284e-05,1,sample_5
gene_537,-1.45973157836281e-06,0.223243476037641,sample_5
gene_478,-2.26462777000739e-07,0.693516837253357,sample_5
gene_876,1.34074368962476e-06,1,sample_5
gene_805,-2.05976918230546e-05,1,sample_5
gene_447,4.05918776952412e-06,0.406206305529199,sample_5
gene_499,-8.93206886877572e-07,1,sample_5
gene_326,2.45888585281046e-06,1,sample_5
gene_507,3.76898625397027e-06,0.853774823361349,sample_5
gene_97,1.23216426103232,0.239160032923486,sample_5
gene_631,4.77282891494043e-06,1,sample_5
gene_782,2.75343348353356e-06,1,sample_5
gene_415,-3.33252461628824e-06,1,sample_5
gene_348,-2.40570157342026e-06,1,sample_5
gene_414,-3.23865681859692e-07,1,sample_5
gene_732,-4.35634529823712e-07,1,sample_5
gene_79,-2.12215384593813e-06,0.275699831835031,sample_5
gene_868,-2.17496831125264e-06,0.180294372789993,sample_5
gene_143,-6.41508199533043e-06,0.00557336898635727,sample_5
gene_970,3.79929430363042e-06,1,sample_5
gene_150,-9.13098197354141e-07,1,sample_5
gene_330,-3.82690535079535e-06,1,sample_5
gene_19,5.63882772155848e-05,1,sample_5
gene_320,-1.32726970482939e-08,1,sample_5
gene_131,3.23549220714379e-07,1,sample_5
gene_107,8.72081107274679e-06,1,sample_5
gene_241,2.48601726789547e-08,1,sample_5
gene_510,3.03732178765189e-06,1,sample_5
gene_871,1.29066759569665e-05,1,sample_5
gene_698,-1.44438621763913e-06,1,sample_5
gene_877,2.1869191661105e-06,1,sample_5
gene_193,-1.91457522384072e-06,1,sample_5
gene_566,-7.47457128325864e-06,1,sample_5
gene_66,6.44632232061572e-06,1,sample_5
gene_40,3.61157585139341e-07,1,sample_5
gene_690,-8.87819650132096e-06,1,sample_5
gene_664,7.86629578111789e-06,1,sample_5
gene_977,1.2035395765639e-05,1,sample_5
gene_89,-1.92052182435329e-06,1,sample_5
gene_578,-2.95933491723139e-06,1,sample_5
gene_177,-1.04842801173271e-06,1,sample_5
gene_20,-1.58705247863548e-05,2.94523557711076e-05,sample_5
gene_626,-8.54926770931225e-07,1,sample_5
gene_867,5.88162001197063e-06,1,sample_5
gene_872,-4.70646880563484e-06,1,sample_5
gene_933,-3.44734954236014e-06,1,sample_5
gene_520,2.06880880197958e-06,1,sample_5
gene_915,-2.99329490288304e-06,1,sample_5
gene_720,1.0916047462529e-05,0.0820527029282318,sample_5
gene_901,7.7089612256699e-06,1,sample_5
gene_405,1.10360991805127e-06,1,sample_5
gene_68,7.22682086720291e-06,1,sample_5
gene_542,-2.2768046781113e-07,1,sample_5
gene_251,5.59208289546339e-06,1,sample_5
gene_229,3.33695690272977e-06,1,sample_5
gene_392,-2.77569783223395e-07,1,sample_5
gene_155,7.33415720772477e-06,1,sample_5
gene_432,-3.22400360690286e-07,1,sample_5
gene_716,-5.5236576058651e-07,1,sample_5
gene_590,-4.12124575896767e-07,1,sample_5
gene_658,-1.8339158409065e-06,1,sample_5
gene_655,-1.5237377407407e-06,0.233635377816914,sample_5
gene_439,-5.92883536983024e-07,0.749848423897587,sample_5
gene_843,-8.71096112268646e-07,1,sample_5
gene_987,1.67413760231806,0.0965537214474104,sample_5
gene_898,-6.92443026781539e-07,0.892946534407492,sample_5
gene_372,-1.6586692097371e-06,0.984909198767072,sample_5
gene_834,7.3321354870873e-06,1,sample_5
gene_370,-2.90821280126832e-06,1,sample_5
gene_982,-3.1736857669342e-06,0.0591861142394836,sample_5
gene_199,-2.83782528320897e-06,1,sample_5
gene_182,9.21525506685735e-06,1,sample_5
gene_936,5.46607153221937e-06,0.421939692948418,sample_5
gene_410,2.68121236373215e-06,0.391246222091277,sample_5
gene_420,-0.431082274133232,1,sample_5
gene_827,3.05502968706039e-06,1,sample_5
gene_746,4.64094889775626e-06,1,sample_5
gene_158,-1.46389494351804e-06,1,sample_5
gene_958,-5.23871505164576e-07,0.348453948294426,sample_5
gene_157,6.15604723797955e-06,1,sample_5
gene_338,8.94316716205637e-06,1,sample_5
gene_185,1.16076820068062e-06,1,sample_5
gene_835,-1.83285475751039e-06,1,sample_5
gene_224,2.68310206817049e-06,1,sample_5
gene_916,-7.2482302601974e-07,0.0159603692594046,sample_5
gene_661,-4.61680016004527e-07,0.825568182602434,sample_5
gene_166,4.1464120282638e-06,1,sample_5
gene_848,3.18332068566819e-06,0.526049488200034,sample_5
gene_377,2.71240548070965e-06,1,sample_5
gene_480,-2.98754823728536e-06,1,sample_5
gene_591,4.12530372672938e-06,1,sample_5
gene_859,1.24568745369715e-08,1,sample_5
gene_340,1.21221576233004e-06,1,sample_5
gene_309,6.67981605855197e-07,0.00114564100178126,sample_5
gene_64,-3.34866571596336e-06,1,sample_5
gene_731,-4.43581156615708e-07,0.527399853393261,sample_5
gene_367,1.16559445713068e-06,1,sample_5
gene_65,-1.55896524186268e-06,1,sample_5
gene_63,3.96421603010292e-06,1,sample_5
gene_489,-2.42390469489171e-06,1,sample_5
gene_98,1.16844521401016e-06,1,sample_5
gene_88,-1.86840843769866e-06,0.286324803349367,sample_5
gene_953,-9.33481928728337e-07,0.139570689458307,sample_5
gene_117,5.52550524125608e-06,1,sample_5
gene_609,6.14101163028554e-06,1,sample_5
gene_854,-1.76522413913079e-06,0.150132383421947,sample_5
gene_247,2.28832995953349e-06,1,sample_5
gene_352,7.92952268987613e-07,1,sample_5
gene_521,-2.68439165572313e-06,1,sample_5
gene_462,-1.13763005613036e-06,1,sample_5
gene_665,-1.00093413654568e-07,1,sample_5
gene_944,-1.47225280100729e-06,1,sample_5
gene_181,-4.39135240622858e-06,1,sample_5
gene_773,2.38585414472203e-05,1,sample_5
gene_346,-3.63566956561371e-07,1,sample_5
gene_529,8.43455272561128e-06,1,sample_5
gene_245,-3.05406232673605e-06,1,sample_5
gene_6,-7.6226520485583e-08,1,sample_5
gene_733,5.1371051858895e-06,1,sample_5
gene_239,-4.72673165234683e-07,0.442456309879319,sample_5
gene_932,-1.44718175037352e-06,1,sample_5
gene_335,-1.13991951451485e-06,1,sample_5
gene_28,-9.56332898595449e-06,0.600262548711846,sample_5
gene_515,5.00801566676325e-07,1,sample_5
gene_630,1.41562146562234e-06,1,sample_5
gene_758,-4.29716550430656e-07,1,sample_5
gene_741,1.38675955374121e-06,1,sample_5
gene_783,1.44816257788096e-05,0.409020728680011,sample_5
gene_394,-1.1652013180058e-06,1,sample_5
gene_332,4.27417933352235e-07,1,sample_5
gene_833,-1.368256645488e-06,0.680933028340789,sample_5
gene_745,3.72242756163215e-06,1,sample_5
gene_383,-1.23104819607299e-06,0.170144734506656,sample_5
gene_430,-3.00916589100133e-06,1,sample_5
gene_882,2.03129267545163e-06,1,sample_5
gene_573,2.61448249783776e-06,1,sample_5
gene_779,-2.58248335226342e-06,1,sample_5
gene_496,1.23467026712678e-07,1,sample_5
gene_307,-3.49715486418175e-06,1,sample_5
gene_769,-6.44600968816836e-06,1,sample_5
gene_437,4.45070236214398e-07,0.845347873002936,sample_5
gene_381,-9.17362556317137e-06,0.918473629065599,sample_5
gene_78,-3.42744983324679e-07,1,sample_5
gene_792,-1.15674815859322e-06,1,sample_5
gene_555,1.44547403440654e-05,1,sample_5
gene_51,0.000240834207742899,1,sample_5
gene_813,-1.68439707139778e-06,1,sample_5
gene_375,1.18917518218254e-05,1,sample_5
gene_689,-3.19358094698119e-06,1,sample_5
gene_487,1.48154204294203e-06,1,sample_5
gene_44,-4.26783660917551e-07,1,sample_5
gene_645,2.12088522764255e-06,1,sample_5
gene_500,-2.01154896592408e-06,1,sample_5
gene_896,-3.35717083060237e-06,1,sample_5
gene_860,-1.83365101554208e-06,1,sample_5
gene_174,3.24574097234615e-06,1,sample_5
gene_528,-5.15288803372086e-06,1,sample_5
gene_886,-6.36742247401954e-07,1,sample_5
gene_668,-7.7816344753532e-07,1,sample_5
gene_710,7.7072275094176e-06,1,sample_5
gene_305,6.45619002058957e-06,1,sample_5
gene_122,-1.2055246239422e-06,9.1738840382517e-07,sample_5
gene_820,-5.88781530127559e-07,1,sample_5
gene_210,-5.08585956975804e-06,1,sample_5
gene_884,5.44034232214946e-06,1,sample_5
gene_580,3.22412173187623e-06,1,sample_5
gene_929,4.52438949646643e-06,1,sample_5
gene_530,-9.3025998723485e-07,0.430652477640234,sample_10
gene_683,1.05420550279277e-05,0.215704280609595,sample_10
gene_928,2.03598819863669e-06,0.94324219900984,sample_10
gene_793,-4.11841077468638e-07,0.0388924212112526,sample_10
gene_258,-7.18853218069077e-07,1,sample_10
gene_941,5.57327070464192e-06,1,sample_10
gene_92,-9.15027252167419e-07,1,sample_10
gene_809,9.03770507479583e-06,1,sample_10
gene_106,1.06429772788188e-05,1,sample_10
gene_376,-1.31279439513247e-05,1,sample_10
gene_189,-7.28783501233616e-06,1,sample_10
gene_386,-2.67707456533639e-06,0.032148982346748,sample_10
gene_873,-1.68746015715152e-06,0.191515314519576,sample_10
gene_52,-1.10809698549187e-07,0.982050622569352,sample_10
gene_485,-3.31121619880301e-07,1,sample_10
gene_69,1.31741780642168e-05,0.509602856344464,sample_10
gene_910,1.3633503381839e-05,0.694956323430022,sample_10
gene_994,2.67504516332494e-06,1,sample_10
gene_228,-3.99876368269763e-06,0.139140654279919,sample_10
gene_225,-3.29724620098046e-07,0.136738243496917,sample_10
gene_130,-9.40973746586267e-07,0.412090243069374,sample_10
gene_879,4.1297447658465e-06,1,sample_10
gene_657,-5.84619354105992e-07,1,sample_10
gene_765,-4.64848712210555e-07,0.765804646728576,sample_10
gene_800,-7.76285974354158e-07,0.517699525644663,sample_10
gene_788,-4.30079357419981e-07,1,sample_10
gene_706,-2.30481118658452e-06,0.0330327619166608,sample_10
gene_975,-3.88053675441684e-06,1,sample_10
gene_359,4.99310784172596e-06,0.748660337645772,sample_10
gene_583,-1.05287491432931e-06,1,sample_10
gene_230,6.05421622995474e-07,1,sample_10
gene_839,-6.55870276858411e-07,1,sample_10
gene_523,2.61859237636526e-06,1,sample_10
gene_676,9.18592633703815e-07,0.987673610325296,sample_10
gene_506,-1.15118035900744e-07,0.851340431506306,sample_10
gene_508,3.7234530715487e-07,1,sample_10
gene_214,3.20204303074557e-06,1,sample_10
gene_178,8.33339697177321e-06,1,sample_10
gene_327,2.12016115502181e-06,1,sample_10
gene_940,-9.565340780957e-06,1,sample_10
gene_27,1.4081058769147e-06,1,sample_10
gene_526,-8.98501916458753e-07,0.0718738250092577,sample_10
gene_291,4.41909114915421e-06,1,sample_10
gene_513,1.55302510728562e-05,1,sample_10
gene_192,2.1482246245454e-05,1,sample_10
gene_438,-2.62643262517293e-06,1,sample_10
gene_350,0.000138260556629004,1,sample_10
gene_378,1.29756492837134e-06,1,sample_10
gene_138,-2.91511542723092e-05,1,sample_10
gene_750,1.11334651403826e-05,0.513414252217432,sample_10
gene_708,3.60596672291067e-06,0.308200318655527,sample_10
gene_12,8.63950505403635e-06,0.830853029575377,sample_10
gene_47,1.39888664677996e-05,1,sample_10
gene_880,-6.51553827696111e-07,1,sample_10
gene_781,-7.92784180410808e-06,1,sample_10
gene_451,1.64789859814682,0.0405130571920026,sample_10
gene_456,7.50083323627369e-06,1,sample_10
gene_764,2.48721325158696e-06,1,sample_10
gene_113,1.27490597629175e-05,0.160929436639225,sample_10
gene_133,5.03508561454003e-06,0.298512310731527,sample_10
gene_126,4.72150533149922e-06,1,sample_10
gene_421,1.8330212986133e-05,0.437455063514089,sample_10
gene_62,3.3367296250844e-06,1,sample_10
gene_810,1.1946013507876e-06,0.787718986807952,sample_10
gene_175,-3.54955079568021e-06,0.305896830483176,sample_10
gene_443,-3.89623637731193e-06,0.0272069241217965,sample_10
gene_701,-9.23426960878479e-07,1,sample_10
gene_825,-3.07875450853075e-06,0.306815580203156,sample_10
gene_103,9.68542501494798e-07,1,sample_10
gene_838,1.93879898554447e-05,1,sample_10
gene_777,1.74510536292132e-06,0.56088624506803,sample_10
gene_38,2.61876364560763e-06,1,sample_10
gene_894,6.33741302843233e-06,1,sample_10
gene_821,-1.1169110842285e-06,1,sample_10
gene_324,-4.20312186747772e-06,1,sample_10
gene_875,-3.96771470037289e-06,1,sample_10
gene_238,-5.25226936970954e-07,1,sample_10
gene_723,-3.96820498509047e-06,1,sample_10
gene_455,1.4506076033916e-05,1,sample_10
gene_670,-8.96364462487563e-06,1,sample_10
gene_163,1.46609227250307e-06,1,sample_10
gene_339,7.95865109256921e-06,1,sample_10
gene_11,1.23587151267429,0.224854985098475,sample_10
gene_522,-3.59426682607071e-08,1,sample_10
gene_255,1.32348409368209,0.14814177601434,sample_10
gene_129,1.35868747398728e-06,0.927927550139722,sample_10
gene_286,1.15925343927933,0.279529084932251,sample_10
gene_85,5.07645176806198e-06,1,sample_10
gene_76,-2.26643988346997e-06,0.78220964453982,sample_10
gene_712,2.49537319236106,1.63551968677762e-05,sample_10
gene_891,1.15176540052969,0.305514188864715,sample_10
gene_136,2.41972396134158e-07,1,sample_10
gene_384,0.867851528279442,0.675919769962785,sample_10
gene_440,8.35878046222647e-06,1,sample_10
gene_851,-2.19951197459087e-07,1,sample_10
gene_799,1.46166975766836e-06,1,sample_10
gene_461,2.23583262859446e-05,0.89643705085886,sample_10
gene_221,1.14427230883674e-05,0.853303037779737,sample_10
gene_141,9.02427699714049e-06,1,sample_10
gene_302,1.78400107213934e-05,0.976486005238572,sample_10
gene_964,1.41387446967969e-05,0.999563915119292,sample_10
gene_235,-1.00856243411559e-06,0.0704030976001268,sample_10
gene_469,-1.33398227262369e-06,0.0446150761003675,sample_10
gene_369,5.97072003150761e-06,1,sample_10
gene_784,3.29451498573586e-06,1,sample_10
gene_546,-9.07480701347347e-07,0.497154304063216,sample_10
gene_77,-8.96371041022284e-07,0.648735939674671,sample_10
gene_797,3.35448842095719e-06,0.503321176652995,sample_10
gene_211,5.53280242522901e-06,0.611124110286683,sample_10
gene_849,-9.62964625787491e-07,1,sample_10
gene_215,2.21375182986302e-06,1,sample_10
gene_992,8.93807686232753e-07,1,sample_10
gene_883,-2.22771993512419e-06,1,sample_10
gene_995,-1.23376589551223e-06,1,sample_10
gene_641,2.84165886463615e-05,1,sample_10
gene_622,-5.53891242152462e-06,0.222450487615573,sample_10
gene_95,3.8934615855663e-06,1,sample_10
gene_287,-2.59119350330207e-06,1,sample_10
gene_256,8.4250360601619e-06,1,sample_10
gene_333,1.14364416558167e-05,0.889712015319591,sample_10
gene_651,3.55552833327155e-06,1,sample_10
gene_349,1.29749251463329e-05,1,sample_10
gene_1,1.73887055720196e-05,1,sample_10
gene_473,1.07828271918282e-05,1,sample_10
gene_680,1.32492928565862e-05,1,sample_10
gene_532,-9.95118833997364e-08,1,sample_10
gene_285,2.07420839299596,0.0243673471832075,sample_10
gene_365,3.7956839928718e-06,0.260937307743935,sample_10
gene_608,1.09022343420196e-05,0.511835540656531,sample_10
gene_615,-6.93931371407759e-07,1,sample_10
gene_53,5.87600054492438e-06,0.5341359990679,sample_10
gene_588,3.11739880932365,0.0072620320218323,sample_10
gene_201,8.93207001707462e-07,1,sample_10
gene_672,1.51861902571414e-06,0.724082428011683,sample_10
gene_265,1.16313907738939e-05,1,sample_10
gene_119,1.81273102905621e-06,0.900780566395936,sample_10
gene_908,1.17277598083994e-06,0.693271363632986,sample_10
gene_441,4.4832179544648e-06,0.396306445543479,sample_10
gene_275,-1.50742664868481e-06,1,sample_10
gene_718,1.06866452783363e-06,1,sample_10
gene_943,1.27165022043401e-05,1,sample_10
gene_34,1.13610047010015e-05,0.331113371352177,sample_10
gene_7,7.27063620968806e-07,1,sample_10
gene_125,-1.59175664786366e-06,1,sample_10
gene_250,1.13619149096728e-05,1,sample_10
gene_842,-7.61924766428762e-08,1,sample_10
gene_511,1.30900521688138e-05,1,sample_10
gene_957,-4.41207840352472e-07,1,sample_10
gene_116,3.40088301914379e-06,1,sample_10
gene_888,-1.4142604951419e-06,0.257397347683526,sample_10
gene_391,3.86359921205838e-06,0.378455117558289,sample_10
gene_749,-3.6772200751998e-07,0.916121685468209,sample_10
gene_704,-6.26164450774065e-07,0.603170683181062,sample_10
gene_137,5.89580768698238e-06,0.21328569857649,sample_10
gene_905,2.39016835703482e-06,0.523893346971441,sample_10
gene_81,-2.90356365723089e-07,1,sample_10
gene_283,-4.00522347970099e-07,1,sample_10
gene_425,1.13631479132783e-05,1,sample_10
gene_938,-2.6175720293307e-06,1,sample_10
gene_737,2.46641133556839e-06,1,sample_10
gene_666,1.41872921312392e-05,0.343086594316861,sample_10
gene_937,4.18320181062412e-07,1,sample_10
gene_700,-9.2440948701844e-07,1,sample_10
gene_388,1.1330542510316e-06,1,sample_10
gene_554,-1.76637215292008e-07,1,sample_10
gene_533,1.21661672279211,0.248770527589493,sample_10
gene_259,2.18252020592288e-05,0.867498284826506,sample_10
gene_945,3.77611157585775e-06,1,sample_10
gene_231,-2.82199971356954e-06,1,sample_10
gene_711,6.09241282869669e-07,1,sample_10
gene_72,2.85605855980133e-06,1,sample_10
gene_39,1.01114588370218e-05,1,sample_10
gene_90,4.43251808282722e-06,1,sample_10
gene_535,9.05275320834737e-06,1,sample_10
gene_337,1.39782800916545e-05,1,sample_10
gene_118,7.60213685967132e-06,1,sample_10
gene_356,-1.51944569048924e-05,1,sample_10
gene_23,2.70090634142086e-05,1,sample_10
gene_599,-8.85631523753181e-07,1,sample_10
gene_935,6.42606238304559e-06,1,sample_10
gene_911,-2.82052340508702e-06,1,sample_10
gene_885,-9.52186842282685e-07,8.2358296125435e-05,sample_10
gene_570,-9.1743622749783e-07,1,sample_10
gene_956,5.93594634096637e-07,0.732603572070072,sample_10
gene_318,3.48779048127552e-06,1,sample_10
gene_70,6.96794561855047e-06,1,sample_10
gene_170,-4.40974446788861e-05,1,sample_10
gene_417,1.86349295743434e-05,1,sample_10
gene_921,-4.11228299710814e-06,1,sample_10
gene_864,6.06156903728596e-06,1,sample_10
gene_703,1.25432903457818e-05,1,sample_10
gene_471,9.33233964638967e-06,1,sample_10
gene_585,-1.51568359883883e-06,1,sample_10
gene_832,1.72938662980254e-06,1,sample_10
gene_404,-7.99859367674982e-09,1,sample_10
gene_850,3.47563441346882e-08,1,sample_10
gene_559,6.31164059861963e-06,1,sample_10
gene_364,5.84510970099699e-06,1,sample_10
gene_846,3.05453555653808e-06,1,sample_10
gene_148,-6.68632154446095e-07,0.0473945359530299,sample_10
gene_139,5.41350918158297e-06,1,sample_10
gene_592,1.22128102670328e-05,1,sample_10
gene_853,3.00184489442541e-06,0.721810188060745,sample_10
gene_32,-1.54223590601667e-06,0.512247400185471,sample_10
gene_169,1.11036462251787e-06,1,sample_10
gene_186,1.15176908663561e-05,1,sample_10
gene_115,7.18603566356567e-06,1,sample_10
gene_966,1.91354046265963,0.000795475875105694,sample_10
gene_509,1.14927159734826e-05,0.937706436899276,sample_10
gene_650,0.806422099646932,1,sample_10
gene_699,1.26302149754293,0.174617898837155,sample_10
gene_539,1.03332198615906e-05,0.935551769250694,sample_10
gene_294,-1.73666539017002e-05,1,sample_10
gene_503,1.57908739901237e-06,1,sample_10
gene_448,-1.07243709858825e-06,1,sample_10
gene_419,3.2279979001128e-07,1,sample_10
gene_9,1.66188627273697e-06,1,sample_10
gene_246,1.67801027687905e-05,1,sample_10
gene_482,-1.46770906202138e-05,0.0260825061686945,sample_10
gene_191,1.93996209480103e-05,1,sample_10
gene_180,1.5983456590173e-05,1,sample_10
gene_640,-3.67091679115075e-06,1,sample_10
gene_413,-3.95513235215508e-08,1,sample_10
gene_607,4.50254092666227e-08,1,sample_10
gene_817,-4.49367487544472e-06,0.359565945954083,sample_10
gene_925,-3.99888314207111e-05,1,sample_10
gene_919,-2.91948626047486e-06,1,sample_10
gene_568,-1.71684624261911e-06,1,sample_10
gene_614,-3.57224841455076e-06,0.00133285390327334,sample_10
gene_296,-6.40895068107274e-07,1,sample_10
gene_550,-1.96877398307797e-06,1,sample_10
gene_468,1.08485464852621e-06,1,sample_10
gene_786,-1.24480778761262e-06,1,sample_10
gene_277,-3.62088919886229e-06,1,sample_10
gene_830,0.000113692574390246,1,sample_10
gene_271,-2.30651413074274e-06,2.88824414111116e-05,sample_10
gene_923,-1.36449536056724e-05,0.202574511198105,sample_10
gene_208,1.08897129200645,0.398303569979145,sample_10
gene_328,-4.0132705831654e-07,1,sample_10
gene_900,7.82058476658017e-06,0.772440122898232,sample_10
gene_50,3.12688455070883e-06,1,sample_10
gene_153,5.37502680782514e-06,1,sample_10
gene_203,-7.20889461050207e-06,1,sample_10
gene_41,1.78115731384077e-06,0.838255880459274,sample_10
gene_312,4.28667548619562e-06,1,sample_10
gene_450,3.50118504392104e-07,1,sample_10
gene_266,2.98690158353657e-06,0.81945647436681,sample_10
gene_87,1.82267503720899e-06,0.754304931588411,sample_10
gene_978,9.49795731977122e-06,0.95685605857168,sample_10
gene_907,6.98706454018323e-06,1,sample_10
gene_58,3.93426346346095e-07,1,sample_10
gene_30,2.68176964772456e-07,0.778694718144602,sample_10
gene_37,8.96013064863995e-06,0.436425883777014,sample_10
gene_971,5.82427410635322e-07,1,sample_10
gene_24,7.08047101585209e-07,1,sample_10
gene_427,-2.84602478123969e-07,0.86284898314881,sample_10
gene_649,-5.91703161735354e-06,9.47357128179413e-09,sample_10
gene_396,-1.04861960210909e-06,0.0756569835631747,sample_10
gene_374,-8.02168604164325e-07,0.405120113292419,sample_10
gene_61,1.06250531574802e-05,1,sample_10
gene_534,1.13630362984839e-05,0.75022015763824,sample_10
gene_951,-1.56285253958395e-05,1,sample_10
gene_460,1.07353069059996,0.457301047382536,sample_10
gene_717,1.42978113256297e-05,0.811957707403226,sample_10
gene_653,-6.47399963364981e-07,0.968498491189632,sample_10
gene_361,1.61845970634128e-05,0.767078487250305,sample_10
gene_815,2.40134800513509e-06,1,sample_10
gene_14,-2.57764197729758e-06,1,sample_10
gene_600,-3.08109788085915e-06,1,sample_10
gene_371,-1.13814968526462e-06,0.550192090220971,sample_10
gene_531,-1.23235873484883e-07,1,sample_10
gene_999,2.13341032232984e-06,0.691420303236467,sample_10
gene_497,1.11827852721845e-05,1,sample_10
gene_434,3.42085938474618e-06,1,sample_10
gene_304,-8.36916916903434e-07,1,sample_10
gene_134,-1.83824927093594e-06,1,sample_10
gene_778,-3.61696597085015e-06,1,sample_10
gene_232,-8.36848084748229e-07,1,sample_10
gene_289,-4.86619694267794e-06,1,sample_10
gene_387,-9.38186020906714e-07,0.0232145246524498,sample_10
gene_791,2.91741890546994e-06,0.499539546221215,sample_10
gene_702,-6.62722571034635e-07,0.486254161849814,sample_10
gene_135,7.10364396848859e-06,1,sample_10
gene_662,-2.27129959892625e-06,1,sample_10
gene_488,5.76453533330555e-06,1,sample_10
gene_543,1.41803195799757e-06,0.834292930153254,sample_10
gene_10,2.90966284855356e-06,0.914685051725029,sample_10
gene_986,6.46657231848432e-06,0.283742113572977,sample_10
gene_411,1.99238692940324,0.0422393093772532,sample_10
gene_993,-6.54565695460148e-06,1,sample_10
gene_29,1.44731327305848e-06,1,sample_10
gene_161,2.14362846171197e-07,1,sample_10
gene_67,2.94309414755109,0.0134140496619075,sample_10
gene_416,-4.72387461985043e-07,0.762798354798423,sample_10
gene_26,-2.62246052665957e-06,1,sample_10
gene_35,1.93969666018249e-06,1,sample_10
gene_659,5.22859263133212e-06,0.617812452856618,sample_10
gene_684,-6.16130255989999e-06,0.53177297784812,sample_10
gene_311,-1.84658019899521e-05,1,sample_10
gene_195,-1.33742956679718e-06,1,sample_10
gene_589,4.48269359151081e-07,1,sample_10
gene_974,1.03401646360795e-06,1,sample_10
gene_453,1.37148760342433,0.150565384900387,sample_10
gene_582,6.12062105797935e-07,1,sample_10
gene_617,-1.41328696190913e-06,0.00934268282027809,sample_10
gene_804,-7.1233748976468e-07,0.653776016012582,sample_10
gene_102,3.34393777533033e-07,0.881643870629572,sample_10
gene_15,-3.17080914360587e-07,0.876852294588162,sample_10
gene_780,1.12221136498483e-06,1,sample_10
gene_794,2.5445431041989e-06,0.536561810333887,sample_10
gene_207,-1.85810274910835e-06,1,sample_10
gene_811,2.98034689711362e-06,0.337852534244038,sample_10
gene_236,2.06592966827925e-06,0.642659140605093,sample_10
gene_671,-7.71919485757884e-07,0.155412708096615,sample_10
gene_544,1.55465708247759e-06,0.547154931200623,sample_10
gene_315,2.0302514982028e-06,0.70205620563058,sample_10
gene_227,-1.56960995296591e-06,0.83154843592414,sample_10
gene_295,-9.96943811682997e-07,1,sample_10
gene_685,2.17887099730699e-07,1,sample_10
gene_483,3.38004967494151e-06,1,sample_10
gene_424,2.21943274767593e-06,1,sample_10
gene_301,1.37198619542134e-06,1,sample_10
gene_249,-1.30443175320877e-06,0.998816142882562,sample_10
gene_548,2.26709665083597e-07,1,sample_10
gene_688,2.65859006441476,0.0424021127256917,sample_10
gene_74,2.14978852112536e-06,1,sample_10
gene_445,5.72467103782417e-06,0.142515285927183,sample_10
gene_412,6.09301671723969e-07,1,sample_10
gene_145,2.61229207192174e-05,0.563440747518926,sample_10
gene_774,2.07816922501057e-06,1,sample_10
gene_823,-1.34258165683915e-06,0.502940365153696,sample_10
gene_694,8.19511255717825e-06,1,sample_10
gene_906,-5.96513552514344e-06,1,sample_10
gene_56,5.18777391933748e-06,1,sample_10
gene_162,-3.23254375277485e-07,0.97045938955753,sample_10
gene_176,2.81951299012035e-08,1,sample_10
gene_565,1.22433363611003,0.205450311206529,sample_10
gene_914,-4.71029303548773e-06,0.246518570385391,sample_10
gene_865,7.01924801936174e-06,1,sample_10
gene_926,-2.59322773045025e-06,1,sample_10
gene_398,3.15661109459363e-06,1,sample_10
gene_840,-3.34150263869831e-07,1,sample_10
gene_418,1.44030564171365e-05,1,sample_10
gene_796,4.27145881670848e-07,1,sample_10
gene_409,8.96540043587652e-06,0.94653481812706,sample_10
gene_803,-1.87136929039751e-06,1,sample_10
gene_909,-6.17724144665068e-06,1,sample_10
gene_899,9.87366446545003e-08,1,sample_10
gene_502,-3.04549136693669e-06,1,sample_10
gene_985,-3.91951018297765e-06,1,sample_10
gene_160,-8.02687365563697e-07,0.669735743908892,sample_10
gene_308,3.34420871883441e-06,1,sample_10
gene_390,3.48711511014312e-06,0.424976947143257,sample_10
gene_952,1.57056614331593e-07,1,sample_10
gene_260,-1.84447384192761e-07,0.957454052117216,sample_10
gene_54,2.19790591893325e-07,1,sample_10
gene_663,1.7366004122819,0.0743203768602157,sample_10
gene_959,1.5629916903748e-05,0.41820332971976,sample_10
gene_931,2.35762673908147e-06,0.694084113726447,sample_10
gene_648,8.97923189519076e-06,0.149299664521356,sample_10
gene_660,-8.81873290672879e-07,0.674619945593941,sample_10
gene_596,-4.1502960018372e-06,1,sample_10
gene_739,-3.04011169191384e-07,0.655832323195426,sample_10
gene_187,-8.34959757585534e-07,1,sample_10
gene_313,-2.30723824590423e-06,0.82545503594677,sample_10
gene_541,5.13296984280159e-06,0.150224457783943,sample_10
gene_422,-6.65901583471011e-09,1,sample_10
gene_577,1.44194785686022e-07,1,sample_10
gene_772,1.94003118616933e-06,0.322749071291315,sample_10
gene_353,-1.10227116078183e-07,1,sample_10
gene_639,-5.09445388531534e-08,1,sample_10
gene_331,-1.56942699319133e-07,0.741473050598417,sample_10
gene_646,1.23758832235823e-06,0.4322139762079,sample_10
gene_342,-1.50133402735741e-08,1,sample_10
gene_16,2.45504168230396e-06,0.723177524573814,sample_10
gene_776,9.0904757118565e-07,0.55938148243725,sample_10
gene_845,-5.6696167367778e-07,0.86907783138147,sample_10
gene_200,5.46991303353572e-07,1,sample_10
gene_184,-1.04383328325175e-07,1,sample_10
gene_755,6.46521343979856e-06,0.0326914773603162,sample_10
gene_466,2.00380125451186e-06,0.506481887070924,sample_10
gene_299,2.19294499895247e-07,0.88126039188497,sample_10
gene_379,5.60472314923635e-07,1,sample_10
gene_355,2.70043114502053e-07,1,sample_10
gene_762,-2.1344744062109e-07,0.818840739414763,sample_10
gene_584,2.02275068356249e-07,1,sample_10
gene_572,8.67772058398273e-07,0.626691510343434,sample_10
gene_595,-6.01422072909688e-08,1,sample_10
gene_610,-4.82011550705293e-08,1,sample_10
gene_484,-1.85224218087099e-09,1,sample_10
gene_869,1.33568388294822e-06,0.676551415473195,sample_10
gene_458,9.0416002185839e-06,0.641703746122298,sample_10
gene_753,-3.42452410487014e-06,1,sample_10
gene_4,1.15617879905901e-05,0.439904056152263,sample_10
gene_253,1.87432679081932e-05,1,sample_10
gene_144,1.03574884006661e-05,1,sample_10
gene_561,-3.82830618874796e-06,1,sample_10
gene_742,-9.62756773909895e-06,1,sample_10
gene_636,-3.32256290491421e-06,0.476853399366776,sample_10
gene_989,-6.15591168462118e-06,1,sample_10
gene_501,-1.97585055039592e-06,1,sample_10
gene_863,-6.03280967624849e-07,1,sample_10
gene_449,1.04452320653549e-06,1,sample_10
gene_288,-2.19567330192798e-06,1,sample_10
gene_99,-1.94862582646469e-06,0.516496851582957,sample_10
gene_761,-1.88154694986929e-06,0.941887461816398,sample_10
gene_844,-1.94312881029628e-05,1,sample_10
gene_57,2.69471525538091e-07,1,sample_10
gene_114,3.9315328859794,3.52530637808342e-08,sample_10
gene_111,-1.78489879918654e-06,1,sample_10
gene_816,1.73876242189399,0.0853847818681111,sample_10
gene_233,7.65218789095395e-07,1,sample_10
gene_870,6.84117621949039e-06,1,sample_10
gene_124,-5.20089472174435e-08,1,sample_10
gene_104,6.86103046422393e-07,1,sample_10
gene_618,-2.42653236038467e-07,0.297334573734243,sample_10
gene_587,-3.31220726504592e-07,0.597455450401387,sample_10
gene_990,1.17038563279696e-05,1,sample_10
gene_373,3.11821764677039e-05,1,sample_10
gene_861,2.6121357991064e-06,1,sample_10
gene_697,-8.21217295110039e-07,1,sample_10
gene_213,9.49851378809567e-06,1,sample_10
gene_735,-1.1700412208636e-06,1,sample_10
gene_981,1.55877321304809e-07,1,sample_10
gene_93,1.97196652076124e-06,1,sample_10
gene_950,6.64733464803882e-06,1,sample_10
gene_465,1.90035250606246,0.0010283865265937,sample_10
gene_212,6.61667702197055e-06,1,sample_10
gene_237,3.01367731057768e-06,1,sample_10
gene_49,1.44460060936741e-06,1,sample_10
gene_183,-5.55588832341634e-07,0.247875931069007,sample_10
gene_759,-1.3026168337518e-07,0.602688064987542,sample_10
gene_344,2.72915720229652e-06,1,sample_10
gene_887,1.06525869050816e-05,1,sample_10
gene_644,-2.34618532212577e-06,1,sample_10
gene_828,4.9432762482909e-06,0.468071303296133,sample_10
gene_862,-1.11047874863082e-06,1,sample_10
gene_752,5.31148810904644e-06,0.362190081435538,sample_10
gene_638,-5.40773694077714e-07,1,sample_10
gene_220,5.09731803155679e-07,1,sample_10
gene_303,3.67929695773601,0.0046038148561529,sample_10
gene_787,-5.10813849955358e-07,1,sample_10
gene_760,-2.47959380817195e-06,0.16308108464294,sample_10
gene_272,6.98632481949922e-07,0.501633906580896,sample_10
gene_43,-1.09211409687056e-06,1,sample_10
gene_603,3.08369167875914e-06,1,sample_10
gene_567,2.70882463501685e-06,1,sample_10
gene_893,8.37415781920105e-07,0.879954472109739,sample_10
gene_627,-1.89273925307679e-08,1,sample_10
gene_270,7.58475746217011e-07,0.829840713247548,sample_10
gene_997,-5.47122408252441e-07,0.832214561936281,sample_10
gene_165,-4.01064999768546e-07,0.108997345277734,sample_10
gene_962,3.80604944873414e-06,1,sample_10
gene_112,1.89742375337107e-05,0.285147288473476,sample_10
gene_889,-4.57843105079987e-06,1,sample_10
gene_73,2.50685770308605e-06,1,sample_10
gene_393,-1.22125589565355e-06,1,sample_10
gene_692,-6.72985069259511e-09,1,sample_10
gene_123,2.33325714077824e-06,1,sample_10
gene_837,2.47457102657063e-06,1,sample_10
gene_976,-5.21912097812155e-06,0.000763121109831269,sample_10
gene_623,-2.02715561387702e-06,1,sample_10
gene_127,-2.52757949288062e-06,1,sample_10
gene_927,2.2891531505481e-06,1,sample_10
gene_105,-2.06528858651366e-06,1,sample_10
gene_734,-1.59447628313199e-06,0.23025216396355,sample_10
gene_426,-1.31059576017666e-05,0.969297442705773,sample_10
gene_601,-9.87721066315567e-07,1,sample_10
gene_8,7.39130497565975e-06,1,sample_10
gene_847,-2.45951672077287e-06,1,sample_10
gene_594,-5.95811760861839e-06,1,sample_10
gene_474,-1.70559781532119e-06,0.00239364933072711,sample_10
gene_325,2.61363441334057e-06,1,sample_10
gene_620,2.50681470954788e-05,0.441913324647002,sample_10
gene_632,-5.80036551004275e-07,1,sample_10
gene_866,-9.25385032387767e-07,1,sample_10
gene_551,-6.78081421757597e-07,1,sample_10
gene_31,1.31940340338737,0.190685530369494,sample_10
gene_527,1.39635826027096e-05,1,sample_10
gene_110,-8.35580401385241e-07,0.00485859100606009,sample_10
gene_470,-4.32428482238982e-07,0.00312868148252704,sample_10
gene_988,-8.96831825639174e-07,0.221099493716198,sample_10
gene_399,-7.45061094585558e-07,0.666535934905203,sample_10
gene_389,-1.96226263487409e-06,0.222670404341511,sample_10
gene_619,7.06924039752541e-06,0.0395516685765917,sample_10
gene_747,-5.39776930290362e-06,0.407716730047767,sample_10
gene_368,-3.62512842866066e-06,1,sample_10
gene_808,-8.42397847898513e-07,1,sample_10
gene_858,-3.70555309088958e-06,1,sample_10
gene_934,-2.60198193823297e-06,1,sample_10
gene_242,3.18953799332238e-05,1,sample_10
gene_949,-5.38628943726202e-07,0.0276922111606885,sample_10
gene_397,-4.16347886054716e-07,0.712727135188317,sample_10
gene_652,9.15312421943307e-07,0.892419178887289,sample_10
gene_292,-4.85451556030268e-06,0.0336307961588268,sample_10
gene_579,-1.84032935203308e-06,1,sample_10
gene_980,-3.93443682277461e-07,1,sample_10
gene_226,-2.50329548019844e-06,0.765786344113379,sample_10
gene_55,-1.95782978191945e-06,0.0375139588109122,sample_10
gene_903,-2.12717697996875e-05,0.947342217963811,sample_10
gene_545,4.11893557232627e-06,1,sample_10
gene_574,-3.16774976048317e-06,1,sample_10
gene_431,5.43895020055023e-07,0.598562779513458,sample_10
gene_983,-5.8982528081141e-07,0.0107952573634213,sample_10
gene_382,-9.60495854088736e-07,1,sample_10
gene_814,-8.6768958748656e-07,1,sample_10
gene_878,-6.06542496178491e-07,1,sample_10
gene_42,-7.37259198783334e-08,0.757073455680916,sample_10
gene_628,2.01968878488744,0.0413462015996027,sample_10
gene_319,-2.39395751660415e-06,0.145521898030031,sample_10
gene_268,2.29881435023685e-06,1,sample_10
gene_751,-5.15554311783822e-07,1,sample_10
gene_505,-4.14490557735682e-06,1,sample_10
gene_151,-8.48840140676694e-07,1,sample_10
gene_205,-1.47181822945786e-06,1,sample_10
gene_223,4.98693786177354e-06,0.406590290396376,sample_10
gene_674,1.96049009275674e-06,1,sample_10
gene_948,9.6520494419869e-07,1,sample_10
gene_385,1.20248824549378e-07,1,sample_10
gene_380,-7.85949439843455e-07,1,sample_10
gene_802,-9.82696901553719e-06,1,sample_10
gene_604,-2.00781001334465e-06,0.492516138636102,sample_10
gene_261,1.62952547457074e-05,1,sample_10
gene_446,8.65503428128595e-07,1,sample_10
gene_771,-1.6758353456085e-06,1,sample_10
gene_360,2.14991768724288e-06,1,sample_10
gene_736,-8.59930483010432e-05,1,sample_10
gene_498,2.19016166276758e-06,1,sample_10
gene_171,-4.34815016983359e-06,1,sample_10
gene_979,-3.71400079827951e-06,1,sample_10
gene_108,9.74216581794466e-06,1,sample_10
gene_128,-1.73294088665477e-07,1,sample_10
gene_279,4.99331197766313e-06,1,sample_10
gene_363,5.85765088520668e-06,1,sample_10
gene_881,7.2059744812567e-06,0.998232772101765,sample_10
gene_756,-5.3441482167296e-06,1,sample_10
gene_59,5.40556334446598e-07,1,sample_10
gene_677,1.70276028394312e-05,0.254190549860491,sample_10
gene_819,2.3643028999124e-05,1,sample_10
gene_738,3.51409410197635e-06,1,sample_10
gene_476,1.02418867083228e-05,1,sample_10
gene_536,5.15689938625891e-07,1,sample_10
gene_109,1.01509512844255e-06,1,sample_10
gene_726,1.7469055444538,0.0215229385998298,sample_10
gene_707,0.739934138740624,1,sample_10
gene_598,1.39762645808553e-05,1,sample_10
gene_323,6.30034384408005e-06,1,sample_10
gene_243,2.85603233239119e-05,1,sample_10
gene_575,1.80512121810464e-06,1,sample_10
gene_21,-3.55724345704175e-06,1,sample_10
gene_991,-6.80535240437561e-07,1,sample_10
gene_569,1.15258544591039e-05,1,sample_10
gene_616,1.26087857910088e-06,1,sample_10
gene_612,1.66308455284379e-05,0.801143401374609,sample_10
gene_973,-8.02038209150914e-08,1,sample_10
gene_196,1.37898787450567e-05,0.714298131259368,sample_10
gene_479,-5.61256208555335e-06,4.29892303356637e-05,sample_10
gene_400,-7.08455974328487e-06,1,sample_10
gene_691,-7.31285715624876e-06,1,sample_10
gene_705,2.34826187524586e-06,1,sample_10
gene_84,-9.89526063711095e-08,1,sample_10
gene_613,5.27289688343361e-06,1,sample_10
gene_606,-7.4560278116539e-06,0.364828201807544,sample_10
gene_254,9.53523292022052e-07,1,sample_10
gene_667,-5.49691985493077e-07,0.251453928219496,sample_10
gene_518,4.27035851489172e-06,0.17137485923674,sample_10
gene_204,-1.12126566018008e-05,1,sample_10
gene_634,1.72157268141475e-07,1,sample_10
gene_280,-1.98794728833155e-06,1,sample_10
gene_306,1.65497099920512e-05,0.620213171874994,sample_10
gene_336,-6.37116282224976e-06,1,sample_10
gene_357,2.55698040433687e-06,1,sample_10
gene_514,-1.63580065802758e-06,1,sample_10
gene_3,1.74882684367562e-05,1,sample_10
gene_637,1.00312967917498e-06,1,sample_10
gene_696,6.21549458468412e-06,1,sample_10
gene_605,1.21836703765167e-05,1,sample_10
gene_403,-3.93055097208909e-06,1,sample_10
gene_562,2.37685654157331e-06,0.425687574187901,sample_10
gene_273,1.03836202165202e-05,1,sample_10
gene_464,-2.1148008752343e-06,1,sample_10
gene_968,1.88513188561298e-06,0.913130129259686,sample_10
gene_581,2.10137554369011e-06,1,sample_10
gene_946,3.7129375102722e-07,1,sample_10
gene_100,9.63608932467665e-05,1,sample_10
gene_329,3.42736897128095e-06,0.300785858692935,sample_10
gene_366,-2.19204804297432e-06,0.0184080621140711,sample_10
gene_693,3.93349281744308,0.00240778408231193,sample_10
gene_252,1.47318573285749,0.0739112643662636,sample_10
gene_939,-1.92571169334461e-06,1,sample_10
gene_972,-6.03717114613284e-08,1,sample_10
gene_408,-2.84469661742568e-07,0.450720039351526,sample_10
gene_267,5.38191351469256e-06,1,sample_10
gene_75,6.19519296605926e-06,1,sample_10
gene_556,-1.38318335436624e-06,1,sample_10
gene_967,7.86628241757076e-06,1,sample_10
gene_960,-5.27283057866105e-06,1,sample_10
gene_553,-9.02077500207093e-07,1,sample_10
gene_540,-1.52118937310627e-06,1,sample_10
gene_428,-1.66066008255841e-06,1,sample_10
gene_767,1.27459425637589,0.193926177125054,sample_10
gene_459,-5.34087629521806e-06,1,sample_10
gene_954,-1.05148846465344e-06,1,sample_10
gene_121,-2.14014319582814e-06,1,sample_10
gene_48,1.71049821591382e-05,1,sample_10
gene_965,5.15480761661609e-07,1,sample_10
gene_812,1.34299619746645e-05,1,sample_10
gene_179,-3.08520790691488e-06,1,sample_10
gene_248,1.29810917644639e-05,1,sample_10
gene_167,3.04880952588291e-07,1,sample_10
gene_624,5.0624303585258e-06,1,sample_10
gene_467,2.20941003697344e-06,1,sample_10
gene_290,-6.39104468158982e-07,1,sample_10
gene_516,-3.23042879897222e-07,1,sample_10
gene_22,-6.6103710930012e-06,1,sample_10
gene_435,-1.57654943748732e-06,0.00818362141460941,sample_10
gene_709,8.52442354484014e-07,1,sample_10
gene_669,3.37004680294167e-06,0.392785648433998,sample_10
gene_101,-7.28116475055932e-08,1,sample_10
gene_763,1.03552774430131e-05,0.624751670795254,sample_10
gene_264,-7.68659794161795e-07,1,sample_10
gene_281,-1.82825167311561e-07,0.490739068208598,sample_10
gene_423,-1.71635022842012e-06,0.97257109799795,sample_10
gene_998,-6.52627832560599e-07,0.107383064184013,sample_10
gene_495,-3.11345014728603e-05,1,sample_10
gene_159,4.80671100160049e-06,1,sample_10
gene_806,-9.76010938882525e-07,0.931566695242613,sample_10
gene_714,-0.524235421608207,1,sample_10
gene_18,-2.48905865898638e-06,1,sample_10
gene_757,2.77864543485252e-07,1,sample_10
gene_715,-3.68439612673265e-07,1,sample_10
gene_206,1.24190450167572,0.223257505510401,sample_10
gene_358,1.27243531018669e-06,0.484629521772805,sample_10
gene_525,-4.55630232051913e-06,1,sample_10
gene_754,5.19744237884365e-06,1,sample_10
gene_673,1.0581467330339,0.451070987730656,sample_10
gene_586,-1.38598058858109e-05,1,sample_10
gene_345,5.95467564372759e-06,1,sample_10
gene_855,-3.73910160454573e-07,1,sample_10
gene_310,1.18445190063504e-06,0.880933222140508,sample_10
gene_654,-7.97471519639492e-09,1,sample_10
gene_149,8.9082381685557e-06,1,sample_10
gene_234,-3.39827998284696e-07,0.899994066301826,sample_10
gene_71,-1.38245563869594e-06,0.291090912752046,sample_10
gene_198,-3.22445796609852e-07,1,sample_10
gene_913,-3.32720097106779e-06,0.173750340755262,sample_10
gene_156,2.01009995989853e-06,1,sample_10
gene_33,6.56435122414545e-07,0.561513685088432,sample_10
gene_317,-1.33668432004505e-07,1,sample_10
gene_961,-8.35987958743478e-07,0.00387970685525263,sample_10
gene_433,-3.21129991278721e-07,1,sample_10
gene_395,-2.65501316802112e-06,1,sample_10
gene_481,5.60129121234415e-06,1,sample_10
gene_642,9.37960347669731e-07,1,sample_10
gene_321,-2.34184583710865e-06,0.0806156494941979,sample_10
gene_635,-1.98964505252817e-06,1,sample_10
gene_354,3.81729011967029e-06,1,sample_10
gene_831,9.90182243368051e-06,1,sample_10
gene_857,-1.0775972767137e-06,1,sample_10
gene_722,-1.85614499782682e-06,1,sample_10
gene_282,-4.00227650240592e-06,0.0741130556297051,sample_10
gene_2,6.42450365150252e-06,0.407568723358693,sample_10
gene_890,3.58318499471572e-06,1,sample_10
gene_713,-4.27430822200467e-06,0.00924063915178711,sample_10
gene_168,-1.85966815677224e-06,0.088690698781981,sample_10
gene_82,-8.57617626212022e-07,1,sample_10
gene_547,-2.66730780177141e-07,0.664384758652368,sample_10
gene_874,1.1641794879496e-05,0.2829739133706,sample_10
gene_218,-5.01779113284015e-07,1,sample_10
gene_486,-8.60580909377719e-07,1,sample_10
gene_917,2.64495991823452e-06,0.815344565337244,sample_10
gene_457,6.38360404558404e-06,1,sample_10
gene_602,-9.65656147276394e-06,1,sample_10
gene_724,-5.77222780364901e-06,1,sample_10
gene_766,4.10621096063619e-06,0.988804274946651,sample_10
gene_322,5.79850940960588e-06,0.96071523443874,sample_10
gene_46,-2.48234053557921e-06,1,sample_10
gene_920,-4.7847096599295e-06,0.422754671961749,sample_10
gene_172,-1.92058196798074e-06,1,sample_10
gene_401,4.23034096461533e-06,1,sample_10
gene_895,1.97150207325529e-06,1,sample_10
gene_452,-3.25557534516996e-06,1,sample_10
gene_729,-5.57859512871945e-07,1,sample_10
gene_743,1.16188766021173e-05,1,sample_10
gene_240,-7.28340082756284e-06,1,sample_10
gene_300,1.38193450252053e-06,1,sample_10
gene_146,2.04481677746319e-06,1,sample_10
gene_730,1.06915735430679e-05,1,sample_10
gene_748,2.320650211381e-05,0.374729220382543,sample_10
gene_293,4.664405413651e-06,0.625983138997721,sample_10
gene_36,7.26683918200721e-06,0.658987929179086,sample_10
gene_576,6.95293481886203e-06,1,sample_10
gene_402,8.72526249789972e-07,1,sample_10
gene_244,1.10839368019076e-07,1,sample_10
gene_154,2.43490840517844e-07,0.819508890075914,sample_10
gene_852,-1.5433234973869e-06,0.245321010069568,sample_10
gene_611,-1.50156185040462e-06,0.586912680893753,sample_10
gene_164,-6.82004661745072e-07,0.0247992375139943,sample_10
gene_524,-2.33333067636809e-06,0.0383129116671246,sample_10
gene_538,-2.45658592112754e-06,0.188309936247068,sample_10
gene_429,5.06129512663571e-07,1,sample_10
gene_316,1.54499113659672e-05,1,sample_10
gene_91,-1.54752272520862e-06,1,sample_10
gene_902,5.91474944488456e-07,1,sample_10
gene_17,2.09491394331108e-07,1,sample_10
gene_593,8.14137889052592e-06,1,sample_10
gene_629,-3.83456967569723e-06,1,sample_10
gene_519,1.50216009649832,0.0484799151380869,sample_10
gene_263,2.66041708202466e-06,1,sample_10
gene_493,7.96913817236093e-07,1,sample_10
gene_836,1.013004486802e-05,0.713928923923761,sample_10
gene_892,1.20585298643856e-06,1,sample_10
gene_922,-1.37532050728448e-05,0.537342921212055,sample_10
gene_83,-5.9959209791271e-06,0.419827047140088,sample_10
gene_549,6.72737282040897e-07,1,sample_10
gene_209,1.31875994189966e-06,0.885608499780857,sample_10
gene_269,-2.43564390013178e-06,1,sample_10
gene_695,-2.01386347823078e-06,0.065527163273565,sample_10
gene_406,5.7060329959711e-06,1,sample_10
gene_740,-1.15987936031062e-06,1,sample_10
gene_727,7.93121431735774e-06,0.881170831818499,sample_10
gene_1000,0.91487296472858,0.937437989413912,sample_10
gene_140,7.78211468879167e-06,0.786399823777711,sample_10
gene_219,3.40178266655329e-06,1,sample_10
gene_491,8.38884470892691e-07,1,sample_10
gene_262,-5.27808940634209e-06,1,sample_10
gene_564,8.84340001612811e-05,0.0231741262773245,sample_10
gene_824,1.83258280373593e-05,1,sample_10
gene_643,-1.95722485934715e-06,0.6326854373847,sample_10
gene_120,6.77229019583755e-06,0.145512663157775,sample_10
gene_563,1.14839736014497e-05,0.438122630540166,sample_10
gene_768,-5.91197514734466e-07,1,sample_10
gene_558,-4.10669686072958e-08,1,sample_10
gene_512,1.51242900057478e-05,1,sample_10
gene_147,-8.2358781345858e-06,1,sample_10
gene_454,4.0520289734643e-06,1,sample_10
gene_744,1.0008097120836e-06,1,sample_10
gene_477,-2.81036750956956e-06,1,sample_10
gene_25,3.90631282657808e-06,0.641081291262895,sample_10
gene_969,-8.01345723031792e-06,1,sample_10
gene_996,1.26236841907904e-05,0.47424191859162,sample_10
gene_194,-2.26424360073969e-06,1,sample_10
gene_132,2.9518230046841e-06,1,sample_10
gene_494,-2.76168885128292e-06,1,sample_10
gene_190,4.54067243023713e-06,1,sample_10
gene_647,1.06987156287476e-05,1,sample_10
gene_463,-6.92287915048474e-06,1,sample_10
gene_222,-2.64762466135498e-06,1,sample_10
gene_492,-5.14026218847081e-08,1,sample_10
gene_656,5.7945273344323e-06,1,sample_10
gene_297,3.80339891303608e-06,1,sample_10
gene_785,9.64496495957874e-07,1,sample_10
gene_86,1.00402134430394e-06,1,sample_10
gene_770,0.865193849749924,1,sample_10
gene_963,1.64208397326766e-06,1,sample_10
gene_681,5.30099311953501e-06,0.154591286881359,sample_10
gene_362,-6.87755197856265e-07,1,sample_10
gene_912,3.4606693945249e-06,0.593434459462095,sample_10
gene_444,6.31362455927333e-06,1,sample_10
gene_897,5.61771018017869e-06,1,sample_10
gene_173,1.44284971575375e-05,1,sample_10
gene_217,8.73550238461333e-05,1,sample_10
gene_856,1.32790535847169e-08,1,sample_10
gene_679,2.83884218283623e-06,1,sample_10
gene_257,6.46784255846018e-06,1,sample_10
gene_790,-5.93157479473173e-08,1,sample_10
gene_725,-7.59322993913177e-07,1,sample_10
gene_807,-2.49731886742329e-06,1,sample_10
gene_45,1.36391616322467e-06,1,sample_10
gene_955,2.14878493125595e-06,1,sample_10
gene_687,1.40741079016584e-06,1,sample_10
gene_94,-8.38042332734772e-07,1,sample_10
gene_678,1.61027668327405e-06,1,sample_10
gene_490,1.51347522780562e-07,1,sample_10
gene_719,4.80914804527137e-06,0.407851092134091,sample_10
gene_947,3.43312014178868e-06,0.30416003033048,sample_10
gene_202,1.19377329600913e-05,1,sample_10
gene_142,-1.25021515807514e-06,1,sample_10
gene_188,-7.03307817352523e-07,1,sample_10
gene_597,2.43910135407571e-06,1,sample_10
gene_721,5.63023360663353e-06,0.260921823564879,sample_10
gene_504,-1.02799048306326e-06,1,sample_10
gene_13,-1.02850193159974e-06,0.624559962086328,sample_10
gene_682,2.33476618643235e-06,1,sample_10
gene_472,-6.81545338646403e-07,0.248286672536327,sample_10
gene_298,-3.92021064249791e-07,1,sample_10
gene_407,-1.11217508554875e-06,1,sample_10
gene_942,-8.84881212021554e-07,0.0862966308251727,sample_10
gene_795,-1.83791724232075e-06,0.802965940860908,sample_10
gene_571,1.09975710396835e-06,1,sample_10
gene_675,-2.87005273658311e-07,0.0711013321225776,sample_10
gene_557,2.60043284939553e-06,1,sample_10
gene_798,-1.1317847264107e-07,0.683077693641779,sample_10
gene_314,4.13151079879007e-06,0.132538276426554,sample_10
gene_351,-4.87242900071166e-07,0.0534425389112421,sample_10
gene_829,-3.14624730251089e-07,1,sample_10
gene_984,-1.23018163284259e-06,1,sample_10
gene_633,2.05929058308939e-06,1,sample_10
gene_728,7.59444751068802e-06,0.870657630236082,sample_10
gene_517,6.75253331911786e-06,1,sample_10
gene_274,7.39708548768379e-07,1,sample_10
gene_552,-1.12835139199353e-05,0.656998816761071,sample_10
gene_341,-1.70475956305789e-06,0.572134475639072,sample_10
gene_96,3.66466081138191e-06,1,sample_10
gene_80,-6.42155351927179e-07,0.217848240396327,sample_10
gene_918,-4.35067949941816e-06,1,sample_10
gene_197,-1.29631546932142e-06,1,sample_10
gene_60,4.02571909253678e-07,1,sample_10
gene_276,-1.95743505946613e-06,1,sample_10
gene_5,1.13156686708709e-05,0.224314577042444,sample_10
gene_841,3.93866081747833e-06,1,sample_10
gene_822,5.10647304334898e-06,1,sample_10
gene_475,-2.96977527729699e-06,1,sample_10
gene_775,-1.82764662580408e-06,1,sample_10
gene_278,6.04175919677835e-06,0.278034757845088,sample_10
gene_334,-2.03802569453705e-07,0.97275722575905,sample_10
gene_789,2.38139015570447e-06,0.692721668580642,sample_10
gene_686,-9.53695166655011e-08,0.796567995803561,sample_10
gene_930,-1.3570459172008e-06,1,sample_10
gene_625,-3.31181005689308e-06,1,sample_10
gene_152,-9.38897526992336e-06,1,sample_10
gene_560,8.79543059018046e-06,0.551795963060967,sample_10
gene_347,8.00181947132655e-06,1,sample_10
gene_826,1.44241979133354e-06,1,sample_10
gene_621,-9.38976690482285e-07,1,sample_10
gene_442,-4.91535555895449e-06,1,sample_10
gene_216,-8.26122411904686e-07,0.940231506447398,sample_10
gene_924,-1.48720259951054e-06,0.941773063644476,sample_10
gene_801,2.53324002337092e-06,1,sample_10
gene_537,2.52393625124535,0.020799373405583,sample_10
gene_478,4.41655079265898,0.0281367673296386,sample_10
gene_876,-2.22930594646036e-06,1,sample_10
gene_805,9.23167528432255e-06,1,sample_10
gene_447,4.91858797471294e-06,0.292560521760767,sample_10
gene_499,4.18866004125981e-06,0.945206059186916,sample_10
gene_326,8.49601137431378e-06,0.541997099173323,sample_10
gene_507,1.64079961321111e-06,1,sample_10
gene_97,-1.3193561346825e-06,1,sample_10
gene_631,3.60555086200233e-06,1,sample_10
gene_782,3.52140715544899e-06,1,sample_10
gene_415,4.48556570884838e-06,1,sample_10
gene_348,4.97257427058988e-06,1,sample_10
gene_414,3.37121958483761,1.26683467336432e-05,sample_10
gene_732,-4.99734623885515e-07,1,sample_10
gene_79,3.47835012247808e-06,0.852359142705688,sample_10
gene_868,-6.08596278275947e-07,1,sample_10
gene_143,-3.80734432625685e-06,1,sample_10
gene_970,-5.33719071864772e-06,1,sample_10
gene_150,-2.78957746264451e-06,0.638246252530511,sample_10
gene_330,4.29863977509205e-06,1,sample_10
gene_19,3.37703288747781e-06,1,sample_10
gene_320,7.54693433594907e-06,0.231138969241073,sample_10
gene_131,1.29002490383172e-05,1,sample_10
gene_107,4.24694593609133e-06,1,sample_10
gene_241,-3.44927100116667e-07,1,sample_10
gene_510,2.17599929736323e-07,1,sample_10
gene_871,-5.50987292390744e-06,1,sample_10
gene_698,1.5422184252874e-05,1,sample_10
gene_877,-6.32740610880607e-06,1,sample_10
gene_193,-5.88284240938228e-06,0.0614360696730445,sample_10
gene_566,1.20759025746159e-05,1,sample_10
gene_66,3.5622470644826e-06,1,sample_10
gene_40,-2.73647599893384e-06,1,sample_10
gene_690,-2.02881945016649e-06,1,sample_10
gene_664,-2.47839023683653e-06,1,sample_10
gene_977,7.01990947282742e-06,1,sample_10
gene_89,-2.75454794168083e-06,0.947017519104054,sample_10
gene_578,9.20209467590951e-06,1,sample_10
gene_177,4.26007581686827e-06,1,sample_10
gene_20,0.000269148411897734,1,sample_10
gene_626,-3.31887045381207e-06,1,sample_10
gene_867,-1.04557870489942e-06,1,sample_10
gene_872,2.86408269974977e-06,1,sample_10
gene_933,1.14522144500212e-05,1,sample_10
gene_520,5.59870060548309e-06,1,sample_10
gene_915,7.67090155586896e-06,1,sample_10
gene_720,9.84955615369632e-06,0.122138417525595,sample_10
gene_901,1.20492498563524e-06,1,sample_10
gene_405,7.80642329150168e-06,1,sample_10
gene_68,2.92124252432877e-06,1,sample_10
gene_542,2.13250578666302e-07,1,sample_10
gene_251,-2.62204676221894e-06,1,sample_10
gene_229,-7.29029014927059e-09,1,sample_10
gene_392,7.99650216646107e-07,0.935992599374293,sample_10
gene_155,3.75082639376146e-06,1,sample_10
gene_432,1.95644263684838,0.0440938788775469,sample_10
gene_716,-9.14775268086187e-07,1,sample_10
gene_590,-4.50634463381065e-06,0.248023705383887,sample_10
gene_658,1.63538138575954e-06,1,sample_10
gene_655,-1.09193055556738e-06,0.881451034879601,sample_10
gene_439,3.62552857854671e-06,0.801125075276839,sample_10
gene_843,5.89319745222407e-06,0.330501521560574,sample_10
gene_987,6.23021634713341e-06,0.359357437141026,sample_10
gene_898,1.2898524410614e-06,1,sample_10
gene_372,1.59071790546171e-06,1,sample_10
gene_834,-1.33771713312587e-06,1,sample_10
gene_370,-2.21128735468408e-06,1,sample_10
gene_982,-3.62977932629747e-06,0.000597809036876934,sample_10
gene_199,2.26276969341008e-06,1,sample_10
gene_182,1.96459959294933e-05,1,sample_10
gene_936,1.01941280869033e-06,1,sample_10
gene_410,9.03276023265891e-07,0.930243817329162,sample_10
gene_420,-1.00640705240367e-05,1,sample_10
gene_827,-3.98985822689755e-06,1,sample_10
gene_746,-6.97325115422873e-07,1,sample_10
gene_158,8.0060648475125e-07,1,sample_10
gene_958,-9.31128876942067e-06,0.187590771055333,sample_10
gene_157,-3.04864857995401e-06,1,sample_10
gene_338,4.01290489305628e-06,1,sample_10
gene_185,-8.51710560858032e-07,1,sample_10
gene_835,1.23224344974751e-05,0.327299666650733,sample_10
gene_224,1.26981709467139,0.187876877953505,sample_10
gene_916,-7.06611785961538e-07,0.0358231162237909,sample_10
gene_661,-3.30042768265607e-07,1,sample_10
gene_166,-7.14922200771327e-07,1,sample_10
gene_848,4.70955885140182e-06,0.458423455460913,sample_10
gene_377,-7.75147687306055e-06,1,sample_10
gene_480,1.87706143743354e-06,1,sample_10
gene_591,2.53557726301912e-06,1,sample_10
gene_859,-3.3953949684132e-06,1,sample_10
gene_340,8.25514082891003e-06,1,sample_10
gene_309,-7.38449274442671e-07,1,sample_10
gene_64,1.31699091105829e-05,1,sample_10
gene_731,-4.40234441521502e-07,0.535317860873712,sample_10
gene_367,-1.88339252750059e-06,1,sample_10
gene_65,2.63789004005489e-06,1,sample_10
gene_63,7.03407324645893e-06,1,sample_10
gene_489,-2.74412778672817e-07,1,sample_10
gene_98,1.43278119683885e-05,0.595696761603916,sample_10
gene_88,-2.4623278398938e-07,1,sample_10
gene_953,-4.41851813265388e-07,1,sample_10
gene_117,1.25718002468283e-05,0.486835070076493,sample_10
gene_609,1.41330303003791e-05,1,sample_10
gene_854,-1.37120837479041e-06,0.675277726846501,sample_10
gene_247,9.80520640974512e-07,1,sample_10
gene_352,1.32528232085555,0.108294616588524,sample_10
gene_521,5.36801862136076e-06,1,sample_10
gene_462,1.43264154484553e-06,1,sample_10
gene_665,2.62331752582667e-06,0.142540581076842,sample_10
gene_944,3.57599904207828e-06,1,sample_10
gene_181,1.44538680141954e-05,1,sample_10
gene_773,1.9665440905904e-05,1,sample_10
gene_346,2.14286262784751e-05,0.794393991608571,sample_10
gene_529,-1.35520964142568e-05,1,sample_10
gene_245,-3.60344175315264e-06,1,sample_10
gene_6,9.14094078571968e-06,0.671145603100415,sample_10
gene_733,-2.6444761942266e-07,1,sample_10
gene_239,-1.56945856843075e-07,1,sample_10
gene_932,-7.35618648853067e-06,0.683431621365115,sample_10
gene_335,8.97221854234052e-06,1,sample_10
gene_28,2.90431017475826e-06,1,sample_10
gene_515,-1.85346849924703e-06,1,sample_10
gene_630,-4.73459011590825e-07,1,sample_10
gene_758,1.28127792334794e-05,1,sample_10
gene_741,8.73785888692674e-06,1,sample_10
gene_783,-5.60456556360335e-06,0.575499660164255,sample_10
gene_394,1.24240457819062,0.230215561257439,sample_10
gene_332,6.23584049733149e-06,1,sample_10
gene_833,-1.35069471155494e-06,0.703051166964781,sample_10
gene_745,4.00214666227694e-07,1,sample_10
gene_383,-9.49744549109692e-07,0.710223963349356,sample_10
gene_430,3.15416019947561e-05,1,sample_10
gene_882,6.66501670634419e-06,1,sample_10
gene_573,7.25028176350313e-06,1,sample_10
gene_779,3.58531590923621e-06,1,sample_10
gene_496,-9.67575676040876e-07,0.473164838960351,sample_10
gene_307,6.89223355834089e-06,1,sample_10
gene_769,-7.98189889532102e-06,0.32295186106584,sample_10
gene_437,4.988490435051e-07,0.803819754560248,sample_10
gene_381,-6.97818551471073e-06,1,sample_10
gene_78,1.44885128976126e-05,0.290196768039317,sample_10
gene_792,1.62337859655544e-06,1,sample_10
gene_555,4.8533614977721e-06,1,sample_10
gene_51,-2.15715247512972e-05,1,sample_10
gene_813,-3.11302874141499e-06,1,sample_10
gene_375,-3.07014440129956e-06,1,sample_10
gene_689,-1.19577207850314e-06,1,sample_10
gene_487,1.02812254531392e-05,0.88761270524174,sample_10
gene_44,5.70627182006385e-06,1,sample_10
gene_645,2.18901328890701e-05,1,sample_10
gene_500,2.40301109658034e-06,1,sample_10
gene_896,-5.84245996955697e-06,0.098727536428335,sample_10
gene_860,1.78954130633571e-06,1,sample_10
gene_174,1.28325791423086e-05,1,sample_10
gene_528,-3.99809890868736e-06,1,sample_10
gene_886,-7.03421292686444e-07,1,sample_10
gene_668,1.16751307919015e-05,1,sample_10
gene_710,8.55880177291781e-06,1,sample_10
gene_305,-6.37516563929625e-06,1,sample_10
gene_122,-1.19094013669536e-06,4.21545456759582e-05,sample_10
gene_820,-8.64102323455182e-07,0.766006319396494,sample_10
gene_210,-2.09046696132137e-06,1,sample_10
gene_884,1.57278571805723e-06,1,sample_10
gene_580,9.36415262333971e-06,0.192541274848044,sample_10
gene_929,1.84667199108719e-06,1,sample_10
gene_530,-4.31470406766379e-07,1,sample_2
gene_683,8.78498155444522e-06,0.360754368327675,sample_2
gene_928,-6.28389086295611e-07,1,sample_2
gene_793,-3.8085481363977e-07,0.229693209786381,sample_2
gene_258,-2.54223051388388e-06,1,sample_2
gene_941,5.87657815524252e-07,1,sample_2
gene_92,2.61442458333029e-07,1,sample_2
gene_809,-2.04273057341146e-06,1,sample_2
gene_106,7.4508048736159e-06,1,sample_2
gene_376,-1.06684997853713e-05,1,sample_2
gene_189,-2.48530121366425e-06,1,sample_2
gene_386,-1.76702171287497e-06,0.900726923118682,sample_2
gene_873,4.46293274664066e-06,0.45218496572769,sample_2
gene_52,-1.19014593718291e-07,0.920812769549078,sample_2
gene_485,-7.24252149294633e-07,0.36473545988866,sample_2
gene_69,2.28473341931109e-06,1,sample_2
gene_910,8.47542787858652e-06,1,sample_2
gene_994,1.36989088714264e-05,1,sample_2
gene_228,-5.06173760536321e-06,2.01724208561898e-05,sample_2
gene_225,-3.2876457263873e-07,0.00143267765452973,sample_2
gene_130,-8.55946663918845e-07,0.599849412877845,sample_2
gene_879,5.64276700886601e-06,1,sample_2
gene_657,-5.69256012348064e-07,1,sample_2
gene_765,-1.10883464407956e-06,0.0332508544565246,sample_2
gene_800,-1.09810990991944e-06,9.74438159642322e-05,sample_2
gene_788,1.13624589208977e-07,1,sample_2
gene_706,-2.37948079776155e-06,0.0130930767846629,sample_2
gene_975,-3.37407012192385e-07,1,sample_2
gene_359,-2.82967083214126e-06,0.215830377149514,sample_2
gene_583,-5.05159944444347e-07,1,sample_2
gene_230,2.58435088588965e-07,1,sample_2
gene_839,-1.08414301808924e-06,1,sample_2
gene_523,2.87628726601376e-06,1,sample_2
gene_676,-4.28540092321071e-07,1,sample_2
gene_506,-1.19108550371209e-07,0.793703109336301,sample_2
gene_508,-1.61733807608678e-06,1,sample_2
gene_214,3.42636484746142e-06,1,sample_2
gene_178,8.07412500105303e-06,1,sample_2
gene_327,1.52820144555561e-06,1,sample_2
gene_940,-4.27303886939719e-06,1,sample_2
gene_27,-7.59964811179655e-06,1,sample_2
gene_526,-7.65601994481351e-07,0.384100659827438,sample_2
gene_291,9.19354278613171e-06,1,sample_2
gene_513,-1.43121812215524e-07,1,sample_2
gene_192,3.18189833321204e-06,1,sample_2
gene_438,-2.33466024220541e-07,1,sample_2
gene_350,-4.59561709995717e-07,1,sample_2
gene_378,1.18147072096608e-05,1,sample_2
gene_138,-7.96014057101841e-07,1,sample_2
gene_750,1.21462663908822e-06,1,sample_2
gene_708,2.06652127681925e-07,1,sample_2
gene_12,2.59106972629187e-06,1,sample_2
gene_47,2.89662965954357,1.1465503412169e-08,sample_2
gene_880,1.31619303753992e-06,1,sample_2
gene_781,-5.84626525756566e-06,1,sample_2
gene_451,2.60691804811564e-06,1,sample_2
gene_456,4.2833034524147e-06,1,sample_2
gene_764,-1.08549946305321e-07,1,sample_2
gene_113,3.45095730432111e-06,1,sample_2
gene_133,2.05790739671351e-06,0.915870343652724,sample_2
gene_126,1.26801982228331,0.212722272674098,sample_2
gene_421,7.23414647684157e-06,1,sample_2
gene_62,1.23332236292028e-06,1,sample_2
gene_810,-6.32953892141699e-07,0.300657232185195,sample_2
gene_175,1.80075967638489e-07,1,sample_2
gene_443,-1.30366487570684e-06,1,sample_2
gene_701,1.51140526652918e-06,1,sample_2
gene_825,-1.33424646038252e-06,1,sample_2
gene_103,1.45797532435258e-05,1,sample_2
gene_838,-6.31660477763658e-06,1,sample_2
gene_777,7.1340959821185e-07,0.968180135339796,sample_2
gene_38,-6.6358878146628e-07,1,sample_2
gene_894,3.33074560655139e-06,1,sample_2
gene_821,-2.21652707813959e-07,1,sample_2
gene_324,-3.13777559373615e-07,1,sample_2
gene_875,3.26463734059349e-06,1,sample_2
gene_238,1.2080806871962e-07,1,sample_2
gene_723,1.22225319847248e-06,1,sample_2
gene_455,4.35167731250436e-06,1,sample_2
gene_670,7.23452635497364e-06,1,sample_2
gene_163,-2.28013887689879e-07,1,sample_2
gene_339,1.40979866844909e-06,1,sample_2
gene_11,4.87030640466611e-06,0.807098037115452,sample_2
gene_522,-8.2034290088915e-07,0.968495806127139,sample_2
gene_255,3.2832695481326e-06,1,sample_2
gene_129,7.11141054051229e-07,1,sample_2
gene_286,0.990082911295121,0.689057282643917,sample_2
gene_85,-7.90193350210479e-05,1,sample_2
gene_76,2.03901417409442e-05,1,sample_2
gene_712,7.97770629238627e-06,1,sample_2
gene_891,2.80664525486611e-06,1,sample_2
gene_136,2.00580238209211e-07,1,sample_2
gene_384,-4.13629693594503e-06,1,sample_2
gene_440,-6.68510119134814e-06,0.295597980705935,sample_2
gene_851,-1.99519538096089e-07,0.161065581133758,sample_2
gene_799,-8.51656384478758e-08,1,sample_2
gene_461,-2.65250139344495e-05,1,sample_2
gene_221,5.4344643438564e-06,1,sample_2
gene_141,5.15457332516781e-06,1,sample_2
gene_302,5.36702259616757e-06,1,sample_2
gene_964,7.44568306636631e-06,1,sample_2
gene_235,-1.12037489659164e-06,0.000820383216176714,sample_2
gene_469,-1.33734089258046e-06,0.033499246015063,sample_2
gene_369,5.12696410447171e-06,1,sample_2
gene_784,7.73248648830367e-06,0.445596280140231,sample_2
gene_546,-1.25342953597323e-06,0.000551849616165731,sample_2
gene_77,-1.18156538093086e-06,0.14958144659481,sample_2
gene_797,7.68186266159575e-07,1,sample_2
gene_211,4.69518547036046e-05,1,sample_2
gene_849,1.4843341597404,0.139786858671567,sample_2
gene_215,-1.160362126433e-06,1,sample_2
gene_992,-2.94214559330415e-07,1,sample_2
gene_883,8.41858164001531e-06,1,sample_2
gene_995,9.05847269056898e-07,1,sample_2
gene_641,1.32341542785768e-06,1,sample_2
gene_622,1.13101601762407e-05,1,sample_2
gene_95,2.57357148231831e-06,1,sample_2
gene_287,-1.33417408594374e-06,1,sample_2
gene_256,6.59897327998603e-06,1,sample_2
gene_333,9.57373282767014e-06,1,sample_2
gene_651,5.00234340937938e-06,1,sample_2
gene_349,2.68649496712607e-06,1,sample_2
gene_1,9.73883330873989e-06,1,sample_2
gene_473,7.54119050401724e-06,1,sample_2
gene_680,1.35748342268328e-05,1,sample_2
gene_532,-7.55613597375675e-07,1,sample_2
gene_285,-1.92844498977454e-06,0.957210064592243,sample_2
gene_365,-1.42487895395582e-06,0.132559991609341,sample_2
gene_608,4.14536889605563e-07,1,sample_2
gene_615,1.82916263340005,0.0179427718260745,sample_2
gene_53,-4.80231060541803e-07,1,sample_2
gene_588,-1.0411463840444e-06,0.554837296151938,sample_2
gene_201,1.33431563742763e-07,1,sample_2
gene_672,1.0143399708813e-06,0.937282298972144,sample_2
gene_265,1.81502155138285e-06,1,sample_2
gene_119,4.48648922359795e-07,1,sample_2
gene_908,3.71721584080875e-08,1,sample_2
gene_441,1.15365532492684e-06,1,sample_2
gene_275,1.13610292698948e-06,1,sample_2
gene_718,-1.59302016705965e-05,1,sample_2
gene_943,2.50337821208442e-06,1,sample_2
gene_34,3.12694462699104e-05,1,sample_2
gene_7,-9.97772416221895e-06,1,sample_2
gene_125,-1.10394788716268e-06,1,sample_2
gene_250,1.9183866992833e-05,1,sample_2
gene_842,-9.59452689908866e-07,1,sample_2
gene_511,1.84136601401511e-07,1,sample_2
gene_957,-2.62641238794914e-07,1,sample_2
gene_116,1.15944942356043,0.307464715088523,sample_2
gene_888,-1.77249302009044e-06,0.00054383332890392,sample_2
gene_391,3.37421986167038e-06,0.461948613295034,sample_2
gene_749,-4.5817628579193e-07,0.67126346888193,sample_2
gene_704,-7.28615360079799e-07,0.313404564596984,sample_2
gene_137,1.30714141370953e-06,1,sample_2
gene_905,1.32434889744551e-06,0.858197221554774,sample_2
gene_81,-5.28308677525205e-07,0.301276073230513,sample_2
gene_283,-2.01415264353219e-06,1,sample_2
gene_425,3.21298120072088e-06,1,sample_2
gene_938,-3.18101872554044e-06,0.865579489501354,sample_2
gene_737,2.74755444550886e-06,1,sample_2
gene_666,7.82437143643133e-06,1,sample_2
gene_937,9.74183220700591e-07,1,sample_2
gene_700,1.59588194221088e-06,1,sample_2
gene_388,1.24364759618915e-05,1,sample_2
gene_554,1.9283658691036e-06,1,sample_2
gene_533,3.11307227556718e-07,1,sample_2
gene_259,8.21124976910745e-06,1,sample_2
gene_945,2.99137274243914e-06,1,sample_2
gene_231,2.62888033660259e-06,1,sample_2
gene_711,3.1668565384951e-07,1,sample_2
gene_72,1.26352151434046e-06,1,sample_2
gene_39,-1.16554198572166e-05,1,sample_2
gene_90,2.15346123646598e-06,1,sample_2
gene_535,6.03716480437863e-06,1,sample_2
gene_337,-9.50916206795429e-06,1,sample_2
gene_118,1.41244403631603e-05,1,sample_2
gene_356,-1.83196899536073e-06,1,sample_2
gene_23,-1.35344560697989e-06,1,sample_2
gene_599,-3.57665619291588e-06,1,sample_2
gene_935,-3.44068477426184e-06,1,sample_2
gene_911,-1.50004183814209e-06,1,sample_2
gene_885,-9.59904009535224e-07,1.03259572882176e-05,sample_2
gene_570,1.26606132264808e-06,1,sample_2
gene_956,2.09945278798081e-08,1,sample_2
gene_318,2.05459855116945e-06,1,sample_2
gene_70,9.46973211407646e-06,1,sample_2
gene_170,5.26335939110172e-06,1,sample_2
gene_417,3.26795628391036e-06,1,sample_2
gene_921,6.01666842197201e-07,1,sample_2
gene_864,7.89935680518058e-07,1,sample_2
gene_703,1.94415964454697e-06,1,sample_2
gene_471,6.91020956119375e-06,1,sample_2
gene_585,-2.40622146700411e-06,1,sample_2
gene_832,2.9675099704126e-06,0.950689111792576,sample_2
gene_404,-7.4388641717283e-07,1,sample_2
gene_850,7.12093361557258e-09,1,sample_2
gene_559,9.89696616694526e-06,1,sample_2
gene_364,9.58959784270488e-06,1,sample_2
gene_846,-1.00925484520231e-07,1,sample_2
gene_148,6.89104058670921e-06,0.0783744035000776,sample_2
gene_139,-6.14249007283342e-08,1,sample_2
gene_592,-2.19739781924224e-06,1,sample_2
gene_853,2.75947263175683e-06,0.792473406569234,sample_2
gene_32,-1.78507769638791e-06,0.377969116991142,sample_2
gene_169,-1.23271184171225e-06,1,sample_2
gene_186,1.66286026095586e-05,1,sample_2
gene_115,5.92874168353678e-08,1,sample_2
gene_966,1.68959313061449e-06,1,sample_2
gene_509,9.51877583135365e-06,1,sample_2
gene_650,1.1106244227432e-05,1,sample_2
gene_699,1.05503887803419e-05,1,sample_2
gene_539,-1.67841531770184e-06,1,sample_2
gene_294,1.94388211964245e-06,1,sample_2
gene_503,5.6877464493757e-06,1,sample_2
gene_448,-3.53177292067659e-06,1,sample_2
gene_419,-1.44693646259419e-06,1,sample_2
gene_9,-2.15897911054988e-06,1,sample_2
gene_246,1.01482734844021e-05,1,sample_2
gene_482,-4.65436403965332e-06,1,sample_2
gene_191,1.21333232910361e-05,1,sample_2
gene_180,1.01837037537829e-05,1,sample_2
gene_640,-1.29520869202459e-06,1,sample_2
gene_413,5.58437478506369e-07,1,sample_2
gene_607,4.22455643775196e-08,1,sample_2
gene_817,-1.42733351897275e-06,1,sample_2
gene_925,5.43766462671387e-06,1,sample_2
gene_919,-2.12536087725565e-06,1,sample_2
gene_568,-3.96467252500006e-06,1,sample_2
gene_614,-9.12418303115053e-07,1,sample_2
gene_296,7.11404962882831e-07,1,sample_2
gene_550,5.36537042888633e-06,0.511217423229315,sample_2
gene_468,3.32542723824094e-06,0.715671294198857,sample_2
gene_786,-1.1909124642823e-06,1,sample_2
gene_277,7.9398165499032e-06,0.893747855796026,sample_2
gene_830,9.68277713753566e-06,0.597840760737883,sample_2
gene_271,-2.38036189358577e-06,2.24593934497702e-08,sample_2
gene_923,-1.16440587910831e-05,1,sample_2
gene_208,6.30845504539782e-06,1,sample_2
gene_328,-1.02250196704193e-06,1,sample_2
gene_900,5.40294167238346e-07,1,sample_2
gene_50,5.84321511577198e-07,1,sample_2
gene_153,-1.49697518624538e-06,1,sample_2
gene_203,2.14359974355608e-06,1,sample_2
gene_41,4.45237492517745e-07,1,sample_2
gene_312,-2.90619498810915e-06,0.711938307920113,sample_2
gene_450,-1.7367052255936e-06,0.945266177444561,sample_2
gene_266,1.04000168280748e-06,1,sample_2
gene_87,-7.07255866379236e-08,1,sample_2
gene_978,-1.3113717404667e-06,1,sample_2
gene_907,5.36032028985284e-06,1,sample_2
gene_58,2.79471762530614e-07,1,sample_2
gene_30,4.48246785770215e-08,0.975964599808857,sample_2
gene_37,2.41428929982666e-06,1,sample_2
gene_971,2.38432910219276e-06,1,sample_2
gene_24,5.35785343969806e-06,1,sample_2
gene_427,-3.63240919747456e-07,0.551179254036017,sample_2
gene_649,-6.23597903201577e-06,1.5327111939778e-21,sample_2
gene_396,-1.06724300473542e-06,0.0252966622287211,sample_2
gene_374,-9.556548880248e-07,0.0688733598426392,sample_2
gene_61,1.6692585132897e-06,1,sample_2
gene_534,8.42178466561792e-06,1,sample_2
gene_951,-4.59833875179257e-07,1,sample_2
gene_460,1.26258021714456e-05,1,sample_2
gene_717,1.3283723698161e-05,1,sample_2
gene_653,-1.90422357932236e-07,1,sample_2
gene_361,-2.87948628775409e-05,1,sample_2
gene_815,2.18988386717297e-06,1,sample_2
gene_14,1.51038222991405e-06,1,sample_2
gene_600,3.98726235305125e-07,1,sample_2
gene_371,-1.43526793057857e-06,0.115651491517986,sample_2
gene_531,-1.38986848144048e-07,1,sample_2
gene_999,1.97628763681685,0.0881040400371129,sample_2
gene_497,5.8444558132841e-06,1,sample_2
gene_434,8.69595858673434e-06,1,sample_2
gene_304,5.24330841070245e-06,1,sample_2
gene_134,-1.93203677803995e-06,1,sample_2
gene_778,-9.00005012044766e-07,1,sample_2
gene_232,3.90872523421796e-07,1,sample_2
gene_289,-2.55329312374643e-06,1,sample_2
gene_387,-6.99216884155351e-07,0.513298622448485,sample_2
gene_791,2.97300884986367e-06,0.487338043578236,sample_2
gene_702,-7.04764833050626e-07,0.3667867591226,sample_2
gene_135,1.23854220131573e-05,0.0354921512885733,sample_2
gene_662,-5.594632390815e-07,1,sample_2
gene_488,6.02016727082873e-06,1,sample_2
gene_543,1.99258167042387e-07,1,sample_2
gene_10,5.22557904125991e-07,1,sample_2
gene_986,3.45698018239575e-06,0.779879402188305,sample_2
gene_411,1.70088714124539e-06,1,sample_2
gene_993,1.7377834437193e-07,1,sample_2
gene_29,7.99792424256353e-05,1,sample_2
gene_161,-5.01637190628791e-06,0.306349419510387,sample_2
gene_67,-7.64852744466242e-07,0.882812253429388,sample_2
gene_416,4.92018065163843e-07,1,sample_2
gene_26,-1.80180528177516e-06,1,sample_2
gene_35,-3.64029622703165e-06,1,sample_2
gene_659,1.85185529584751e-06,1,sample_2
gene_684,-2.21277822161531e-05,0.409130581376327,sample_2
gene_311,8.90940619098364e-06,1,sample_2
gene_195,-4.90751243109618e-07,1,sample_2
gene_589,-1.17631158124286e-06,1,sample_2
gene_974,4.23447862240649e-05,0.99768375771234,sample_2
gene_453,3.0698103794517e-06,1,sample_2
gene_582,2.32870647809299e-07,1,sample_2
gene_617,-1.41613548359654e-06,0.00854132840277122,sample_2
gene_804,-3.742580226351e-06,0.526869648041512,sample_2
gene_102,2.83177079612852,0.0865527130914566,sample_2
gene_15,-1.85817535836849e-07,1,sample_2
gene_780,-7.66235191882502e-06,0.00677054916755735,sample_2
gene_794,9.72770725626901e-07,1,sample_2
gene_207,-3.10299179234506e-06,0.154668417882159,sample_2
gene_811,1.70044987185117e-06,0.610258014829742,sample_2
gene_236,4.64888240731757e-06,0.22066378487073,sample_2
gene_671,-6.89993786456526e-07,0.382459084974577,sample_2
gene_544,2.683304105812e-06,0.322193075362106,sample_2
gene_315,1.16300706236371e-06,1,sample_2
gene_227,-2.26385223164105e-06,0.0770542716989079,sample_2
gene_295,-8.16418791587216e-07,1,sample_2
gene_685,-1.07042443412337e-05,1,sample_2
gene_483,1.3296530565654e-06,1,sample_2
gene_424,4.75122068333767e-08,1,sample_2
gene_301,3.90375276128145e-09,1,sample_2
gene_249,-3.77286648586854e-07,1,sample_2
gene_548,-6.51636647247235e-07,0.862459116572702,sample_2
gene_688,1.65274735009602e-06,0.721920062020857,sample_2
gene_74,6.51854573377436e-06,0.740600023314059,sample_2
gene_445,2.57186782562706,0.0439340495414334,sample_2
gene_412,3.27331186739302,0.0145950699435821,sample_2
gene_145,4.39573056800606e-06,1,sample_2
gene_774,-8.39936956305522e-05,1,sample_2
gene_823,1.47707894012996e-06,1,sample_2
gene_694,-1.41098310159242e-06,1,sample_2
gene_906,3.63615957766163e-06,1,sample_2
gene_56,3.87102337859862e-06,1,sample_2
gene_162,-6.20139788354611e-07,0.000540135246558621,sample_2
gene_176,-3.39559411944366e-07,1,sample_2
gene_565,1.17152699782779e-05,1,sample_2
gene_914,-2.28511415540561e-06,1,sample_2
gene_865,-1.15223900919697e-05,1,sample_2
gene_926,3.71054759382487e-06,1,sample_2
gene_398,9.40943223094262e-07,1,sample_2
gene_840,-2.4420186566193e-07,1,sample_2
gene_418,-9.21265904838933e-06,1,sample_2
gene_796,-7.15266118089689e-07,1,sample_2
gene_409,7.80315457926004e-06,1,sample_2
gene_803,2.49331686819353,1.47162317229711e-07,sample_2
gene_909,-4.26257333764026e-06,1,sample_2
gene_899,2.38738029869743e-06,0.416253467044798,sample_2
gene_502,-4.55827801385701e-07,1,sample_2
gene_985,3.27391723509095e-06,1,sample_2
gene_160,9.76930255633388e-07,1,sample_2
gene_308,-0.000156564935819599,1,sample_2
gene_390,9.53558303211668e-07,1,sample_2
gene_952,3.82871811913511e-06,1,sample_2
gene_260,-2.0724425250436e-07,0.876925011195396,sample_2
gene_54,1.6610723897472e-06,0.362808169686161,sample_2
gene_663,2.45258322208144e-06,1,sample_2
gene_959,3.16709497494524e-06,1,sample_2
gene_931,5.28622697832477e-06,0.213375760056939,sample_2
gene_648,7.2434564173239e-06,0.268609571610792,sample_2
gene_660,1.26507021130383e-06,1,sample_2
gene_596,-3.55472480683995e-06,1,sample_2
gene_739,-3.33932370152416e-07,0.581336225983761,sample_2
gene_187,-9.81407412291526e-07,1,sample_2
gene_313,1.69915998471542e-06,0.846939455227587,sample_2
gene_541,3.19558575014491,0.0197586068387266,sample_2
gene_422,-8.24304053812284e-09,1,sample_2
gene_577,1.55025304321458e-06,0.321461074525745,sample_2
gene_772,5.52945087198184e-07,1,sample_2
gene_353,3.40231701860193e-07,0.780368691629595,sample_2
gene_639,-5.6310945001126e-08,1,sample_2
gene_331,1.85467415126558e-07,0.979142761510721,sample_2
gene_646,2.49373564680599e-07,1,sample_2
gene_342,-1.58964035895546e-08,1,sample_2
gene_16,3.79363027950794e-06,0.428936358386942,sample_2
gene_776,1.51196642970498e-06,0.360494710473274,sample_2
gene_845,1.07762416673651e-06,0.735682385995057,sample_2
gene_200,4.30175493167183e-06,0.48866045881773,sample_2
gene_184,6.49791161943146e-07,0.542681033027068,sample_2
gene_755,2.09748362624623e-07,1,sample_2
gene_466,1.03189216380747e-05,0.0138515952528692,sample_2
gene_299,-1.22619361154291e-08,1,sample_2
gene_379,1.02231995564839e-05,0.0197792519868801,sample_2
gene_355,1.24599000936974e-06,0.356577174014379,sample_2
gene_762,4.53059754937024e-07,0.793726921661962,sample_2
gene_584,1.93938374437068e-06,0.365255140262993,sample_2
gene_572,2.92375261531483e-06,0.204206876888263,sample_2
gene_595,1.41961498857377e-06,0.64429157346953,sample_2
gene_610,-5.32214083073397e-08,1,sample_2
gene_484,-2.1205295113818e-09,1,sample_2
gene_869,6.24832929809368e-06,0.0702432686847003,sample_2
gene_458,9.27365336298623e-06,0.182412433445472,sample_2
gene_753,-4.48994705356169e-06,1,sample_2
gene_4,2.54679758501487e-06,1,sample_2
gene_253,7.9140392677066e-06,1,sample_2
gene_144,-9.63111845943173e-07,1,sample_2
gene_561,1.23021723294296e-06,1,sample_2
gene_742,4.34612478707033e-06,1,sample_2
gene_636,-1.90297332669592e-06,1,sample_2
gene_989,6.79901124432375e-07,1,sample_2
gene_501,-2.89134857378205e-06,0.40434913849847,sample_2
gene_863,-2.08556844737872e-06,0.298928137788734,sample_2
gene_449,-4.16663874369405e-07,1,sample_2
gene_288,3.59699780580302e-07,1,sample_2
gene_99,1.25295993012204e-06,1,sample_2
gene_761,-7.15013306781235e-07,1,sample_2
gene_844,-1.29958149210343e-06,1,sample_2
gene_57,-3.08567295943289e-07,1,sample_2
gene_114,8.93934505529501e-06,0.336823982989701,sample_2
gene_111,6.58567142031473e-07,1,sample_2
gene_816,1.38107591362594e-06,1,sample_2
gene_233,-7.27945582080392e-08,1,sample_2
gene_870,-0.900074933386014,0.925581886396507,sample_2
gene_124,-1.7884442844998e-07,1,sample_2
gene_104,6.18824552981997e-06,1,sample_2
gene_618,-2.5087326219715e-07,0.000103640321991116,sample_2
gene_587,-3.45786108212546e-07,0.531217708348832,sample_2
gene_990,7.19789399276175e-06,1,sample_2
gene_373,1.9561689398126e-05,1,sample_2
gene_861,1.61973580070142e-06,1,sample_2
gene_697,-1.80631029516762e-07,1,sample_2
gene_213,9.66184843474765e-06,1,sample_2
gene_735,-2.5672819616994e-07,1,sample_2
gene_981,-7.35657475773692e-07,1,sample_2
gene_93,4.34982811232586e-05,1,sample_2
gene_950,7.98971217169878e-06,1,sample_2
gene_465,1.3130010494936e-05,1,sample_2
gene_212,3.76929192797925e-06,1,sample_2
gene_237,2.74043352732492e-06,1,sample_2
gene_49,2.94223761561701e-07,1,sample_2
gene_183,-5.84722356392147e-07,0.205804472015935,sample_2
gene_759,-1.33270459703295e-07,1,sample_2
gene_344,1.35646297632322e-05,1,sample_2
gene_887,1.50300478898412e-06,1,sample_2
gene_644,1.32730758637614e-06,1,sample_2
gene_828,2.02244470076629e-06,1,sample_2
gene_862,-1.98108013500136e-06,0.307909359333094,sample_2
gene_752,-1.39711927265224e-06,1,sample_2
gene_638,-1.43421727443277e-06,1,sample_2
gene_220,-5.12300425910559e-06,0.0278505998366201,sample_2
gene_303,-4.61520341287831e-07,0.989460923175002,sample_2
gene_787,-1.00948109236948e-06,0.000530055431306315,sample_2
gene_760,5.91819059215302e-06,0.468141024955316,sample_2
gene_272,-1.07441612053831e-06,0.00042026159187929,sample_2
gene_43,-1.89774392885095e-06,0.530887342360074,sample_2
gene_603,-2.6048190511594e-06,1,sample_2
gene_567,5.77859311448423e-06,1,sample_2
gene_893,-4.2712593041641e-07,0.700440094692287,sample_2
gene_627,3.97858843009141e-07,1,sample_2
gene_270,-4.02757871933329e-07,0.563639396452132,sample_2
gene_997,-2.13253244901024e-06,0.711909420264065,sample_2
gene_165,-4.13262209250162e-07,0.0465033708836352,sample_2
gene_962,1.09388068083758e-06,1,sample_2
gene_112,7.38075769825946e-06,1,sample_2
gene_889,-1.43134114384323e-06,1,sample_2
gene_73,-3.16301109472815e-06,1,sample_2
gene_393,-1.07780231602851e-06,1,sample_2
gene_692,-7.05440567639105e-09,1,sample_2
gene_123,-1.50386056946679e-06,1,sample_2
gene_837,6.87393114264519e-05,1,sample_2
gene_976,-1.67533811784061e-06,1,sample_2
gene_623,5.01640511564203e-07,1,sample_2
gene_127,-3.20702828406418e-06,1,sample_2
gene_927,-2.63774455415015e-06,0.238656792325232,sample_2
gene_105,-1.06871987496922e-06,1,sample_2
gene_734,-1.71646707761989e-06,0.0958361817496757,sample_2
gene_426,8.63977308879121e-07,1,sample_2
gene_601,-1.15338922844164e-06,0.907095674162865,sample_2
gene_8,4.73471173049636e-06,1,sample_2
gene_847,-1.30675584951941e-06,1,sample_2
gene_594,-4.63156532551095e-06,1,sample_2
gene_474,2.13713246535233,0.0546676258374449,sample_2
gene_325,7.31444566294552e-06,1,sample_2
gene_620,4.56566581553586e-06,1,sample_2
gene_632,-6.39800346669635e-07,1,sample_2
gene_866,-1.19334589900934e-06,1,sample_2
gene_551,-2.32884749101279e-06,0.104218017489826,sample_2
gene_31,2.70892717639678e-06,1,sample_2
gene_527,1.117610279313e-05,1,sample_2
gene_110,-8.93946263910146e-07,2.58723643556162e-06,sample_2
gene_470,-4.34075746464092e-07,0.000704772093810735,sample_2
gene_988,-9.42747607987314e-07,0.120809862343231,sample_2
gene_399,-1.10196825333826e-06,0.00324761212716419,sample_2
gene_389,-1.86999565752151e-06,0.319627040317487,sample_2
gene_619,-2.16535433467868e-07,0.0781481229164867,sample_2
gene_747,-2.60759885852114e-06,1,sample_2
gene_368,-6.14761013367636e-07,1,sample_2
gene_808,0.000150972621254467,1,sample_2
gene_858,5.13073312161429e-06,1,sample_2
gene_934,8.15734701192918e-06,1,sample_2
gene_242,1.03610655530575e-05,1,sample_2
gene_949,-5.09565535337142e-07,5.36017877883771e-06,sample_2
gene_397,-5.0247915932109e-07,0.383319300191306,sample_2
gene_652,8.0444484002407e-07,0.950709846610093,sample_2
gene_292,-2.21758634013177e-06,0.985258510265881,sample_2
gene_579,-1.96980792763033e-06,0.909341013329969,sample_2
gene_980,-8.25458611974387e-07,0.664687273921703,sample_2
gene_226,-3.02159628590851e-06,0.29705983788886,sample_2
gene_55,-2.02797596355137e-06,0.0220393777497069,sample_2
gene_903,-2.66209075126879e-07,1,sample_2
gene_545,5.72211538091953e-06,1,sample_2
gene_574,1.90200728979624e-06,1,sample_2
gene_431,-2.67863128906114e-07,0.525648113682832,sample_2
gene_983,-4.06838912112023e-07,0.68290374187223,sample_2
gene_382,-1.81460291150535e-06,0.0473781186981036,sample_2
gene_814,-1.02513413595346e-06,1,sample_2
gene_878,-1.84618830123901e-06,0.610900320603955,sample_2
gene_42,-7.50252070567366e-08,0.71417589044557,sample_2
gene_628,4.02199481088569e-07,1,sample_2
gene_319,-2.83349571947961e-06,0.00179820124960005,sample_2
gene_268,-4.37134150835305e-07,1,sample_2
gene_751,7.90224232762747e-05,1,sample_2
gene_505,-7.67420579031111e-07,1,sample_2
gene_151,-1.69253743854106e-06,0.221254452321181,sample_2
gene_205,-1.09910307813747e-06,1,sample_2
gene_223,2.69483414299281e-06,0.891165709148592,sample_2
gene_674,-3.53982313240488e-06,1,sample_2
gene_948,5.37475390629754e-06,1,sample_2
gene_385,-6.7970532347431e-07,1,sample_2
gene_380,7.99131059992201e-06,1,sample_2
gene_802,6.39458707166971e-06,1,sample_2
gene_604,1.6484888105124,0.100225511011081,sample_2
gene_261,0.898590891086168,0.994283992898151,sample_2
gene_446,2.80414297605439e-06,1,sample_2
gene_771,2.64514094356939e-06,1,sample_2
gene_360,5.44872296414196e-07,1,sample_2
gene_736,-1.36871482634028e-06,1,sample_2
gene_498,8.20663219268212e-06,1,sample_2
gene_171,-4.57774531311893e-06,1,sample_2
gene_979,1.39767634182622e-06,1,sample_2
gene_108,-2.79066565260404e-05,1,sample_2
gene_128,5.15328508134749e-07,1,sample_2
gene_279,2.13929610068722e-06,1,sample_2
gene_363,5.70938007878062e-06,1,sample_2
gene_881,3.95005970738762e-06,1,sample_2
gene_756,1.1761041037165e-07,1,sample_2
gene_59,9.09945732748285e-06,1,sample_2
gene_677,2.4573914682432e-06,1,sample_2
gene_819,-7.65295239369261e-07,1,sample_2
gene_738,4.02891289530969e-06,1,sample_2
gene_476,-1.61456580156311e-05,1,sample_2
gene_536,1.42168090203799e-07,1,sample_2
gene_109,-0.00014020617592765,1,sample_2
gene_726,1.07729439662681e-05,0.77890944770433,sample_2
gene_707,-1.12571206258806e-05,1,sample_2
gene_598,-3.59096227973999e-06,1,sample_2
gene_323,3.56351898137494e-07,1,sample_2
gene_243,2.14924313399876e-05,1,sample_2
gene_575,-5.05737553314245e-06,1,sample_2
gene_21,4.79937002141571e-06,1,sample_2
gene_991,-1.3676287740707e-06,1,sample_2
gene_569,-1.03895894072772e-05,1,sample_2
gene_616,-2.43537286045117e-06,1,sample_2
gene_612,-2.75920494745053e-07,1,sample_2
gene_973,7.86498737222476e-06,1,sample_2
gene_196,5.82958592060276e-06,1,sample_2
gene_479,-0.000259628576935555,0.00639133011771282,sample_2
gene_400,-1.55059149155631e-06,1,sample_2
gene_691,-4.07599475644071e-06,1,sample_2
gene_705,2.34953323719647e-07,1,sample_2
gene_84,-1.10307258826356e-07,1,sample_2
gene_613,5.35779437776562e-06,1,sample_2
gene_606,-2.90734647200403e-06,1,sample_2
gene_254,-1.41583295348062e-06,0.179601373374038,sample_2
gene_667,-5.03921486696302e-07,0.0481729778461519,sample_2
gene_518,1.20098473628946e-06,0.648045528236027,sample_2
gene_204,2.52462323127415e-06,1,sample_2
gene_634,-2.73221338007277e-08,1,sample_2
gene_280,1.07653580365825e-06,1,sample_2
gene_306,6.72204097162017e-06,1,sample_2
gene_336,2.08489749557798e-06,1,sample_2
gene_357,4.67852131825967e-06,1,sample_2
gene_514,2.32169118082906e-06,1,sample_2
gene_3,5.20592063216237e-06,1,sample_2
gene_637,4.74546109048336e-07,1,sample_2
gene_696,4.83782146747525e-06,1,sample_2
gene_605,9.97094906570982e-06,1,sample_2
gene_403,9.07289849729649e-07,1,sample_2
gene_562,1.85466685280495e-06,0.541303426553387,sample_2
gene_273,1.4702615184114e-06,1,sample_2
gene_464,-1.89862167601494e-06,1,sample_2
gene_968,5.77287566210996e-07,1,sample_2
gene_581,-1.43374998715929e-06,1,sample_2
gene_946,6.91589166522494e-07,0.960144014386494,sample_2
gene_100,1.45254486559417e-06,1,sample_2
gene_329,-2.16150306729494e-07,1,sample_2
gene_366,2.87575936317765e-07,1,sample_2
gene_693,-1.0240256408678e-06,0.0505173140611534,sample_2
gene_252,3.26721338576976e-06,1,sample_2
gene_939,3.54750242065023e-07,1,sample_2
gene_972,-6.17911796225216e-08,1,sample_2
gene_408,-2.96662336534831e-07,0.3960560058768,sample_2
gene_267,-2.99669937631126e-06,1,sample_2
gene_75,7.98838931002105e-06,1,sample_2
gene_556,-4.8869561821068e-07,1,sample_2
gene_967,1.27177784262352e-06,1,sample_2
gene_960,3.43221910107555e-06,1,sample_2
gene_553,-1.99284890155367e-06,4.09229211125075e-05,sample_2
gene_540,-1.10979701181437e-06,1,sample_2
gene_428,-3.76163048578381e-05,1,sample_2
gene_767,1.12668422074598e-05,1,sample_2
gene_459,1.24315714229425e-06,1,sample_2
gene_954,7.94257519102929e-06,1,sample_2
gene_121,5.54286515834459e-06,1,sample_2
gene_48,1.22025664706282,0.137639041226498,sample_2
gene_965,-2.99224284099883e-07,1,sample_2
gene_812,2.4144515458203e-06,1,sample_2
gene_179,-7.13014365764473e-06,1,sample_2
gene_248,-7.4275103663244e-07,1,sample_2
gene_167,-4.98863631715986e-07,1,sample_2
gene_624,5.98583518388841e-06,1,sample_2
gene_467,5.60747555665181e-07,1,sample_2
gene_290,-3.79709581852297e-06,0.127956143855039,sample_2
gene_516,-4.83576481099084e-06,0.010153664655856,sample_2
gene_22,-5.64583547494995e-06,1,sample_2
gene_435,-9.95053896630356e-07,0.748075119757692,sample_2
gene_709,7.17975475041251e-06,1,sample_2
gene_669,5.66692249017403e-08,1,sample_2
gene_101,1.3946423234026e-07,0.902285146281217,sample_2
gene_763,1.17966402951926e-06,1,sample_2
gene_264,-1.09516980280091e-06,1,sample_2
gene_281,-1.85937551794085e-07,0.442269028776437,sample_2
gene_423,-1.7783011076494e-06,0.908105038183981,sample_2
gene_998,-7.04701173816302e-07,0.0447940540264973,sample_2
gene_495,2.60144709858207e-06,1,sample_2
gene_159,1.07328216410621e-05,1,sample_2
gene_806,-1.23435778669764e-06,0.528475234763532,sample_2
gene_714,-3.0972662492387e-06,1,sample_2
gene_18,-1.39466631533451e-06,1,sample_2
gene_757,2.63330767647245e-06,1,sample_2
gene_715,-2.16420068163215e-06,1,sample_2
gene_206,4.80515417925801e-06,1,sample_2
gene_358,-5.46425870613232e-07,0.0508931937570936,sample_2
gene_525,-5.5741483161956e-06,1,sample_2
gene_754,3.41809950612833e-06,1,sample_2
gene_673,1.87444221339001e-06,1,sample_2
gene_586,-1.49232610628628e-05,1,sample_2
gene_345,2.84661412606295e-06,1,sample_2
gene_855,1.47428594155117e-06,0.803112412467428,sample_2
gene_310,1.69958185129721e-06,0.687303331952054,sample_2
gene_654,-2.72388223373917e-06,0.86190803545902,sample_2
gene_149,1.9225594256509e-06,1,sample_2
gene_234,-5.85502487967858e-07,0.0735615863925231,sample_2
gene_71,-1.19479290094051e-06,0.587771119489674,sample_2
gene_198,5.20644927475834e-06,1,sample_2
gene_913,-4.52908591718597e-06,1.25338818765241e-10,sample_2
gene_156,8.9504640932609e-06,1,sample_2
gene_33,-8.64105759646894e-07,1,sample_2
gene_317,-1.08205599446526e-06,1,sample_2
gene_961,2.94949105179656e-06,0.368929839635405,sample_2
gene_433,2.9266449179759e-07,1,sample_2
gene_395,-4.13682590470579e-07,1,sample_2
gene_481,2.71748577626827e-06,1,sample_2
gene_642,2.69973752332604e-06,1,sample_2
gene_321,-2.67735646257247e-06,0.00107666842145912,sample_2
gene_635,-1.20023889488578e-06,1,sample_2
gene_354,2.03949206162854e-06,1,sample_2
gene_831,7.2796029966223e-06,1,sample_2
gene_857,1.68466791554767e-06,1,sample_2
gene_722,1.40318894213212e-05,1,sample_2
gene_282,-3.76594008025619e-06,0.17280171005901,sample_2
gene_2,-7.49026845794084e-05,1,sample_2
gene_890,2.93116900006967e-06,1,sample_2
gene_713,-5.06189233429529e-06,8.85557615359555e-08,sample_2
gene_168,-1.59956519250333e-06,0.388764714790813,sample_2
gene_82,4.77179096828808e-06,1,sample_2
gene_547,-3.03333277678214e-07,0.591934456469299,sample_2
gene_874,9.47909223141279e-07,1,sample_2
gene_218,-7.35582339218237e-07,1,sample_2
gene_486,-1.26683633148987e-06,0.575941960583656,sample_2
gene_917,8.31780655785268e-07,1,sample_2
gene_457,-2.82790410574714e-06,1,sample_2
gene_602,-2.00540986615314e-06,1,sample_2
gene_724,6.06180861669137e-06,1,sample_2
gene_766,1.79862167849156e-06,1,sample_2
gene_322,1.14304869138249e-05,1,sample_2
gene_46,6.14339845530407e-07,1,sample_2
gene_920,6.14623173241728e-07,1,sample_2
gene_172,-0.000119646347718856,1,sample_2
gene_401,7.91405727775127e-06,1,sample_2
gene_895,2.34346292923864e-06,1,sample_2
gene_452,1.67460813510173e-05,1,sample_2
gene_729,1.98848532325977e-06,1,sample_2
gene_743,3.42774957423966e-06,1,sample_2
gene_240,4.50967387934718e-06,1,sample_2
gene_300,5.6082036829299e-07,1,sample_2
gene_146,-1.13091767759727e-07,1,sample_2
gene_730,5.88756311967731e-07,1,sample_2
gene_748,1.12261260741568e-05,1,sample_2
gene_293,3.02670440879324e-07,1,sample_2
gene_36,2.86507376086491e-07,1,sample_2
gene_576,2.174352494053e-06,1,sample_2
gene_402,6.74473606547506e-07,1,sample_2
gene_244,-2.00950861109176e-07,0.419184970780075,sample_2
gene_154,-1.73586878119125e-08,1,sample_2
gene_852,4.73280177802803e-06,0.151535923478802,sample_2
gene_611,-1.37892751929194e-06,0.758053728050655,sample_2
gene_164,-6.96483080478655e-07,0.00200475090126736,sample_2
gene_524,-1.81212200317727e-06,0.733164957241955,sample_2
gene_538,-2.75714507933378e-06,0.0323965981000381,sample_2
gene_429,-0.000159628671168512,1,sample_2
gene_316,1.08014742803135e-07,1,sample_2
gene_91,-2.74471993941799e-06,1,sample_2
gene_902,-1.64620303824777e-06,1,sample_2
gene_17,-7.78420549338086e-06,1,sample_2
gene_593,3.4660363155952e-06,1,sample_2
gene_629,2.08806948924767e-06,1,sample_2
gene_519,1.15223028260275e-05,1,sample_2
gene_263,2.98532785948295e-07,1,sample_2
gene_493,-1.4717923760148e-06,0.95719462190754,sample_2
gene_836,8.02028248463165e-06,1,sample_2
gene_892,-3.71277929150165e-06,4.75274792178795e-10,sample_2
gene_922,-5.09183066447579e-06,1,sample_2
gene_83,-4.04658468359564e-06,1,sample_2
gene_549,9.58526116604074e-08,1,sample_2
gene_209,7.6728735935036e-07,1,sample_2
gene_269,1.38374542281781e-06,1,sample_2
gene_695,-1.76697456182787e-06,0.292089486041279,sample_2
gene_406,1.28023342539764e-06,1,sample_2
gene_740,8.28788273853031e-06,1,sample_2
gene_727,5.01132832757516e-06,1,sample_2
gene_1000,2.88692499599863e-06,1,sample_2
gene_140,1.92894708319061e-06,1,sample_2
gene_219,1.33964839963371e-06,1,sample_2
gene_491,1.50659400630312e-05,1,sample_2
gene_262,1.97614942410585e-05,1,sample_2
gene_564,-6.4293820538821e-07,0.162998358051811,sample_2
gene_824,7.18965103737765e-07,1,sample_2
gene_643,-8.76429496056307e-07,1,sample_2
gene_120,1.5305622959197e-06,1,sample_2
gene_563,-2.98493731752402e-06,1,sample_2
gene_768,2.12128670826092e-07,1,sample_2
gene_558,-1.71789914665668e-07,1,sample_2
gene_512,5.3178485521307e-06,1,sample_2
gene_147,1.00556345317178e-05,1,sample_2
gene_454,1.97021197471537e-06,1,sample_2
gene_744,1.25324506032847e-06,1,sample_2
gene_477,5.0074535969096e-06,1,sample_2
gene_25,1.45413798097159e-06,1,sample_2
gene_969,3.50815302149036e-06,1,sample_2
gene_996,1.15468038798822e-06,1,sample_2
gene_194,2.89245389054409e-06,1,sample_2
gene_132,3.18705059819705e-06,1,sample_2
gene_494,-1.57250126449292e-06,1,sample_2
gene_190,4.70650563483496e-06,1,sample_2
gene_647,2.38907985864847e-06,1,sample_2
gene_463,-5.5862546984783e-06,1,sample_2
gene_222,-1.06049101063411e-06,1,sample_2
gene_492,-8.25697310009279e-07,1,sample_2
gene_656,9.49259509219474e-07,1,sample_2
gene_297,3.6437563852882e-06,1,sample_2
gene_785,1.34797250186237e-06,1,sample_2
gene_86,2.20471895911117e-06,1,sample_2
gene_770,1.1574584938277e-05,1,sample_2
gene_963,6.08300661323091e-06,1,sample_2
gene_681,3.69446974499541,0.00716032510961978,sample_2
gene_362,7.06631173735734e-06,1,sample_2
gene_912,-1.50146710079927e-06,0.450587403291602,sample_2
gene_444,1.59678042883424e-06,1,sample_2
gene_897,-1.13750563931129e-06,1,sample_2
gene_173,1.5488997368954e-05,1,sample_2
gene_217,2.35299432244632e-07,1,sample_2
gene_856,5.67634765201441e-06,1,sample_2
gene_679,-8.98170235088963e-07,1,sample_2
gene_257,3.08550395514421e-06,1,sample_2
gene_790,-4.2552724128721e-07,1,sample_2
gene_725,-4.40904660995513e-09,1,sample_2
gene_807,-2.51112937436092e-07,1,sample_2
gene_45,1.47239739317915e-06,1,sample_2
gene_955,-3.10670611157105e-07,1,sample_2
gene_687,-1.97325329655691e-06,1,sample_2
gene_94,-1.56025205209849e-06,1,sample_2
gene_678,7.82935196299166e-07,1,sample_2
gene_490,3.07553899843423e-07,1,sample_2
gene_719,3.62180874178116e-06,0.621372555898751,sample_2
gene_947,8.49127163085537e-07,1,sample_2
gene_202,3.76251902573393e-06,1,sample_2
gene_142,-3.943993458344e-07,1,sample_2
gene_188,7.97759528838605e-07,1,sample_2
gene_597,7.16076138528857e-06,0.206553408690478,sample_2
gene_721,-1.34607893335786e-06,0.463338371850482,sample_2
gene_504,-9.68516543894428e-07,1,sample_2
gene_13,-9.65927647027148e-07,0.741080150399135,sample_2
gene_682,1.90004344113161e-06,1,sample_2
gene_472,-7.16998771418728e-07,0.144135572700863,sample_2
gene_298,-6.91933722707181e-07,0.492576237154466,sample_2
gene_407,-2.06366173904471e-06,0.0641776633682502,sample_2
gene_942,-1.00299945334462e-06,0.000351679661237362,sample_2
gene_795,-1.34974099286726e-06,1,sample_2
gene_571,-8.59896997834386e-08,1,sample_2
gene_675,-2.68251328498668e-07,0.759923385518626,sample_2
gene_557,-2.62578141294613e-06,0.00237758741170639,sample_2
gene_798,-3.16214523357892e-08,1,sample_2
gene_314,1.73721142046117e-06,0.650600899499046,sample_2
gene_351,-4.18600374053185e-07,0.403707142012803,sample_2
gene_829,2.50102894591385e-06,0.422480025802173,sample_2
gene_984,-1.30587979441919e-06,1,sample_2
gene_633,-7.69094673889775e-07,1,sample_2
gene_728,1.91796354479684e-06,1,sample_2
gene_517,1.07140636963495e-05,1,sample_2
gene_274,2.14655102252791e-06,1,sample_2
gene_552,-5.46121459880189e-07,1,sample_2
gene_341,-6.24752247422825e-07,1,sample_2
gene_96,-6.57463327698059e-06,0.000588519419495939,sample_2
gene_80,-1.86468550784377e-07,1,sample_2
gene_918,6.10783883253408e-06,1,sample_2
gene_197,-3.21253810592708e-07,1,sample_2
gene_60,-3.80174807225243e-06,1,sample_2
gene_276,4.60494023688365e-06,1,sample_2
gene_5,3.11223490222067e-06,1,sample_2
gene_841,3.09754906999116e-06,1,sample_2
gene_822,8.16147735546191e-06,1,sample_2
gene_475,-3.30438748956096e-06,1,sample_2
gene_775,-3.68027392845107e-06,1,sample_2
gene_278,4.03454285749649e-06,0.564239160971037,sample_2
gene_334,-2.33846647781997e-07,0.885341474746167,sample_2
gene_789,2.20376101585832,0.0554790291287426,sample_2
gene_686,-9.81580983049821e-08,0.746754701434855,sample_2
gene_930,-3.629351436283e-06,1,sample_2
gene_625,-0.000254655186544614,1,sample_2
gene_152,1.82832861554867e-06,1,sample_2
gene_560,4.02466017162643e-06,1,sample_2
gene_347,1.95515031564273e-06,1,sample_2
gene_826,-6.32113598852139e-06,1,sample_2
gene_621,1.07224232739178e-06,1,sample_2
gene_442,1.18173329680412e-06,1,sample_2
gene_216,-1.03744678542133e-06,0.575608701446878,sample_2
gene_924,-5.55711109107387e-06,0.00422454045789533,sample_2
gene_801,9.71251641477089e-07,1,sample_2
gene_537,-1.2384640952034e-06,0.560384156170903,sample_2
gene_478,-3.12580138260433e-07,0.0814286904328475,sample_2
gene_876,-3.1568836855845e-06,1,sample_2
gene_805,-6.00466067158025e-07,1,sample_2
gene_447,1.02103756337765e-06,1,sample_2
gene_499,3.80893863944039e-06,1,sample_2
gene_326,-2.96984061708556e-06,0.971251944692842,sample_2
gene_507,2.96978554205087,0.000756305328673623,sample_2
gene_97,5.87429098706329e-06,1,sample_2
gene_631,3.8679632542806e-06,1,sample_2
gene_782,-3.54078064056853e-05,1,sample_2
gene_415,4.11069652242287e-06,1,sample_2
gene_348,5.86331783493255e-06,1,sample_2
gene_414,7.50868134981418e-07,1,sample_2
gene_732,1.05034253954726e-05,1,sample_2
gene_79,-2.50928651942365e-06,0.0291286921489822,sample_2
gene_868,-2.1680685420723e-06,0.184968183714192,sample_2
gene_143,-3.65143024172894e-06,1,sample_2
gene_970,2.26866719797951e-06,1,sample_2
gene_150,5.84631696184078e-09,1,sample_2
gene_330,6.97030939965349e-06,1,sample_2
gene_19,-3.30141182334268e-08,1,sample_2
gene_320,2.62720097893972e-06,1,sample_2
gene_131,3.1602575729042e-06,1,sample_2
gene_107,4.25380134683148e-06,1,sample_2
gene_241,-5.27001830310475e-07,1,sample_2
gene_510,1.18335411097963e-05,1,sample_2
gene_871,4.67902575849303e-06,1,sample_2
gene_698,6.82097391635093e-06,1,sample_2
gene_877,-2.61263483128784e-06,1,sample_2
gene_193,-4.38649261873279e-06,0.806936040597722,sample_2
gene_566,1.39601653441323e-06,1,sample_2
gene_66,1.15696919493132e-05,1,sample_2
gene_40,7.9568116605947e-06,1,sample_2
gene_690,3.58230658781451e-08,1,sample_2
gene_664,3.0231006164143e-06,1,sample_2
gene_977,3.56171874690384e-06,1,sample_2
gene_89,-1.63643382134993e-06,1,sample_2
gene_578,-3.05261469597794e-06,1,sample_2
gene_177,6.03890622140533e-06,1,sample_2
gene_20,-7.32948392049569e-07,1,sample_2
gene_626,7.29170943993159e-08,1,sample_2
gene_867,6.15463264156348e-06,1,sample_2
gene_872,8.21401337199522e-06,1,sample_2
gene_933,-1.39802367879868e-06,1,sample_2
gene_520,4.06572156723235e-06,1,sample_2
gene_915,3.9053995733312e-06,1,sample_2
gene_720,6.03073103756767e-06,0.459280716202673,sample_2
gene_901,-4.36161806970645e-06,1,sample_2
gene_405,3.41271942204551e-06,1,sample_2
gene_68,-1.32739803058471e-06,1,sample_2
gene_542,1.51236573749169e-06,0.526753132827099,sample_2
gene_251,-1.46328316705586e-06,1,sample_2
gene_229,5.36435858052824e-06,1,sample_2
gene_392,7.61481001717862e-07,0.956589449980715,sample_2
gene_155,4.30182392585188e-06,1,sample_2
gene_432,2.89363156269056e-06,1,sample_2
gene_716,3.3219168532423e-06,0.764931808308632,sample_2
gene_590,-5.40723468376292e-06,0.0169541066150761,sample_2
gene_658,1.78305486503561e-06,1,sample_2
gene_655,-1.56480696869881e-06,0.177306069393425,sample_2
gene_439,-6.01416363625161e-07,0.724626425754142,sample_2
gene_843,1.21837399643324e-06,1,sample_2
gene_987,9.7225101772626e-07,1,sample_2
gene_898,6.97206756693254e-08,1,sample_2
gene_372,4.42253944269966e-07,1,sample_2
gene_834,-1.71740760317329e-07,1,sample_2
gene_370,4.49297940427367e-06,1,sample_2
gene_982,-1.68157243453433e-06,1,sample_2
gene_199,-1.686830714411e-06,1,sample_2
gene_182,7.9638127748228e-06,1,sample_2
gene_936,4.89844315716609e-07,1,sample_2
gene_410,8.63295717341743e-07,0.954135725994107,sample_2
gene_420,1.90734095653213e-05,1,sample_2
gene_827,-1.70245291894117e-06,1,sample_2
gene_746,2.78752576818969e-06,1,sample_2
gene_158,7.23113907808747e-07,1,sample_2
gene_958,-6.21499710630717e-07,0.0131612373667915,sample_2
gene_157,2.99114138298245e-06,1,sample_2
gene_338,-4.73472863344451e-06,1,sample_2
gene_185,-2.21322592307553e-06,1,sample_2
gene_835,6.43995572557565e-07,1,sample_2
gene_224,3.01194010281004e-06,1,sample_2
gene_916,-7.22366749991555e-07,0.00440689682760234,sample_2
gene_661,-2.37695403622133e-07,1,sample_2
gene_166,2.5209700115063e-06,1,sample_2
gene_848,1.37947016004201e-06,1,sample_2
gene_377,-2.5743026195842e-06,1,sample_2
gene_480,-1.57008329262686e-06,1,sample_2
gene_591,-2.59366754441044e-06,1,sample_2
gene_859,1.5695133042505e-06,1,sample_2
gene_340,6.61965083446475e-06,1,sample_2
gene_309,-7.67326573958813e-07,0.545151983822085,sample_2
gene_64,9.83719877217783e-07,1,sample_2
gene_731,9.00902533712281e-08,0.755593052421702,sample_2
gene_367,-9.95442516458907e-07,1,sample_2
gene_65,3.13503978332323e-07,1,sample_2
gene_63,1.14081523051217e-05,1,sample_2
gene_489,3.99146779725904e-06,1,sample_2
gene_98,1.24436632951109e-07,1,sample_2
gene_88,-1.65271452865238e-06,0.549175510094825,sample_2
gene_953,-1.02407545219616e-06,0.00969765187551611,sample_2
gene_117,3.66784790988084e-06,1,sample_2
gene_609,6.03601085137528e-06,1,sample_2
gene_854,-1.97039835844961e-06,0.0162489809608976,sample_2
gene_247,-6.10034234773087e-07,1,sample_2
gene_352,1.17886283713759e-05,1,sample_2
gene_521,8.52468986362929e-07,1,sample_2
gene_462,-1.33063381770201e-06,1,sample_2
gene_665,-1.0967601679371e-07,1,sample_2
gene_944,5.63201255853269e-07,1,sample_2
gene_181,-1.35927297890198e-06,1,sample_2
gene_773,1.31402365322642e-05,1,sample_2
gene_346,2.38050471907638e-06,1,sample_2
gene_529,1.27432493795234e-06,1,sample_2
gene_245,3.31862641543874e-06,1,sample_2
gene_6,-2.43640265957878e-06,1,sample_2
gene_733,-1.22169597625302e-06,1,sample_2
gene_239,-4.41935357356216e-07,0.564327648204189,sample_2
gene_932,5.68414602598187e-07,1,sample_2
gene_335,1.03575562536584e-05,1,sample_2
gene_28,6.20074104079146e-05,1,sample_2
gene_515,5.57171887617497e-07,1,sample_2
gene_630,-7.15893178318254e-08,1,sample_2
gene_758,-1.97228710784107e-06,1,sample_2
gene_741,1.03033037085001e-05,1,sample_2
gene_783,4.31862230517651e-06,1,sample_2
gene_394,1.38168064689206e-06,1,sample_2
gene_332,9.5489555479812e-07,1,sample_2
gene_833,2.83138287725312e-07,1,sample_2
gene_745,1.55475328770043e-06,1,sample_2
gene_383,-1.25333398374924e-06,0.152771526746403,sample_2
gene_430,-4.04646040108691e-06,1,sample_2
gene_882,8.55529243947961e-06,1,sample_2
gene_573,-7.3444082343419e-07,1,sample_2
gene_779,8.78003090466956e-06,1,sample_2
gene_496,-6.32250970034223e-07,1,sample_2
gene_307,-1.75450573556889e-05,1,sample_2
gene_769,-2.22124957376235e-06,1,sample_2
gene_437,-7.73654462216374e-08,1,sample_2
gene_381,-1.04294148978986e-07,1,sample_2
gene_78,-0.000407455120368749,1,sample_2
gene_792,-1.85990682417208e-06,0.215183374718129,sample_2
gene_555,5.16654461893654e-06,1,sample_2
gene_51,6.70546734134438e-07,1,sample_2
gene_813,8.84690072139495e-07,1,sample_2
gene_375,-1.52608846489131e-06,1,sample_2
gene_689,9.80952083375351e-05,1,sample_2
gene_487,1.37200860109551e-05,1,sample_2
gene_44,4.87488794825434e-06,1,sample_2
gene_645,7.78329288655337e-06,1,sample_2
gene_500,6.58627730741376e-06,1,sample_2
gene_896,-3.3708039579648e-06,1,sample_2
gene_860,-1.09138317144048e-06,1,sample_2
gene_174,1.27346195666212e-06,1,sample_2
gene_528,9.90570995308616e-06,1,sample_2
gene_886,-5.2952479937076e-07,1,sample_2
gene_668,-7.50249197799919e-06,1,sample_2
gene_710,-1.83379974758619e-06,1,sample_2
gene_305,1.62066403548258e-06,1,sample_2
gene_122,-1.12303095929137e-06,0.0148828477419074,sample_2
gene_820,-1.28339538075448e-06,0.0444041430097756,sample_2
gene_210,-2.3340550794032e-06,1,sample_2
gene_884,-4.4582617252549e-06,1,sample_2
gene_580,-1.44002994635478e-06,1,sample_2
gene_929,2.98069510362255e-06,1,sample_2
gene_530,-2.61969044495865e-07,1,sample_3
gene_683,6.26338231742422e-07,1,sample_3
gene_928,-4.04459939129652e-07,1,sample_3
gene_793,-2.3587335429448e-07,0.919159444524839,sample_3
gene_258,7.2011801804747e-07,1,sample_3
gene_941,0.318452112349108,1,sample_3
gene_92,3.49735570464037e-07,1,sample_3
gene_809,-4.31706799372041e-08,1,sample_3
gene_106,1.51548868236666e-05,1,sample_3
gene_376,1.2240153503796e-05,1,sample_3
gene_189,-6.14915076031516e-06,1,sample_3
gene_386,-1.514937952805e-06,1,sample_3
gene_873,-6.54189624550755e-07,1,sample_3
gene_52,-1.36050024525602e-07,0.782792474051016,sample_3
gene_485,-6.92804989545063e-07,0.457444924508269,sample_3
gene_69,2.00843636416842e-06,1,sample_3
gene_910,2.34204849911458e-06,1,sample_3
gene_994,-1.01523075655133e-06,1,sample_3
gene_228,2.73591650731006e-06,1,sample_3
gene_225,-3.13965139632613e-07,0.0571407498676263,sample_3
gene_130,-9.16289888904004e-07,0.484111758493879,sample_3
gene_879,6.9954214335376e-06,1,sample_3
gene_657,-6.7929586304656e-07,1,sample_3
gene_765,-9.60374059661686e-07,1,sample_3
gene_800,-8.31320889196145e-07,0.383302721205223,sample_3
gene_788,-7.47208076433561e-08,1,sample_3
gene_706,-2.24955166725394e-06,0.056645659582245,sample_3
gene_975,-5.56020821847311e-07,1,sample_3
gene_359,-8.46165921801443e-05,1,sample_3
gene_583,-5.68994359629819e-07,1,sample_3
gene_230,2.22395615277334e-07,1,sample_3
gene_839,3.65304206443573e-06,1,sample_3
gene_523,1.2002995316255e-06,1,sample_3
gene_676,-1.00884716818213e-07,1,sample_3
gene_506,-1.36406019867316e-07,0.666418305242843,sample_3
gene_508,1.82778497424204e-06,1,sample_3
gene_214,2.1067468704296e-06,1,sample_3
gene_178,1.82285374683817e-05,1,sample_3
gene_327,3.35562738404902e-07,1,sample_3
gene_940,-4.58305837659907e-06,1,sample_3
gene_27,3.02807176317119e-06,1,sample_3
gene_526,-8.83925264057705e-07,0.0971062943470417,sample_3
gene_291,1.68638726988531e-05,1,sample_3
gene_513,-1.07906779527053e-05,1,sample_3
gene_192,9.75374116412299e-06,1,sample_3
gene_438,1.44841484730025e-06,1,sample_3
gene_350,2.47096375565088e-06,1,sample_3
gene_378,4.20658373763431e-06,1,sample_3
gene_138,2.83535460475142e-06,1,sample_3
gene_750,2.24790592891463,0.0250922292588687,sample_3
gene_708,2.12337015964106e-06,0.594249740796252,sample_3
gene_12,3.78546011048899e-08,1,sample_3
gene_47,-4.04021527921783e-07,1,sample_3
gene_880,-9.99103980506864e-08,1,sample_3
gene_781,-1.31990119803296e-06,1,sample_3
gene_451,1.03111266613048e-05,0.719986593961557,sample_3
gene_456,3.94990264404012e-06,1,sample_3
gene_764,8.85789403202312e-06,0.242253880094336,sample_3
gene_113,2.7786091163156e-06,1,sample_3
gene_133,9.23875815217796e-07,1,sample_3
gene_126,2.56467436189082e-07,1,sample_3
gene_421,2.39735902779919e-06,1,sample_3
gene_62,1.7061705025488e-06,1,sample_3
gene_810,-3.36728394346126e-07,1,sample_3
gene_175,-2.67744357468574e-06,1,sample_3
gene_443,-3.30160725120421e-06,0.2963915436598,sample_3
gene_701,-5.39393519978788e-06,1,sample_3
gene_825,1.24921094835681e-06,1,sample_3
gene_103,1.84930810395655e-05,1,sample_3
gene_838,-5.02589684500029e-06,1,sample_3
gene_777,4.99575344579211e-06,0.145933855048644,sample_3
gene_38,5.26299611643914e-06,0.50127857885749,sample_3
gene_894,1.51957709967077,0.0633159656297656,sample_3
gene_821,-1.24348490346038e-06,1,sample_3
gene_324,-6.42943436521433e-06,1,sample_3
gene_875,1.60359121185109,0.0508954902723617,sample_3
gene_238,1.05337957251114e-05,0.289291070301167,sample_3
gene_723,-8.65622275508946e-06,1,sample_3
gene_455,2.77083966335552e-06,1,sample_3
gene_670,1.08138204137916e-05,1,sample_3
gene_163,8.6959474515026e-06,0.0926979365981001,sample_3
gene_339,4.95912345724003e-06,1,sample_3
gene_11,1.00686651128011e-07,1,sample_3
gene_522,-9.49824383355672e-07,0.75811876521897,sample_3
gene_255,7.42483487014683e-06,1,sample_3
gene_129,8.57591680706025e-06,0.0573452322037089,sample_3
gene_286,0.879600592589056,1,sample_3
gene_85,-3.95129156007656e-07,1,sample_3
gene_76,-1.20772562019113e-06,1,sample_3
gene_712,8.21053795134521e-06,1,sample_3
gene_891,3.76719500598407e-06,1,sample_3
gene_136,3.19731154241675e-07,1,sample_3
gene_384,4.37937568935013e-06,1,sample_3
gene_440,-1.90293068044063e-06,1,sample_3
gene_851,-1.33399351661461e-06,1,sample_3
gene_799,-1.3430953542219e-06,1,sample_3
gene_461,1.88322058557346e-05,1,sample_3
gene_221,7.28740859543169e-06,1,sample_3
gene_141,1.02683060206247e-05,1,sample_3
gene_302,3.8241177004992e-06,1,sample_3
gene_964,4.40010444579471e-06,1,sample_3
gene_235,-1.02068238890666e-06,0.0736255491213703,sample_3
gene_469,-1.34404297566766e-06,0.016581299958526,sample_3
gene_369,-2.26378853282099e-06,1,sample_3
gene_784,4.54179999770116e-06,1,sample_3
gene_546,-9.87767214002992e-07,0.324875904384041,sample_3
gene_77,-8.15880889365451e-07,0.826117901838501,sample_3
gene_797,8.20960616423236e-06,0.0830758538190758,sample_3
gene_211,1.77639158288837,0.0639304396259132,sample_3
gene_849,4.88147466766707e-06,0.623806010061035,sample_3
gene_215,7.23659179733116e-06,0.368173191153424,sample_3
gene_992,8.39498250737208e-06,0.284903778997804,sample_3
gene_883,-2.11054137924206e-06,1,sample_3
gene_995,1.05692805007325e-06,1,sample_3
gene_641,5.0022676232779e-06,1,sample_3
gene_622,-3.15701463578798e-06,1,sample_3
gene_95,5.95154974056014e-06,1,sample_3
gene_287,-7.53619090390969e-08,1,sample_3
gene_256,8.8217071521296e-06,1,sample_3
gene_333,1.0936903903256,0.378123309478831,sample_3
gene_651,-1.3380437617786e-07,1,sample_3
gene_349,1.01302740077193e-05,1,sample_3
gene_1,1.34045196101131e-05,1,sample_3
gene_473,4.02034876405418e-06,1,sample_3
gene_680,7.25243113957238e-06,1,sample_3
gene_532,-8.20749104800689e-07,1,sample_3
gene_285,5.38010005775588e-07,1,sample_3
gene_365,-5.59987821000315e-07,1,sample_3
gene_608,1.87068436453932e-06,1,sample_3
gene_615,-2.50478480283049e-07,1,sample_3
gene_53,-2.76940287766336e-08,1,sample_3
gene_588,1.43397468775913e-06,1,sample_3
gene_201,5.6985301115006e-06,0.284689540230118,sample_3
gene_672,6.09169558358814e-06,0.109904089639872,sample_3
gene_265,1.56466491497575e-05,1,sample_3
gene_119,6.4070928246512e-06,0.152745070028764,sample_3
gene_908,4.03234798887195e-07,1,sample_3
gene_441,9.06577413147373e-06,0.076645669773046,sample_3
gene_275,1.06469241379072e-05,1,sample_3
gene_718,5.71737400098974e-06,1,sample_3
gene_943,5.51742871928579e-06,1,sample_3
gene_34,3.93957706877626e-07,1,sample_3
gene_7,3.83043605332551e-06,0.617126063012486,sample_3
gene_125,-2.90317167355564e-06,0.779429529297057,sample_3
gene_250,2.50552890153695e-05,1,sample_3
gene_842,-1.48747181386046e-05,1,sample_3
gene_511,9.8288974070214e-06,1,sample_3
gene_957,-4.80002044081214e-07,1,sample_3
gene_116,-8.95543542197385e-07,1,sample_3
gene_888,-1.51266338937449e-06,0.131724458417222,sample_3
gene_391,1.17385889833961e-06,1,sample_3
gene_749,-2.79361180510957e-07,1,sample_3
gene_704,-5.13287246788009e-07,0.865040533951194,sample_3
gene_137,5.03175588339619e-06,0.304643471996939,sample_3
gene_905,1.3721870890586e-06,0.839785923804866,sample_3
gene_81,-4.93457550586673e-07,0.44874343508119,sample_3
gene_283,-2.58255969278102e-06,0.468399960987465,sample_3
gene_425,5.28460523515822e-06,1,sample_3
gene_938,-3.12992121518349e-06,0.913301330001066,sample_3
gene_737,1.80435741884951e-06,1,sample_3
gene_666,-1.80291071225304e-05,1,sample_3
gene_937,1.13878976548575e-05,0.12032997220339,sample_3
gene_700,-3.26290328456276e-07,1,sample_3
gene_388,6.29010491432648e-06,1,sample_3
gene_554,-2.82985742416188e-06,0.0343250757613081,sample_3
gene_533,2.4122274163377e-06,1,sample_3
gene_259,8.8223631768871e-06,1,sample_3
gene_945,1.33397150154588e-05,1,sample_3
gene_231,-6.45179143676163e-07,1,sample_3
gene_711,-1.76707800912997e-06,1,sample_3
gene_72,2.40027882091305e-06,1,sample_3
gene_39,-3.7149671904444e-06,1,sample_3
gene_90,-1.65241231841672e-06,1,sample_3
gene_535,-3.26194542672282e-06,1,sample_3
gene_337,3.53752969730325e-06,1,sample_3
gene_118,6.66227754215619e-06,1,sample_3
gene_356,-1.38129137999419e-06,1,sample_3
gene_23,-2.69779638594843e-06,1,sample_3
gene_599,2.61962929985606e-06,1,sample_3
gene_935,5.82356295685048e-07,1,sample_3
gene_911,-2.77755770160495e-06,1,sample_3
gene_885,-8.89719428979632e-07,0.0386628001147756,sample_3
gene_570,-4.52540970449937e-07,1,sample_3
gene_956,-7.63128290572674e-08,1,sample_3
gene_318,3.21152814790948e-06,1,sample_3
gene_70,1.16037333035183e-05,1,sample_3
gene_170,-8.63452434590653e-06,1,sample_3
gene_417,7.02084975187564e-06,1,sample_3
gene_921,-3.06414924536828e-07,1,sample_3
gene_864,-1.40158682412403e-06,1,sample_3
gene_703,1.0463436372649e-05,1,sample_3
gene_471,0.491630928518982,1,sample_3
gene_585,5.1162033846569e-07,1,sample_3
gene_832,1.58321224833261e-06,1,sample_3
gene_404,-9.52588706317249e-06,1,sample_3
gene_850,1.33027750378767e-06,1,sample_3
gene_559,2.48988452669633e-06,1,sample_3
gene_364,3.17571296788062e-06,1,sample_3
gene_846,5.52617289027617e-06,1,sample_3
gene_148,-5.2763704614519e-07,0.515787236579727,sample_3
gene_139,1.81713708928026e-06,1,sample_3
gene_592,1.48542531734137e-05,1,sample_3
gene_853,2.07564789334383e-06,1,sample_3
gene_32,-2.30165029328619e-06,0.161528796887435,sample_3
gene_169,8.93135551513392e-07,1,sample_3
gene_186,9.62388784743895e-06,1,sample_3
gene_115,6.18292592654265e-06,1,sample_3
gene_966,2.42869664878115,4.25974199193748e-07,sample_3
gene_509,3.68267878111949e-06,1,sample_3
gene_650,0.586155066416517,1,sample_3
gene_699,1.38563220353699e-05,1,sample_3
gene_539,-5.23286903488488e-07,1,sample_3
gene_294,2.43212359351056e-06,1,sample_3
gene_503,-3.08346936882193e-07,1,sample_3
gene_448,-6.43939939525236e-06,1,sample_3
gene_419,4.03946105380538e-06,1,sample_3
gene_9,-6.02449570913881e-08,1,sample_3
gene_246,1.21132094991121,0.229126520011051,sample_3
gene_482,-2.04264495060866e-06,1,sample_3
gene_191,1.86208022781395e-06,1,sample_3
gene_180,1.00473886578845e-05,1,sample_3
gene_640,-3.15872665571088e-06,1,sample_3
gene_413,7.25054815504176e-06,1,sample_3
gene_607,-3.43649100328635e-07,1,sample_3
gene_817,-2.43290045514971e-06,1,sample_3
gene_925,0.877969422116954,0.989107179412757,sample_3
gene_919,-3.05992573024301e-07,1,sample_3
gene_568,3.87560757050105e-06,1,sample_3
gene_614,-2.34890506039378e-06,0.679730003183404,sample_3
gene_296,-4.52255898874537e-05,1,sample_3
gene_550,4.55706344070477e-06,0.656758397359054,sample_3
gene_468,-0.000113172371501559,1,sample_3
gene_786,5.11624519975073e-07,1,sample_3
gene_277,7.23803217226021e-06,1,sample_3
gene_830,-3.17538384554214e-07,1,sample_3
gene_271,-2.16985755908252e-06,0.0044542319976303,sample_3
gene_923,-2.05570516687144e-06,1,sample_3
gene_208,6.08441207075147e-06,1,sample_3
gene_328,-8.20212819680337e-07,1,sample_3
gene_900,8.61838960902675e-06,0.648457226711058,sample_3
gene_50,-1.53699710121697e-05,1,sample_3
gene_153,1.67333642502272e-05,1,sample_3
gene_203,1.32366614378242e-05,1,sample_3
gene_41,2.31459950083479,0.0512082505434126,sample_3
gene_312,-5.89476431200489e-06,1,sample_3
gene_450,-1.41245826040551e-06,1,sample_3
gene_266,3.08224450408241e-06,0.488503563188036,sample_3
gene_87,3.34349529837766e-06,0.39521328706658,sample_3
gene_978,7.50177579716509e-06,1,sample_3
gene_907,-2.35420335042225e-06,1,sample_3
gene_58,1.80873056693811,0.116498173048433,sample_3
gene_30,3.1503886149492e-06,0.0894173972000793,sample_3
gene_37,-1.08919672578837e-06,1,sample_3
gene_971,-5.96508956060178e-06,0.777277999539491,sample_3
gene_24,-2.16700736604729e-06,1,sample_3
gene_427,-4.32541068127263e-07,0.202252104155965,sample_3
gene_649,-5.10287817319619e-06,0.00681960326925863,sample_3
gene_396,-1.14320040392293e-06,0.000654948413800613,sample_3
gene_374,-9.59685920629499e-07,0.072271515297184,sample_3
gene_61,5.41408720213077e-06,1,sample_3
gene_534,2.76526556194268e-06,1,sample_3
gene_951,7.51719790229534e-06,0.913435727965374,sample_3
gene_460,0.463892598361204,1,sample_3
gene_717,9.58511525650748e-07,1,sample_3
gene_653,4.30046512059949e-07,1,sample_3
gene_361,2.91276281241736e-05,1,sample_3
gene_815,-5.83339148137373e-07,1,sample_3
gene_14,-1.61283955781817e-07,1,sample_3
gene_600,2.97811203763476e-06,1,sample_3
gene_371,-1.16916789988836e-06,0.497448365048943,sample_3
gene_531,2.15721099982005e-06,0.692302896458041,sample_3
gene_999,7.83062526254428e-07,1,sample_3
gene_497,-1.46307681446245e-06,1,sample_3
gene_434,6.87173283998956e-06,1,sample_3
gene_304,2.42965101511839e-06,1,sample_3
gene_134,5.38024119604469e-06,1,sample_3
gene_778,-1.85174157227083e-06,1,sample_3
gene_232,4.07690255431525e-06,1,sample_3
gene_289,-3.78852139355884e-07,1,sample_3
gene_387,-5.34517068670936e-07,0.913130586641858,sample_3
gene_791,1.90991936656938e-06,0.76387110269537,sample_3
gene_702,-7.04383469688006e-07,0.373241279758469,sample_3
gene_135,-1.41678072432313e-06,1,sample_3
gene_662,-2.42389782957798e-06,0.224525587748304,sample_3
gene_488,-0.00046435241742589,1,sample_3
gene_543,1.92892179422951,0.101123685304334,sample_3
gene_10,2.64478756576282e-06,0.994758956781222,sample_3
gene_986,5.4957471606171e-06,0.397269953963012,sample_3
gene_411,2.23566693122803e-06,1,sample_3
gene_993,7.97588775672317e-06,1,sample_3
gene_29,7.63029420524981e-06,0.571621017300188,sample_3
gene_161,-6.0709244869499e-07,1,sample_3
gene_67,2.26833706489161e-06,0.694956287429613,sample_3
gene_416,-2.0510251814508e-07,1,sample_3
gene_26,9.83084319574572e-07,1,sample_3
gene_35,-8.33172049831081e-07,1,sample_3
gene_659,-2.22878465918549e-07,1,sample_3
gene_684,-5.12492223919503e-06,1,sample_3
gene_311,2.18237624094483e-06,1,sample_3
gene_195,-1.93160335224725e-06,1,sample_3
gene_589,4.38145107080167e-06,1,sample_3
gene_974,4.75939167302229e-06,0.800484976351812,sample_3
gene_453,1.26571152151479e-05,0.367759962150998,sample_3
gene_582,-1.77567007154255e-06,1,sample_3
gene_617,-1.32811375486902e-06,0.0657810752829325,sample_3
gene_804,-1.69138368864615e-07,1,sample_3
gene_102,9.81669320862713e-07,0.552705242469264,sample_3
gene_15,-4.82598383863562e-07,0.551299218869666,sample_3
gene_780,1.41116962238381e-07,1,sample_3
gene_794,1.15717888613149e-06,0.993928455636031,sample_3
gene_207,-1.37521106316001e-06,1,sample_3
gene_811,1.42288232328035e-06,0.702879636787324,sample_3
gene_236,3.10181426890468,0.0164850766940633,sample_3
gene_671,-8.72431386538911e-07,0.00519479198689391,sample_3
gene_544,2.05724309448929e-06,0.426955539071527,sample_3
gene_315,2.86887851598683e-06,0.491573810414499,sample_3
gene_227,-4.78484768402325e-06,0.589671024310556,sample_3
gene_295,-2.08073291159739e-06,1,sample_3
gene_685,-5.13773779289698e-06,0.669966067604684,sample_3
gene_483,4.16610822858568e-06,1,sample_3
gene_424,7.23729508756679e-06,1,sample_3
gene_301,2.36582590406161e-08,1,sample_3
gene_249,-3.67464358696063e-07,1,sample_3
gene_548,-5.34496449915038e-07,1,sample_3
gene_688,-2.2362454125913e-07,1,sample_3
gene_74,1.13836336642545e-06,1,sample_3
gene_445,3.52635724534898e-06,0.333666870154055,sample_3
gene_412,6.40556319700619e-06,0.133699947201582,sample_3
gene_145,1.21494432591089e-05,1,sample_3
gene_774,-2.18791270219757e-06,1,sample_3
gene_823,1.63236913362049e-06,1,sample_3
gene_694,3.21216401785486e-06,1,sample_3
gene_906,5.66854592594357e-08,1,sample_3
gene_56,4.01348162984392e-06,1,sample_3
gene_162,-5.8917315374356e-07,0.0493162523466404,sample_3
gene_176,-7.8959179957763e-07,1,sample_3
gene_565,0.955912788780177,0.701635034616547,sample_3
gene_914,1.80144433701754e-06,1,sample_3
gene_865,1.02412899220524e-05,1,sample_3
gene_926,4.72782491723387e-07,1,sample_3
gene_398,-0.00023815147704286,1,sample_3
gene_840,-6.64264717598227e-06,1,sample_3
gene_418,1.09907963336338,0.398724034083634,sample_3
gene_796,-1.17136653336082e-06,1,sample_3
gene_409,2.79944562672802e-06,1,sample_3
gene_803,7.33461726655495e-06,1,sample_3
gene_909,-2.23081406129995e-06,1,sample_3
gene_899,-2.28044920198233e-07,1,sample_3
gene_502,2.23129134720971e-06,1,sample_3
gene_985,7.25858942126573e-06,1,sample_3
gene_160,-2.62260098127898e-07,1,sample_3
gene_308,-1.05091700244538e-06,1,sample_3
gene_390,6.04758449593508e-06,0.159256465643738,sample_3
gene_952,1.4870874425095e-06,1,sample_3
gene_260,1.50361555997587e-06,0.329071583833452,sample_3
gene_54,1.14092036577104e-06,0.503231407067586,sample_3
gene_663,5.42444392150236e-06,0.594320787362374,sample_3
gene_959,9.29251364009731e-06,1,sample_3
gene_931,2.78851818402331e-06,0.598711722040787,sample_3
gene_648,1.03308786636989e-05,0.0957983012865583,sample_3
gene_660,3.31985457627533,0.00461120357644607,sample_3
gene_596,-2.82847854513557e-06,1,sample_3
gene_739,-4.00708211898695e-07,0.427386945104244,sample_3
gene_187,-6.84561814221096e-07,1,sample_3
gene_313,2.02989721597964e-07,1,sample_3
gene_541,4.48665905435431,0.00142845893452357,sample_3
gene_422,-1.03716957616371e-08,1,sample_3
gene_577,4.14330768647174,0.0528665667294669,sample_3
gene_772,2.53780853120029,0.0380121761278132,sample_3
gene_353,2.45389949391315e-06,0.15832313914529,sample_3
gene_639,1.83401431049041e-06,0.335006169121594,sample_3
gene_331,6.81025724835061e-07,0.632974561636313,sample_3
gene_646,6.75231484955502e-07,0.758566498809877,sample_3
gene_342,1.43687563303717e-07,0.928235677386639,sample_3
gene_16,4.94425427231786e-06,0.276335584298254,sample_3
gene_776,7.96348424529975e-06,0.13881619468577,sample_3
gene_845,3.82533922928969,0.00230583498403501,sample_3
gene_200,9.10532657833535e-07,1,sample_3
gene_184,7.71810991392918e-07,0.540891896288845,sample_3
gene_755,2.63422881397065e-07,1,sample_3
gene_466,5.89335955543953e-06,0.0956752108814002,sample_3
gene_299,-1.2930653411839e-08,1,sample_3
gene_379,4.44675308926388,4.39476763697204e-07,sample_3
gene_355,4.13084814789216,0.00123208756054492,sample_3
gene_762,2.55661521358556e-07,1,sample_3
gene_584,1.04179228214889e-06,0.762423486877671,sample_3
gene_572,3.70205896258254,0.0364733581522049,sample_3
gene_595,2.22052332956795,0.0911823037999949,sample_3
gene_610,-6.27978356611639e-08,0.985096550850815,sample_3
gene_484,-2.5907969657042e-09,1,sample_3
gene_869,2.49645155373264,0.0302395150975258,sample_3
gene_458,1.14397279025923e-05,0.0916253466392584,sample_3
gene_753,-3.04972072571976e-06,1,sample_3
gene_4,1.22190665829283e-06,1,sample_3
gene_253,-2.26280913146473e-06,1,sample_3
gene_144,2.1810089441315e-06,1,sample_3
gene_561,-2.79305010286509e-06,1,sample_3
gene_742,-3.92081269115418e-05,1,sample_3
gene_636,3.06983065604227e-07,1,sample_3
gene_989,2.36339407715486e-06,1,sample_3
gene_501,-2.79358425387184e-06,0.498800225989024,sample_3
gene_863,-1.41097208991902e-06,1,sample_3
gene_449,-1.16115704355345e-06,1,sample_3
gene_288,3.67952480004481e-06,1,sample_3
gene_99,-1.02926560701132e-06,1,sample_3
gene_761,-7.59232205329714e-07,1,sample_3
gene_844,-1.82868299333287e-06,0.82980873082821,sample_3
gene_57,-6.26506474166292e-07,1,sample_3
gene_114,5.97372052805458e-06,0.751921901411933,sample_3
gene_111,3.33318302646203e-06,1,sample_3
gene_816,5.47137430263041e-07,1,sample_3
gene_233,3.07443771034205e-06,0.376282165308628,sample_3
gene_870,-1.58350967288143e-07,1,sample_3
gene_124,2.27839362367373e-06,1,sample_3
gene_104,9.97188680592955e-07,1,sample_3
gene_618,-2.49611150278633e-07,0.0658395075075733,sample_3
gene_587,-2.71395947064901e-07,1,sample_3
gene_990,1.58044256710093e-05,1,sample_3
gene_373,2.44326914938318e-05,1,sample_3
gene_861,1.30878164815725e-06,1,sample_3
gene_697,1.21747296528784e-05,1,sample_3
gene_213,5.31258142801997e-06,1,sample_3
gene_735,-5.85534341319902e-07,1,sample_3
gene_981,-8.71576516073262e-07,1,sample_3
gene_93,-1.26317742184935e-06,1,sample_3
gene_950,1.36486020077827e-05,1,sample_3
gene_465,1.3537925908739e-05,1,sample_3
gene_212,9.30601920453305e-06,0.624168983858981,sample_3
gene_237,1.06173463283094e-06,1,sample_3
gene_49,1.48391471869471e-07,1,sample_3
gene_183,-6.40583069121122e-07,0.129450583758328,sample_3
gene_759,-1.55129468386137e-07,0.456302053329305,sample_3
gene_344,1.06630959925572e-05,1,sample_3
gene_887,1.04104615838444e-05,1,sample_3
gene_644,5.04525851335264e-06,1,sample_3
gene_828,1.44025673671698e-06,1,sample_3
gene_862,-1.05945586057848e-06,1,sample_3
gene_752,1.30262735643146e-06,1,sample_3
gene_638,3.84470670540935e-05,1,sample_3
gene_220,-9.79990913245382e-07,1,sample_3
gene_303,6.93158959400827e-07,1,sample_3
gene_787,-7.45804472937827e-07,0.489711957675692,sample_3
gene_760,1.59644815708082e-06,1,sample_3
gene_272,-5.36580443466022e-07,1,sample_3
gene_43,-1.65430326589952e-06,0.821165599457279,sample_3
gene_603,3.27516800623743e-06,1,sample_3
gene_567,-2.47609743619398e-06,1,sample_3
gene_893,-1.34296695886641e-07,1,sample_3
gene_627,-5.72829317400871e-08,1,sample_3
gene_270,-1.6584868864142e-07,1,sample_3
gene_997,5.41978426304373e-08,1,sample_3
gene_165,-4.19126718900495e-07,0.0272981263798619,sample_3
gene_962,2.76725166192108e-06,1,sample_3
gene_112,-1.31153146222526e-06,1,sample_3
gene_889,3.7367493033286e-06,1,sample_3
gene_73,-9.30264682072485e-06,1,sample_3
gene_393,-4.29083365124091e-06,1,sample_3
gene_692,-7.6860905552849e-09,1,sample_3
gene_123,-1.90454584592572e-06,0.76203451811881,sample_3
gene_837,2.56821116971771e-06,1,sample_3
gene_976,-1.17382311887512e-06,1,sample_3
gene_623,1.08114299375071e-06,1,sample_3
gene_127,1.7144379026306e-07,1,sample_3
gene_927,-6.09539994195668e-07,1,sample_3
gene_105,-6.65595519320107e-07,1,sample_3
gene_734,-1.69020640506356e-06,0.118496437969246,sample_3
gene_426,-1.69556769943749e-06,1,sample_3
gene_601,-1.30686652297461e-06,0.694082505809998,sample_3
gene_8,-5.83685451858278e-05,1,sample_3
gene_847,3.77539526649343e-06,1,sample_3
gene_594,-7.58404569006214e-06,1,sample_3
gene_474,1.03115835114161e-06,1,sample_3
gene_325,1.12891593619818e-05,1,sample_3
gene_620,1.2486346782703e-05,1,sample_3
gene_632,1.53658628028209e-06,1,sample_3
gene_866,-3.39444402997757e-06,1,sample_3
gene_551,-1.81719315269832e-06,0.633736123073777,sample_3
gene_31,1.08460465518575e-06,1,sample_3
gene_527,1.33732029490782e-05,1,sample_3
gene_110,-7.89060076063969e-07,0.0742618322221539,sample_3
gene_470,-3.91958654516361e-07,0.186243721099849,sample_3
gene_988,-1.00542601267234e-06,0.0179568644532988,sample_3
gene_399,-9.19251763503132e-07,0.258595920209307,sample_3
gene_389,-1.58939799119348e-06,0.686710246039685,sample_3
gene_619,-2.16962226822555e-07,0.0469162788657476,sample_3
gene_747,-8.19673460863907e-08,1,sample_3
gene_368,-5.52062311205015e-06,1,sample_3
gene_808,1.20564654563522e-06,1,sample_3
gene_858,-4.96493417702034e-06,1,sample_3
gene_934,0.740038728585254,1,sample_3
gene_242,1.60679047669439e-06,1,sample_3
gene_949,-5.13842771358331e-07,0.11965344185358,sample_3
gene_397,6.5056409494557e-08,1,sample_3
gene_652,2.385426633165e-06,0.428963889217253,sample_3
gene_292,-2.37692078676987e-06,0.86284375956721,sample_3
gene_579,-6.30780823602423e-07,1,sample_3
gene_980,-4.9400829442915e-07,1,sample_3
gene_226,-2.58567186789902e-06,0.696497798987737,sample_3
gene_55,-1.91428624504214e-06,0.0657060629221142,sample_3
gene_903,1.54191478885003e-06,1,sample_3
gene_545,1.02751618858888e-05,0.520829318418881,sample_3
gene_574,3.5282574548255e-06,1,sample_3
gene_431,-2.88411231655704e-07,0.398369165850924,sample_3
gene_983,-4.7639558266e-07,0.447072349298802,sample_3
gene_382,-4.6086649581083e-07,1,sample_3
gene_814,2.24779991728428e-08,1,sample_3
gene_878,-1.4323547550652e-06,1,sample_3
gene_42,-7.73852318986901e-08,0.619524668280779,sample_3
gene_628,2.49324298486576e-06,1,sample_3
gene_319,-1.5676387650602e-06,1,sample_3
gene_268,-9.20186108630737e-07,1,sample_3
gene_751,2.77902594707827e-06,0.974656044575643,sample_3
gene_505,-4.02539680822369e-06,1,sample_3
gene_151,-1.4185516327934e-06,0.596945418019263,sample_3
gene_205,-2.18998933253219e-06,0.5199630626422,sample_3
gene_223,1.89078197819772e-06,1,sample_3
gene_674,8.15617898337313e-07,1,sample_3
gene_948,-1.54196081155368e-06,1,sample_3
gene_385,-5.23037409008808e-07,1,sample_3
gene_380,4.48943789080294e-06,1,sample_3
gene_802,7.91059926604268e-07,1,sample_3
gene_604,1.7505293279331,0.0793090854407156,sample_3
gene_261,4.80478324166789e-06,1,sample_3
gene_446,9.31483376907386e-06,1,sample_3
gene_771,-5.18015068910606e-07,1,sample_3
gene_360,4.42846667607184e-06,0.896746959427701,sample_3
gene_736,2.95416190899228e-05,1,sample_3
gene_498,3.55276922328162e-06,1,sample_3
gene_171,1.0486434502715e-06,1,sample_3
gene_979,1.50426461508014e-05,0.563182848468113,sample_3
gene_108,2.15694467584343e-05,1,sample_3
gene_128,-4.51478246306929e-06,1,sample_3
gene_279,4.16864018588841e-06,1,sample_3
gene_363,-7.1660012722391e-06,1,sample_3
gene_881,1.25155009408879e-06,1,sample_3
gene_756,-3.94989445208176e-06,1,sample_3
gene_59,1.01810316238507e-05,1,sample_3
gene_677,5.08368731913036e-06,1,sample_3
gene_819,1.5846387993613e-05,1,sample_3
gene_738,-1.08022932677707e-05,1,sample_3
gene_476,5.35756822457426e-06,1,sample_3
gene_536,-6.23472665137917e-06,0.327230216107998,sample_3
gene_109,4.73071466928479e-06,1,sample_3
gene_726,3.95639385485402e-06,1,sample_3
gene_707,-2.73823583740809e-06,1,sample_3
gene_598,6.76147969843094e-07,1,sample_3
gene_323,1.88371297733969e-06,1,sample_3
gene_243,1.70721555677676e-05,1,sample_3
gene_575,-8.46095694676709e-06,0.996311255598416,sample_3
gene_21,-3.62901616678459e-06,1,sample_3
gene_991,-9.9294217605446e-06,1,sample_3
gene_569,2.81356495311813e-06,1,sample_3
gene_616,2.65705314411832e-06,1,sample_3
gene_612,4.44379312876527e-06,1,sample_3
gene_973,-5.97603468263873e-06,1,sample_3
gene_196,4.70514745684506e-06,1,sample_3
gene_479,-6.58205725880909e-06,0.0173952916399211,sample_3
gene_400,1.21978767544855e-05,1,sample_3
gene_691,-5.10016404973317e-06,1,sample_3
gene_705,-1.31996477838958e-06,1,sample_3
gene_84,-1.36957356612908e-07,0.906286327021603,sample_3
gene_613,4.00531425346864e-06,1,sample_3
gene_606,-4.0776519937645e-07,1,sample_3
gene_254,1.19042268758273e-06,1,sample_3
gene_667,-3.54768494675478e-07,0.720959185224991,sample_3
gene_518,1.17187583067276e-06,0.659855375926353,sample_3
gene_204,5.6462402092141e-06,1,sample_3
gene_634,9.54848476307802e-07,1,sample_3
gene_280,1.25696658692264e-06,1,sample_3
gene_306,1.00852628869228e-05,1,sample_3
gene_336,-8.96874478197792e-07,1,sample_3
gene_357,6.42825299499789e-06,1,sample_3
gene_514,3.47276519249107e-06,1,sample_3
gene_3,5.62235241065851e-06,1,sample_3
gene_637,1.61016989397076e-06,1,sample_3
gene_696,-0.000117507410581578,1,sample_3
gene_605,5.29828579874351e-06,1,sample_3
gene_403,7.90363433800158e-06,1,sample_3
gene_562,2.78553553179856e-06,0.352145104306369,sample_3
gene_273,1.19881547523583e-06,1,sample_3
gene_464,4.19123164996755e-07,1,sample_3
gene_968,4.25700744175943e-07,1,sample_3
gene_581,-3.64047136154794e-08,1,sample_3
gene_946,3.3817316865221e-07,1,sample_3
gene_100,-2.97711397547471e-06,1,sample_3
gene_329,2.98145146366071e-06,0.364492855831466,sample_3
gene_366,-1.84729215372623e-06,0.264684710168699,sample_3
gene_693,-3.72644851438491e-07,1,sample_3
gene_252,1.0955344653734e-05,1,sample_3
gene_939,-3.10699614007257e-06,1,sample_3
gene_972,-7.00785073150452e-08,0.916977626676878,sample_3
gene_408,-2.17653623466482e-07,0.804119142467878,sample_3
gene_267,4.91031707529845e-06,1,sample_3
gene_75,8.48285952110226e-06,1,sample_3
gene_556,-1.46675351440568e-06,1,sample_3
gene_967,1.09544943153518e-05,1,sample_3
gene_960,-1.52444329145891e-06,1,sample_3
gene_553,-1.40153657039218e-06,0.470750196193442,sample_3
gene_540,-2.17411562022561e-06,0.276636032490137,sample_3
gene_428,2.17913410085024e-07,1,sample_3
gene_767,9.32294063313339e-06,1,sample_3
gene_459,9.22068533514095e-06,0.844576062635045,sample_3
gene_954,2.80460808162149e-06,1,sample_3
gene_121,-5.67153060620951e-06,1,sample_3
gene_48,4.8199823661725e-06,1,sample_3
gene_965,-1.61106994474525e-06,0.95991179809498,sample_3
gene_812,1.31221526904576e-05,1,sample_3
gene_179,-5.11366954197489e-06,1,sample_3
gene_248,2.26590909435621e-08,1,sample_3
gene_167,2.19456827128727e-06,0.919845198958394,sample_3
gene_624,3.61500437275787e-06,1,sample_3
gene_467,-2.40908659612929e-06,0.25252721475711,sample_3
gene_290,-1.5250651000361e-06,1,sample_3
gene_516,-1.55805240690044e-06,1,sample_3
gene_22,1.64685988654592e-05,1,sample_3
gene_435,1.04140895051492e-06,1,sample_3
gene_709,1.22843131832135e-06,1,sample_3
gene_669,-5.30888445795906e-07,1,sample_3
gene_101,-1.24389867842972e-07,0.413282669159178,sample_3
gene_763,-1.16987649218169e-06,1,sample_3
gene_264,-1.58655036015522e-06,0.623159267000177,sample_3
gene_281,-1.90891852877905e-07,0.342196297691424,sample_3
gene_423,-1.88010259681209e-06,0.802978131190988,sample_3
gene_998,-7.26957618141878e-07,0.00655961820339943,sample_3
gene_495,1.23703220141131,0.191450949674297,sample_3
gene_159,1.22394147445717,0.227213559607696,sample_3
gene_806,8.7662188598146e-08,1,sample_3
gene_714,-2.58100049538991e-06,1,sample_3
gene_18,-2.96862651387061e-06,0.712773683813414,sample_3
gene_757,-2.23450228532605e-06,1,sample_3
gene_715,7.10458264058149e-07,1,sample_3
gene_206,6.51114299398478e-06,1,sample_3
gene_358,-4.0199817343808e-07,0.7859593153388,sample_3
gene_525,7.1330426550241e-06,1,sample_3
gene_754,1.37086761281329e-06,1,sample_3
gene_673,1.6577133367847e-05,0.70211794064289,sample_3
gene_586,6.59246974929632e-06,1,sample_3
gene_345,2.91082156551246e-07,1,sample_3
gene_855,-4.29448200291823e-08,1,sample_3
gene_310,4.82806130809638e-06,0.182120607357305,sample_3
gene_654,-9.83299894404381e-07,1,sample_3
gene_149,9.43110582948618e-06,1,sample_3
gene_234,-1.43545497387507e-07,1,sample_3
gene_71,-1.3394653037922e-06,0.350856703756661,sample_3
gene_198,-2.28749054129005e-07,1,sample_3
gene_913,-2.4778194494693e-06,0.888160069362564,sample_3
gene_156,-2.80845433223752e-06,1,sample_3
gene_33,-1.13423819044715e-06,1,sample_3
gene_317,-1.70451530642973e-06,0.327393058336449,sample_3
gene_961,3.24815240588249e-06,0.324214264341485,sample_3
gene_433,4.45419213580121e-06,1,sample_3
gene_395,1.02109421296176e-06,1,sample_3
gene_481,-7.77888527448361e-06,1,sample_3
gene_642,1.70565852911764e-05,1,sample_3
gene_321,-2.36938406931323e-06,0.0662873647115007,sample_3
gene_635,6.91145442832198e-07,1,sample_3
gene_354,7.35847382380249e-07,1,sample_3
gene_831,5.88043225336618e-06,1,sample_3
gene_857,-1.51355953144973e-06,1,sample_3
gene_722,-1.00964511800834e-06,1,sample_3
gene_282,-3.72662169775202e-06,0.192694065648648,sample_3
gene_2,1.47030096929194e-07,1,sample_3
gene_890,4.7404449681271e-06,0.91757471235446,sample_3
gene_713,-3.99722801193005e-06,0.0540913562681958,sample_3
gene_168,-1.56462693906949e-06,0.434731909328851,sample_3
gene_82,5.38635458482033e-06,0.890068794090883,sample_3
gene_547,1.28303979121966e-06,0.489020601823341,sample_3
gene_874,1.93394256670756,0.0804263607853108,sample_3
gene_218,-1.95242542551941e-07,1,sample_3
gene_486,-8.91572319193229e-07,1,sample_3
gene_917,1.20872170152503e-06,1,sample_3
gene_457,-2.54346351344667e-06,1,sample_3
gene_602,4.22394100866244e-06,1,sample_3
gene_724,9.00260853695911e-06,1,sample_3
gene_766,7.81303763297012e-06,1,sample_3
gene_322,1.24575319731157e-07,1,sample_3
gene_46,1.90433772528296e-06,1,sample_3
gene_920,-3.64347792879731e-06,1,sample_3
gene_172,3.26111395325317e-07,1,sample_3
gene_401,6.77904267723121e-06,1,sample_3
gene_895,-1.87155931315269e-07,1,sample_3
gene_452,1.05667812835777e-05,1,sample_3
gene_729,7.97534723789699e-06,1,sample_3
gene_743,7.92068445504969e-07,1,sample_3
gene_240,5.1935560325984e-06,1,sample_3
gene_300,-8.11526175940726e-07,1,sample_3
gene_146,-3.54241080896445e-06,0.913183529032602,sample_3
gene_730,6.75078888425477e-06,1,sample_3
gene_748,1.9113416798454e-06,1,sample_3
gene_293,-1.23838088765274e-06,1,sample_3
gene_36,7.1070211375686e-06,1,sample_3
gene_576,8.01331307208331e-08,1,sample_3
gene_402,1.0941014334835e-05,1,sample_3
gene_244,-1.53299223366402e-07,0.776412772462409,sample_3
gene_154,-1.86117549112759e-08,1,sample_3
gene_852,-1.71737925349341e-06,0.106440132140633,sample_3
gene_611,-1.59059558482524e-06,0.465064210225926,sample_3
gene_164,-6.07700468510277e-07,0.237627770067055,sample_3
gene_524,-2.39189851999823e-06,0.0171799133473484,sample_3
gene_538,-2.11945170113528e-06,0.520066245633425,sample_3
gene_429,2.8464959549627e-07,1,sample_3
gene_316,-7.35649964895742e-07,1,sample_3
gene_91,3.55350493439227e-07,1,sample_3
gene_902,-1.54421145995409e-07,1,sample_3
gene_17,9.64639837786679e-08,1,sample_3
gene_593,7.00985591081989e-06,1,sample_3
gene_629,0.000804867771664021,1,sample_3
gene_519,6.36461789884866e-06,1,sample_3
gene_263,2.9366288210779e-06,1,sample_3
gene_493,1.71307067730365e-07,1,sample_3
gene_836,1.49635591840943e-06,1,sample_3
gene_892,-2.89371037579439e-06,0.0933551353375234,sample_3
gene_922,-7.13648967299791e-06,0.471985990504019,sample_3
gene_83,-1.25616110173418e-06,1,sample_3
gene_549,5.64538375025059e-07,1,sample_3
gene_209,1.54051754222954e-06,0.800694194760914,sample_3
gene_269,9.59750048181683e-06,1,sample_3
gene_695,-1.22464002784044e-06,1,sample_3
gene_406,1.38389064354326e-07,1,sample_3
gene_740,7.89901531037422e-06,1,sample_3
gene_727,3.791817121198e-06,1,sample_3
gene_1000,1.08918476179114e-05,1,sample_3
gene_140,3.84177793432476e-06,1,sample_3
gene_219,3.60024796384023e-06,1,sample_3
gene_491,1.13824884256554,0.319488426681197,sample_3
gene_262,-3.60122652675455e-07,1,sample_3
gene_564,-7.00340939486881e-07,0.0212247544874786,sample_3
gene_824,1.46870585178892e-06,1,sample_3
gene_643,5.20024743185876e-08,1,sample_3
gene_120,7.05476111535792e-06,0.133571100685976,sample_3
gene_563,1.12001557864233e-06,1,sample_3
gene_768,1.28074311183145e-06,1,sample_3
gene_558,-2.340175278669e-07,1,sample_3
gene_512,-2.37097914998551e-05,1,sample_3
gene_147,8.35828113139409e-06,1,sample_3
gene_454,-1.7053295955368e-06,1,sample_3
gene_744,2.62977546213008e-06,1,sample_3
gene_477,5.87622976756868e-06,1,sample_3
gene_25,5.66292280890238e-06,0.359878789389189,sample_3
gene_969,1.9004067329924e-05,1,sample_3
gene_996,-2.09524215219995e-06,1,sample_3
gene_194,1.04106304707428e-06,1,sample_3
gene_132,6.48360806753458e-06,1,sample_3
gene_494,-4.14342775953844e-07,1,sample_3
gene_190,6.99816722707977e-06,1,sample_3
gene_647,0.840453004638978,1,sample_3
gene_463,1.3895414964072e-06,1,sample_3
gene_222,-1.90832733910206e-06,1,sample_3
gene_492,-1.76593313607142e-07,1,sample_3
gene_656,-1.92141670931293e-06,1,sample_3
gene_297,1.13886642794275e-06,1,sample_3
gene_785,8.72713468527766e-06,1,sample_3
gene_86,1.00264338089995e-06,1,sample_3
gene_770,-1.55149444631842e-06,1,sample_3
gene_963,7.47501463132731e-06,1,sample_3
gene_681,2.01666264369123e-06,0.598150861701676,sample_3
gene_362,1.34145216819571e-05,1,sample_3
gene_912,-1.62767295913231e-06,0.27915766099446,sample_3
gene_444,-2.19579090618502e-06,1,sample_3
gene_897,4.05934266236659e-06,1,sample_3
gene_173,1.02785290970286,0.52657026404315,sample_3
gene_217,0.4906311247719,1,sample_3
gene_856,5.16732206890452e-06,1,sample_3
gene_679,-1.98218778468079e-05,1,sample_3
gene_257,2.51710892870824e-06,1,sample_3
gene_790,-2.94871008262285e-06,0.857363591203355,sample_3
gene_725,-1.86122349184165e-06,0.406873971960877,sample_3
gene_807,-5.40917946574597e-06,0.341399690194269,sample_3
gene_45,-1.85473418845315e-06,1,sample_3
gene_955,-1.41538701659109e-06,1,sample_3
gene_687,-2.18330475124428e-06,1,sample_3
gene_94,-8.07671997478162e-08,1,sample_3
gene_678,-1.8182598389435e-06,1,sample_3
gene_490,-2.81158340127264e-06,0.824097136861876,sample_3
gene_719,1.48906638241082e-06,1,sample_3
gene_947,6.48932907742091e-06,0.0973401130245786,sample_3
gene_202,2.49778634744477e-06,1,sample_3
gene_142,-2.54250200648745e-07,1,sample_3
gene_188,1.15241770911657e-06,1,sample_3
gene_597,2.09210513388117,0.041827507872045,sample_3
gene_721,2.7143819838661e-07,1,sample_3
gene_504,-3.92529640509031e-07,1,sample_3
gene_13,-8.51852911096033e-07,0.926268905023102,sample_3
gene_682,3.66994583216326e-06,1,sample_3
gene_472,-1.23551695316484e-07,1,sample_3
gene_298,-6.39814043485104e-07,0.617367449262457,sample_3
gene_407,-1.84265846318003e-06,0.2587244622132,sample_3
gene_942,-9.23230929613353e-07,0.0239690219414421,sample_3
gene_795,4.16368608263941e-07,1,sample_3
gene_571,5.1563882409286e-07,1,sample_3
gene_675,-3.17795447994166e-07,0.55954459035635,sample_3
gene_557,-1.37696971267953e-06,1,sample_3
gene_798,-5.55839746595436e-09,1,sample_3
gene_314,2.89949662580424e-07,1,sample_3
gene_351,-4.33697093932724e-07,0.297954179597076,sample_3
gene_829,1.86602297990818e-07,1,sample_3
gene_984,-2.06280176852373e-06,0.860534538912702,sample_3
gene_633,4.39639812757682e-06,1,sample_3
gene_728,-4.22125334503859e-06,0.465012224683004,sample_3
gene_517,1.42634075396045e-05,1,sample_3
gene_274,-6.97027711536423e-07,1,sample_3
gene_552,2.94142770203997e-06,1,sample_3
gene_341,-8.2703827365765e-07,1,sample_3
gene_96,-1.63116288559726e-06,1,sample_3
gene_80,3.74455413595446e-07,1,sample_3
gene_918,1.02243358826347e-05,1,sample_3
gene_197,-8.04287799198392e-07,1,sample_3
gene_60,-3.93056278779395e-06,1,sample_3
gene_276,-3.20391877608274e-06,1,sample_3
gene_5,1.61811772128842e-06,1,sample_3
gene_841,2.23384154755318e-06,1,sample_3
gene_822,1.71811284887675e-06,1,sample_3
gene_475,-1.42738235869395e-06,1,sample_3
gene_775,-7.19603137427763e-06,1,sample_3
gene_278,4.80487493178028e-06,0.430428967876035,sample_3
gene_334,-3.10928197847446e-07,0.691896576644298,sample_3
gene_789,1.06915221056001e-06,1,sample_3
gene_686,-1.03644180532785e-07,0.637095641934869,sample_3
gene_930,3.87047537198974e-06,1,sample_3
gene_625,-2.6723049589676e-06,1,sample_3
gene_152,-6.0360751348514e-06,1,sample_3
gene_560,4.37205378034329e-06,1,sample_3
gene_347,-6.56006972283795e-07,1,sample_3
gene_826,1.71118443538933e-05,1,sample_3
gene_621,1.88821143665275e-06,1,sample_3
gene_442,4.98525261149771e-06,1,sample_3
gene_216,-5.05294071070201e-07,1,sample_3
gene_924,-1.20046108078755e-06,1,sample_3
gene_801,6.69672756734014e-06,1,sample_3
gene_537,-8.36428873694375e-07,1,sample_3
gene_478,-2.72592431674152e-07,0.44203658222414,sample_3
gene_876,3.88467837086647e-06,1,sample_3
gene_805,9.28320823425624e-06,1,sample_3
gene_447,4.94323472943713e-06,0.290408204010842,sample_3
gene_499,2.21420865861574e-09,1,sample_3
gene_326,-2.25733461319738e-05,1,sample_3
gene_507,-3.82367760865062e-07,1,sample_3
gene_97,-1.47642686933495e-06,1,sample_3
gene_631,1.0434451744643e-05,1,sample_3
gene_782,1.30387511665156e-06,1,sample_3
gene_415,-3.92313219553584e-06,1,sample_3
gene_348,3.84633360497784e-06,1,sample_3
gene_414,1.55745026112769,0.107685080129665,sample_3
gene_732,0.874390553284634,0.86196389322983,sample_3
gene_79,1.74417180506786e-07,1,sample_3
gene_868,-1.53807823613085e-06,0.906397722923737,sample_3
gene_143,-3.49009239820891e-06,1,sample_3
gene_970,-4.30077930041399e-06,1,sample_3
gene_150,-2.65946411277252e-06,0.757833977004018,sample_3
gene_330,1.83786289722704e-06,1,sample_3
gene_19,8.21797905488104e-06,0.573924146554161,sample_3
gene_320,-4.93201844775695e-07,1,sample_3
gene_131,5.08735494807134e-06,1,sample_3
gene_107,1.03994758569946e-05,1,sample_3
gene_241,1.29092409016353e-06,1,sample_3
gene_510,0.658269083490221,1,sample_3
gene_871,1.06429926279914,0.461458396759322,sample_3
gene_698,4.99637502678105e-06,1,sample_3
gene_877,3.29512083251731e-06,1,sample_3
gene_193,-5.45810332498617e-06,0.244054469220523,sample_3
gene_566,3.1931321073857e-06,1,sample_3
gene_66,1.56767040682225e-06,1,sample_3
gene_40,3.03255836590242e-06,1,sample_3
gene_690,7.10898767965309e-06,1,sample_3
gene_664,4.2097827563952e-05,1,sample_3
gene_977,4.30051382503504e-06,1,sample_3
gene_89,-2.31257085426292e-06,1,sample_3
gene_578,3.92523053941528e-07,1,sample_3
gene_177,-1.2391819498319e-06,1,sample_3
gene_20,6.15062632924255e-06,1,sample_3
gene_626,-1.15435311922374e-06,1,sample_3
gene_867,-1.11577562685175e-06,1,sample_3
gene_872,8.58103093590457e-06,1,sample_3
gene_933,3.05415398648141e-06,1,sample_3
gene_520,3.22258541486308e-06,1,sample_3
gene_915,-3.15386214997052e-06,1,sample_3
gene_720,-2.12012189253687e-06,1,sample_3
gene_901,5.59495762590039e-06,1,sample_3
gene_405,1.74017833160221e-06,1,sample_3
gene_68,6.62538435522336e-06,1,sample_3
gene_542,-2.91381901114241e-07,0.951774040672509,sample_3
gene_251,7.52399049466954e-07,1,sample_3
gene_229,7.11038105626561e-05,1,sample_3
gene_392,7.24242562319935e-07,0.978603706400547,sample_3
gene_155,1.1485959664747e-05,1,sample_3
gene_432,3.65318966504299e-06,0.892222140436962,sample_3
gene_716,-4.15182800611391e-07,1,sample_3
gene_590,2.22160316706108e-05,0.345969048787535,sample_3
gene_658,2.09702660896793e-06,1,sample_3
gene_655,-2.1382003161518e-07,1,sample_3
gene_439,-3.6839510702907e-07,1,sample_3
gene_843,2.71564312342086e-06,0.969469893366256,sample_3
gene_987,8.23455570844594e-06,0.44287536965733,sample_3
gene_898,3.34085176460006e-07,1,sample_3
gene_372,-1.25451927996462e-06,1,sample_3
gene_834,-3.53617326046949e-07,1,sample_3
gene_370,-6.37281301160221e-07,1,sample_3
gene_982,-1.9542759202417e-06,1,sample_3
gene_199,-3.02415419790129e-06,1,sample_3
gene_182,0.763010098959144,1,sample_3
gene_936,-9.45418068060001e-07,1,sample_3
gene_410,3.34391998583486,0.021167965888315,sample_3
gene_420,-7.32462697965788e-06,1,sample_3
gene_827,6.24639229205525e-06,1,sample_3
gene_746,2.11883379194307e-06,1,sample_3
gene_158,-9.82499009610786e-07,1,sample_3
gene_958,-5.92731853697395e-07,0.0846200246455037,sample_3
gene_157,1.09917801997336e-05,0.71791684287858,sample_3
gene_338,1.01057926965767e-05,1,sample_3
gene_185,-3.73835241765376e-07,1,sample_3
gene_835,9.53652139261827e-06,0.634305356626172,sample_3
gene_224,1.07776051585032e-05,1,sample_3
gene_916,-6.08035952113127e-07,0.330905595618796,sample_3
gene_661,2.30340914375674e-07,1,sample_3
gene_166,-1.99855769038669e-06,1,sample_3
gene_848,2.41356788244381,0.0373081926715509,sample_3
gene_377,4.35224707333204e-07,1,sample_3
gene_480,4.88496871387557e-07,1,sample_3
gene_591,-4.35541004233413e-06,1,sample_3
gene_859,6.62193692562905e-07,1,sample_3
gene_340,2.20776043335729e-06,1,sample_3
gene_309,-7.55030807476598e-07,1,sample_3
gene_64,1.07742101226431e-06,1,sample_3
gene_731,-5.30982150267495e-07,0.296061227025058,sample_3
gene_367,-6.18508200679192e-07,1,sample_3
gene_65,-7.11980451551612e-06,1,sample_3
gene_63,9.1469246257935e-06,1,sample_3
gene_489,4.57641317797153e-06,1,sample_3
gene_98,6.31187413556094e-06,1,sample_3
gene_88,-1.37995170640986e-06,0.900071582346775,sample_3
gene_953,-7.98063559902278e-07,0.448383200377579,sample_3
gene_117,5.26124266743373e-07,1,sample_3
gene_609,1.2985453631017e-05,1,sample_3
gene_854,-1.4594755814311e-06,0.498886987384888,sample_3
gene_247,4.04225033910048e-06,0.607332143774909,sample_3
gene_352,1.30839427317737e-05,1,sample_3
gene_521,1.04676321757707e-08,1,sample_3
gene_462,-9.48770154579094e-07,1,sample_3
gene_665,-1.33796425868444e-07,0.877350673942928,sample_3
gene_944,4.31513924368795e-06,1,sample_3
gene_181,-3.26822690707418e-06,1,sample_3
gene_773,1.15028796179133e-05,1,sample_3
gene_346,7.09746139322672e-06,1,sample_3
gene_529,6.52814019697992e-06,1,sample_3
gene_245,-4.86146176639941e-07,1,sample_3
gene_6,7.92321711419071e-07,1,sample_3
gene_733,3.25720772346417e-06,1,sample_3
gene_239,1.47997785938944e-06,0.820262375707721,sample_3
gene_932,3.37783378934311e-07,1,sample_3
gene_335,1.07432053009231e-05,1,sample_3
gene_28,-5.90709322535032e-05,1,sample_3
gene_515,1.02314061318707e-06,1,sample_3
gene_630,4.77441877022371e-07,1,sample_3
gene_758,1.62822355482714e-07,1,sample_3
gene_741,7.82611827227315e-06,1,sample_3
gene_783,4.68885630975612e-07,1,sample_3
gene_394,3.6481028629216e-06,1,sample_3
gene_332,-1.62676594583365e-06,1,sample_3
gene_833,-3.17962135264629e-07,1,sample_3
gene_745,1.36558538664329e-06,1,sample_3
gene_383,-1.02232913899481e-06,0.558512146822538,sample_3
gene_430,3.21209681283844e-06,1,sample_3
gene_882,7.67033026173689e-06,1,sample_3
gene_573,8.65406603680331e-06,1,sample_3
gene_779,-2.11235242349993e-06,1,sample_3
gene_496,-6.72115516340933e-07,1,sample_3
gene_307,-1.41208780782525e-06,1,sample_3
gene_769,-5.58877062697405e-06,1,sample_3
gene_437,3.60226422811195,0.0722566741268389,sample_3
gene_381,-2.30793960729069e-06,1,sample_3
gene_78,-3.9278914679901e-06,1,sample_3
gene_792,4.17699514700001e-07,1,sample_3
gene_555,6.87859536626143e-06,1,sample_3
gene_51,-3.21061376880935e-06,1,sample_3
gene_813,4.78710552697627e-06,1,sample_3
gene_375,5.83430578249331e-06,1,sample_3
gene_689,1.39258954540329,0.0759744857681276,sample_3
gene_487,2.45473117577677e-06,1,sample_3
gene_44,1.69354481605925e-05,1,sample_3
gene_645,1.77045846702151e-05,1,sample_3
gene_500,-3.80373220572399e-06,1,sample_3
gene_896,-3.83444807075618e-06,1,sample_3
gene_860,-1.41645512608355e-06,1,sample_3
gene_174,1.08593260617283e-05,1,sample_3
gene_528,-1.95646022278869e-06,1,sample_3
gene_886,-2.29836128088003e-07,1,sample_3
gene_668,2.72041720837446e-06,1,sample_3
gene_710,3.66175277385885e-06,1,sample_3
gene_305,-1.87124053014784e-06,1,sample_3
gene_122,-1.10661689354498e-06,0.0243547265971657,sample_3
gene_820,-3.31286692049586e-07,1,sample_3
gene_210,-9.81598336091848e-07,1,sample_3
gene_884,3.82577010793425e-06,1,sample_3
gene_580,2.72392483259884e-07,1,sample_3
gene_929,1.17416523404656e-05,1,sample_3
gene_530,-9.2587365870776e-07,0.45650453274725,sample_7
gene_683,-1.01654291791697e-06,1,sample_7
gene_928,-1.34474960115319e-06,0.515581105967093,sample_7
gene_793,-2.61841074409621e-07,0.816741862435638,sample_7
gene_258,-2.60989935492753e-07,1,sample_7
gene_941,-4.81211840672092e-06,1,sample_7
gene_92,2.99355872352733e-07,1,sample_7
gene_809,1.65491388693011,0.0366196435810182,sample_7
gene_106,9.91921963177162e-06,1,sample_7
gene_376,-1.26485368745076e-05,1,sample_7
gene_189,-1.09633707142901e-06,1,sample_7
gene_386,-2.67187816190449e-06,0.0351084298518632,sample_7
gene_873,-1.18142295108679e-06,0.899060616968107,sample_7
gene_52,1.88518456691421e-07,0.896395187431443,sample_7
gene_485,-7.03074319776513e-07,0.425512330934269,sample_7
gene_69,1.49921300292676e-05,0.337586596386944,sample_7
gene_910,5.18650442291362e-06,1,sample_7
gene_994,4.22365320688551e-06,1,sample_7
gene_228,-3.56635612829765e-06,0.40407119098643,sample_7
gene_225,-3.3640435062296e-07,0.203918323771434,sample_7
gene_130,-5.63112172147753e-07,1,sample_7
gene_879,0.000112156311103908,1,sample_7
gene_657,7.78220709221529e-07,1,sample_7
gene_765,6.27272205568266e-07,0.129607811759366,sample_7
gene_800,-8.59454228256405e-07,0.302257176884418,sample_7
gene_788,-8.13463775011883e-07,0.970767048538533,sample_7
gene_706,-2.09233242954247e-06,0.160042705500798,sample_7
gene_975,1.60318958481562e-06,1,sample_7
gene_359,3.07283490739089e-06,1,sample_7
gene_583,4.91398974071832e-07,1,sample_7
gene_230,-1.30934629430137e-06,0.788071119257277,sample_7
gene_839,-2.62235916034251e-06,1,sample_7
gene_523,-4.59295695243907e-08,1,sample_7
gene_676,-2.71763801219527e-07,1,sample_7
gene_506,3.22027472376492e-07,0.798253348306392,sample_7
gene_508,-3.64649151821833e-06,0.253225764924874,sample_7
gene_214,6.37182358392836e-06,0.684691038536034,sample_7
gene_178,-6.69195702807566e-06,1,sample_7
gene_327,3.37828588296747e-06,0.844236362235113,sample_7
gene_940,-1.19846294848435e-05,1,sample_7
gene_27,-2.45904542002235e-06,1,sample_7
gene_526,-5.79893426814708e-07,0.842020392209853,sample_7
gene_291,-8.18959419216279e-06,1,sample_7
gene_513,1.96682222568809e-05,1,sample_7
gene_192,1.69382057057813e-06,1,sample_7
gene_438,-2.08658346290408e-06,1,sample_7
gene_350,-3.97408719701473e-06,1,sample_7
gene_378,4.48804587589959e-06,1,sample_7
gene_138,-3.05030142369751e-06,1,sample_7
gene_750,3.19766011187118,0.00072133864899271,sample_7
gene_708,1.17854380058567e-05,0.0192239934838038,sample_7
gene_12,7.47868298444402e-06,1,sample_7
gene_47,-2.51909360112574e-06,1,sample_7
gene_880,1.03679122798655e-07,1,sample_7
gene_781,1.44732261184879e-05,1,sample_7
gene_451,6.05468330973554e-06,1,sample_7
gene_456,2.62344538552989e-05,1,sample_7
gene_764,6.30656969646599e-05,1,sample_7
gene_113,1.63148654295252,0.0728429744174942,sample_7
gene_133,1.36607814322183e-06,1,sample_7
gene_126,-6.68816061723131e-06,0.00843787641488661,sample_7
gene_421,1.71161236151056e-05,0.541427423630964,sample_7
gene_62,-1.51388920520953e-06,1,sample_7
gene_810,6.22787930004836e-07,1,sample_7
gene_175,-3.40199276508841e-06,0.415099066566625,sample_7
gene_443,-1.44379116721823e-06,1,sample_7
gene_701,-9.12258140108511e-06,1,sample_7
gene_825,-2.89577142620709e-06,0.462051180777935,sample_7
gene_103,7.19438557734352e-07,1,sample_7
gene_838,6.5743443957967e-06,1,sample_7
gene_777,3.10687113201646e-06,0.300945875585219,sample_7
gene_38,3.28283409694849e-06,0.906049612272417,sample_7
gene_894,1.27446076967346e-06,1,sample_7
gene_821,-5.25008510411937e-07,1,sample_7
gene_324,-7.90284856356831e-06,0.477998122631483,sample_7
gene_875,-1.10889865089825e-06,1,sample_7
gene_238,1.78249699350023e-06,1,sample_7
gene_723,-2.9825592919707e-06,1,sample_7
gene_455,1.33261355412346e-05,1,sample_7
gene_670,2.26286467952354e-06,1,sample_7
gene_163,9.73954242229409e-07,1,sample_7
gene_339,-6.35416831026745e-06,1,sample_7
gene_11,7.43537139367208e-06,0.393527623410233,sample_7
gene_522,-1.32097135121865e-06,0.121373814941157,sample_7
gene_255,3.24102128338922e-06,1,sample_7
gene_129,-9.59493124568487e-06,0.409745005700452,sample_7
gene_286,2.10884353478897e-05,1,sample_7
gene_85,5.18378216325169e-06,1,sample_7
gene_76,-2.6584818928522e-06,0.399522963649388,sample_7
gene_712,1.08489081714042,0.379309482613249,sample_7
gene_891,3.52107131992501e-06,1,sample_7
gene_136,-6.10363430003725e-07,1,sample_7
gene_384,3.50244202814178e-06,1,sample_7
gene_440,1.21157555766018e-06,1,sample_7
gene_851,3.51527258142706e-10,1,sample_7
gene_799,-8.27893334281977e-07,1,sample_7
gene_461,7.85579787984934e-06,1,sample_7
gene_221,9.92298771673435e-06,1,sample_7
gene_141,1.26368910251536e-06,1,sample_7
gene_302,5.26827431415779e-06,1,sample_7
gene_964,4.2830362030549e-06,1,sample_7
gene_235,-1.03316457166882e-06,0.0536031001210384,sample_7
gene_469,-1.33339805922924e-06,0.0465886351489058,sample_7
gene_369,5.36479283337986e-07,1,sample_7
gene_784,4.78936656044029e-06,0.95269306197816,sample_7
gene_546,-9.14071531712104e-07,0.481914523134205,sample_7
gene_77,-6.46352682190554e-07,1,sample_7
gene_797,6.10712134921575e-06,0.174259069840573,sample_7
gene_211,2.11970966295148,0.0214225982382546,sample_7
gene_849,-2.11803766512407e-06,0.46178679478371,sample_7
gene_215,2.52922262060425,0.00357029111570522,sample_7
gene_992,-3.27288644338675e-07,1,sample_7
gene_883,-2.11609072371613e-06,1,sample_7
gene_995,-3.60765717522227e-06,1,sample_7
gene_641,-1.55856413115687e-06,1,sample_7
gene_622,7.38974378620162e-06,1,sample_7
gene_95,-9.03940606554989e-06,0.767955197791869,sample_7
gene_287,-9.1177228761119e-07,1,sample_7
gene_256,7.08179873438787e-07,1,sample_7
gene_333,1.0341570744092e-05,1,sample_7
gene_651,-4.11739745237959e-07,1,sample_7
gene_349,-5.08985401335488e-06,1,sample_7
gene_1,0.838418164880081,1,sample_7
gene_473,7.26859938785194e-06,1,sample_7
gene_680,1.03975329636066e-05,1,sample_7
gene_532,-1.49084579565904e-05,0.832487731553201,sample_7
gene_285,4.32310965139222e-06,0.847132792487377,sample_7
gene_365,1.52499495620052e-06,0.772733632290204,sample_7
gene_608,4.73225885733612e-06,0.481527713111225,sample_7
gene_615,-1.84331792686488e-06,1,sample_7
gene_53,1.49672737441687e-06,1,sample_7
gene_588,3.76806772798966e-06,0.413264050933778,sample_7
gene_201,5.92382717845971e-06,0.254597958362155,sample_7
gene_672,1.89483341778517,0.109492718761972,sample_7
gene_265,6.9176819908713e-06,1,sample_7
gene_119,6.49313434283482e-06,0.146364551202129,sample_7
gene_908,-1.11805385985642e-07,1,sample_7
gene_441,1.95692841746463,0.0692405098924077,sample_7
gene_275,-7.2021873159976e-06,0.356351799188774,sample_7
gene_718,6.51305853724428e-06,1,sample_7
gene_943,8.1177605505032e-07,1,sample_7
gene_34,2.07783770968512,0.00694661912085819,sample_7
gene_7,3.75041646817216e-06,0.624680052310946,sample_7
gene_125,6.80172567631187e-06,0.698496756924803,sample_7
gene_250,7.42825986194793e-06,1,sample_7
gene_842,5.33629500192757e-06,1,sample_7
gene_511,2.61033575355364e-06,1,sample_7
gene_957,-3.01152079052498e-07,1,sample_7
gene_116,-3.04529936726526e-06,1,sample_7
gene_888,-1.15386006702139e-06,0.679963991572816,sample_7
gene_391,3.86787765885209,0.000933947932234392,sample_7
gene_749,-4.12707107887127e-05,1,sample_7
gene_704,-4.63354716835511e-07,0.989559344986896,sample_7
gene_137,3.84004023610867,0.000305032287713721,sample_7
gene_905,4.100956601842e-06,0.253581487139207,sample_7
gene_81,-4.59573153658723e-07,0.554759145209784,sample_7
gene_283,4.48696528792142e-06,0.891271562968705,sample_7
gene_425,6.98566216398413e-06,1,sample_7
gene_938,-2.72993757474662e-06,1,sample_7
gene_737,2.13250778733028e-07,1,sample_7
gene_666,1.20244517235536e-05,0.549638214013777,sample_7
gene_937,-1.35332469351378e-05,1,sample_7
gene_700,3.39483490292763e-06,1,sample_7
gene_388,-4.44234333131104e-06,1,sample_7
gene_554,-2.44245324858802e-06,0.263547240976762,sample_7
gene_533,7.73604913373063e-06,0.77165680797502,sample_7
gene_259,1.47684583945376e-05,1,sample_7
gene_945,9.76869784697169e-06,1,sample_7
gene_231,-1.25100518615456e-05,1,sample_7
gene_711,9.18149625814909e-08,1,sample_7
gene_72,-3.87265781595901e-06,1,sample_7
gene_39,5.14502237816865e-06,1,sample_7
gene_90,1.37935230090446e-05,0.328811594924387,sample_7
gene_535,6.9585734384019e-06,1,sample_7
gene_337,-6.70868048671614e-06,1,sample_7
gene_118,1.16634672056256e-05,0.686768270388983,sample_7
gene_356,-4.1339476325171e-06,1,sample_7
gene_23,-5.18946832968681e-06,1,sample_7
gene_599,-8.09319248220535e-06,1,sample_7
gene_935,-4.42615012432473e-06,1,sample_7
gene_911,-1.63379019650747e-06,1,sample_7
gene_885,-2.67744183385752e-07,1,sample_7
gene_570,1.09184316503715e-06,1,sample_7
gene_956,-2.46870947287122e-08,1,sample_7
gene_318,-7.89240692793375e-06,0.253480372900685,sample_7
gene_70,4.87603189956737e-06,1,sample_7
gene_170,2.21390083432458e-06,1,sample_7
gene_417,3.30091442457133e-06,1,sample_7
gene_921,1.13263218435553e-06,1,sample_7
gene_864,1.54249969915335,0.0768134948576879,sample_7
gene_703,1.21862887238367e-05,1,sample_7
gene_471,2.06326733768502e-06,1,sample_7
gene_585,-4.39462019468521e-06,0.965719299714113,sample_7
gene_832,2.20704059209257e-06,1,sample_7
gene_404,-1.47860101331814e-06,1,sample_7
gene_850,-4.05884484797372e-06,0.99375923494005,sample_7
gene_559,9.98111843066168e-06,1,sample_7
gene_364,6.09114275152312e-06,1,sample_7
gene_846,0.000135780294246907,1,sample_7
gene_148,3.54627108249667e-07,1,sample_7
gene_139,9.65108848251829e-06,0.726128363620854,sample_7
gene_592,2.53995666479837e-06,1,sample_7
gene_853,-4.32718543713373e-07,1,sample_7
gene_32,2.00803677434928e-06,1,sample_7
gene_169,5.11716101726301e-07,1,sample_7
gene_186,1.15169005638309,0.314092196615506,sample_7
gene_115,-1.61826274330217e-05,1,sample_7
gene_966,-3.07459109532457e-06,1,sample_7
gene_509,2.46793521455361e-06,1,sample_7
gene_650,2.59412329007086e-06,1,sample_7
gene_699,2.4042434698083e-05,0.567500215063452,sample_7
gene_539,7.51076216270399e-06,1,sample_7
gene_294,1.69601614859054e-06,1,sample_7
gene_503,-2.99129689355839e-06,1,sample_7
gene_448,-8.11109662045775e-06,1,sample_7
gene_419,-1.00307242033245e-07,1,sample_7
gene_9,2.50491442079808e-06,1,sample_7
gene_246,-2.77972635309436e-06,1,sample_7
gene_482,-1.15046614514538e-06,1,sample_7
gene_191,1.11172660477175,0.378979188147201,sample_7
gene_180,9.72198810606748e-06,1,sample_7
gene_640,-8.44044901431324e-07,1,sample_7
gene_413,7.60402930165371e-07,1,sample_7
gene_607,3.52018663122607e-06,0.628578316479772,sample_7
gene_817,-3.22809546784496e-06,1,sample_7
gene_925,5.57947350534994e-06,1,sample_7
gene_919,-4.81318400185576e-06,1,sample_7
gene_568,-3.38262045209535e-06,1,sample_7
gene_614,-1.24005160304612e-05,1,sample_7
gene_296,-3.49202706815775e-06,1,sample_7
gene_550,8.26524707740064e-06,0.197693452953828,sample_7
gene_468,3.56188907463515,0.000325952690593731,sample_7
gene_786,-1.58174598124236e-06,1,sample_7
gene_277,-3.11675323891531e-06,1,sample_7
gene_830,-1.48389298547606e-06,1,sample_7
gene_271,-2.21738552590159e-06,0.00125269324607652,sample_7
gene_923,5.34195800551012e-06,1,sample_7
gene_208,7.34714625626795e-06,1,sample_7
gene_328,1.21813076165202e-06,1,sample_7
gene_900,2.35954808556369e-06,1,sample_7
gene_50,9.24108359168139e-06,0.695132637128205,sample_7
gene_153,3.5869902318251e-07,1,sample_7
gene_203,-8.63885766069132e-06,1,sample_7
gene_41,4.45788590421603e-06,0.28043535814141,sample_7
gene_312,2.3531906563227e-07,1,sample_7
gene_450,-9.86590971631125e-07,1,sample_7
gene_266,2.12694664865383,0.039815013487063,sample_7
gene_87,4.42046249244125e-06,0.251881774390783,sample_7
gene_978,9.36932006486022e-06,0.973191798519558,sample_7
gene_907,1.62061445069389e-05,1,sample_7
gene_58,1.02343816838834e-06,0.964248462727616,sample_7
gene_30,-1.54262714481781e-07,1,sample_7
gene_37,4.89779208065407e-06,1,sample_7
gene_971,-4.88963344513559e-06,1,sample_7
gene_24,-1.34099761959421e-06,1,sample_7
gene_427,-4.35950621453051e-07,0.165585772222511,sample_7
gene_649,1.52528107078962e-06,1,sample_7
gene_396,-6.83993156554765e-07,0.793158929305901,sample_7
gene_374,-7.41395135285806e-07,0.560274459117699,sample_7
gene_61,2.50155626762821e-05,1,sample_7
gene_534,6.20562256624282e-06,1,sample_7
gene_951,2.3438022232892e-06,1,sample_7
gene_460,2.33099809766021e-05,1,sample_7
gene_717,6.18618378069312e-06,1,sample_7
gene_653,-7.0027230873687e-07,0.809797626548362,sample_7
gene_361,1.30194580376112,0.159583990605581,sample_7
gene_815,1.70874188575059,0.0221556302982997,sample_7
gene_14,-3.70787271046614e-06,1,sample_7
gene_600,-4.83660870578133e-06,1,sample_7
gene_371,-1.24341168258095e-06,0.370441051790538,sample_7
gene_531,-0.000200054565040608,1,sample_7
gene_999,3.00200887074525e-05,0.00118094501802517,sample_7
gene_497,7.66962297414378e-06,1,sample_7
gene_434,1.37581589306586,0.118275502080851,sample_7
gene_304,-1.49487201814516e-05,1,sample_7
gene_134,7.09448618559559e-06,1,sample_7
gene_778,-4.54393468747773e-06,0.940488321951477,sample_7
gene_232,-5.72716549084814e-06,1,sample_7
gene_289,-6.08511849128739e-06,1,sample_7
gene_387,-7.46391848126369e-07,0.368817175939644,sample_7
gene_791,6.10336190795256e-05,0.000180909287499279,sample_7
gene_702,-4.93719311721528e-07,0.944408051745146,sample_7
gene_135,1.02073295100211e-06,1,sample_7
gene_662,7.26671550630829e-07,1,sample_7
gene_488,1.32104581599801e-05,1,sample_7
gene_543,6.407741233741e-06,0.10708298192244,sample_7
gene_10,6.17157769245037e-06,0.308910723010712,sample_7
gene_986,4.50358560192877e-07,1,sample_7
gene_411,2.53190591638732e-07,1,sample_7
gene_993,6.5628507735117e-06,1,sample_7
gene_29,-3.38416838086286e-07,1,sample_7
gene_161,2.00063430906072e-06,1,sample_7
gene_67,1.00210142508645e-05,0.583491019170985,sample_7
gene_416,5.18012353830069e-07,1,sample_7
gene_26,-2.75826669868921e-06,1,sample_7
gene_35,-2.23960850947109e-06,1,sample_7
gene_659,1.14299979635927e-06,1,sample_7
gene_684,-4.80028843420518e-06,1,sample_7
gene_311,-1.7738809538564e-06,1,sample_7
gene_195,4.47467048371149e-06,0.903399090316377,sample_7
gene_589,5.14056366800321e-06,1,sample_7
gene_974,2.30441199518732e-06,1,sample_7
gene_453,9.91680033590413e-06,0.668134945847693,sample_7
gene_582,2.85083229810361e-07,1,sample_7
gene_617,-1.3611906232822e-06,0.0362012291072254,sample_7
gene_804,-8.67154973067962e-07,0.366013771461739,sample_7
gene_102,6.57743200657457e-08,1,sample_7
gene_15,1.27380319211336e-07,1,sample_7
gene_780,-1.01513894667973e-06,0.412461754150346,sample_7
gene_794,-9.97260097410974e-07,0.121670872926134,sample_7
gene_207,-1.63481278346681e-06,1,sample_7
gene_811,1.5417684478925e-06,0.658790268683001,sample_7
gene_236,3.14729919310186e-06,0.405957088787069,sample_7
gene_671,-3.46640376884227e-07,1,sample_7
gene_544,7.19053688298773e-07,0.880015339303479,sample_7
gene_315,6.93885655373368e-06,0.101277223466026,sample_7
gene_227,-1.48971590715268e-06,0.920620227096603,sample_7
gene_295,-1.16205903806173e-06,1,sample_7
gene_685,-6.08654148846306e-06,0.168541877828237,sample_7
gene_483,-3.22555304204956e-06,1,sample_7
gene_424,-1.73894000192526e-06,1,sample_7
gene_301,2.81211095332508,0.0137794356395966,sample_7
gene_249,2.62878550716314e-05,1,sample_7
gene_548,3.19869039093244e-06,0.405896012117207,sample_7
gene_688,3.21033139177969e-06,0.359094907942431,sample_7
gene_74,1.17587262176536e-05,0.167487450030045,sample_7
gene_445,-6.39080622504342e-07,0.788783560012605,sample_7
gene_412,2.98645920131018,0.024485056664415,sample_7
gene_145,1.99405729182206e-05,1,sample_7
gene_774,1.22221685752793e-05,1,sample_7
gene_823,1.73273741636285e-08,1,sample_7
gene_694,1.76202108694384,0.020450940300449,sample_7
gene_906,5.0997033552402e-06,1,sample_7
gene_56,1.2092580763057e-05,0.405592303720344,sample_7
gene_162,-5.10745369402385e-07,0.367838093154108,sample_7
gene_176,1.02411467304967e-06,1,sample_7
gene_565,4.36006282898518e-06,1,sample_7
gene_914,-1.9526309580483e-06,1,sample_7
gene_865,1.51198875052261e-05,1,sample_7
gene_926,-2.51582821661035e-05,1,sample_7
gene_398,7.48802255433754e-06,1,sample_7
gene_840,9.50356164164372e-06,1,sample_7
gene_418,4.60746933917751e-06,1,sample_7
gene_796,8.14239642948082e-08,1,sample_7
gene_409,4.67727618934797e-06,1,sample_7
gene_803,-2.68729422701327e-06,1,sample_7
gene_909,3.09553572068947e-05,1,sample_7
gene_899,-1.93345373947069e-07,1,sample_7
gene_502,-4.72998740429532e-06,0.892588370850375,sample_7
gene_985,3.23880469671999e-06,1,sample_7
gene_160,-4.20806262875926e-07,1,sample_7
gene_308,-5.15383933197329e-05,1,sample_7
gene_390,6.80254163757511e-06,0.117682113105687,sample_7
gene_952,2.25355243154019e-06,1,sample_7
gene_260,4.55270407001331e-07,0.297703291928005,sample_7
gene_54,1.53438973754401e-06,0.390718367543088,sample_7
gene_663,2.48852870279588,0.00535955546611358,sample_7
gene_959,2.02373089389673,0.00192215097415496,sample_7
gene_931,1.04602957066783e-05,0.10046149591726,sample_7
gene_648,2.56213749951212,0.00622599266271544,sample_7
gene_660,-4.26536824866623e-07,1,sample_7
gene_596,-1.92338519651454e-06,1,sample_7
gene_739,-2.86978821599672e-07,0.667738183953389,sample_7
gene_187,6.18670761269778e-07,1,sample_7
gene_313,4.28956738426238e-06,0.115811553750158,sample_7
gene_541,4.31266585549708,0.00216760949134402,sample_7
gene_422,-5.34385676225737e-09,1,sample_7
gene_577,2.55155098990645e-06,0.184136787661587,sample_7
gene_772,2.38931115556396e-06,0.221407791169984,sample_7
gene_353,8.87626663368851e-07,0.369573383632177,sample_7
gene_639,3.67087609929527e-07,0.712327466922383,sample_7
gene_331,4.44239195149657,0.0468271266314245,sample_7
gene_646,3.57326279415481e-06,0.107113035098958,sample_7
gene_342,-1.48537470371088e-08,1,sample_7
gene_16,1.2326296079183e-06,1,sample_7
gene_776,5.19129762982803e-07,0.810176972745377,sample_7
gene_845,4.7300941698135,0.000209715019318889,sample_7
gene_200,3.15670921147173e-07,1,sample_7
gene_184,7.38659845689059e-07,0.465113964735635,sample_7
gene_755,1.56910462912789e-06,0.515471383454731,sample_7
gene_466,-3.70310857219828e-07,1,sample_7
gene_299,-1.18126706411768e-08,1,sample_7
gene_379,1.14185060117842e-05,0.00432415492591477,sample_7
gene_355,8.32605243232543e-07,0.503751842112698,sample_7
gene_762,1.72322860824742e-07,1,sample_7
gene_584,2.19449027623195e-07,1,sample_7
gene_572,1.849036263013e-06,0.331865323984467,sample_7
gene_595,2.78839303091068e-06,0.318141623721341,sample_7
gene_610,-5.03463445748897e-08,1,sample_7
gene_484,2.02222122097658e-07,0.894731670451297,sample_7
gene_869,2.83047679009823,0.0174839096613054,sample_7
gene_458,3.24201873940819,9.43061022309663e-05,sample_7
gene_753,-2.56841302438237e-06,1,sample_7
gene_4,0.00012070821555809,1,sample_7
gene_253,6.83148460965115e-06,1,sample_7
gene_144,6.0197483065554e-06,1,sample_7
gene_561,-6.11852308822936e-06,1,sample_7
gene_742,1.23386116588594,0.168220987917137,sample_7
gene_636,-2.4565966433196e-05,0.279444633722826,sample_7
gene_989,-4.34145379649851e-06,1,sample_7
gene_501,-6.97487908226989e-07,1,sample_7
gene_863,-1.96811081418624e-06,0.431579792235606,sample_7
gene_449,1.11760688899327e-05,0.620191787274269,sample_7
gene_288,-2.91306186966649e-06,1,sample_7
gene_99,-5.86810460563117e-07,1,sample_7
gene_761,-2.23184650568484e-06,0.551316513580746,sample_7
gene_844,1.95899848963316e-07,1,sample_7
gene_57,-6.65387121730992e-07,1,sample_7
gene_114,1.30941494129514,0.195978682229831,sample_7
gene_111,-2.97823238618011e-06,0.0885458205260833,sample_7
gene_816,1.96354501615698,0.0497256787312302,sample_7
gene_233,-5.36891362712561e-07,0.879412115490688,sample_7
gene_870,6.61829045936197e-06,1,sample_7
gene_124,7.12225010357635e-06,1,sample_7
gene_104,-1.97837214161425e-08,1,sample_7
gene_618,-2.03547825288634e-07,0.586103212413714,sample_7
gene_587,9.27387987241531e-07,0.338486344103642,sample_7
gene_990,2.45833374265689e-06,1,sample_7
gene_373,1.15243683974348e-05,1,sample_7
gene_861,3.6490315606058e-06,1,sample_7
gene_697,-2.45005890051424e-06,1,sample_7
gene_213,2.63408050516801e-06,1,sample_7
gene_735,1.79801991304199e-06,0.859721080114288,sample_7
gene_981,6.3569434913863e-07,1,sample_7
gene_93,3.8313160711962e-07,1,sample_7
gene_950,2.44444012794297e-06,1,sample_7
gene_465,1.09639435232986e-05,1,sample_7
gene_212,-2.32932435019195e-06,1,sample_7
gene_237,2.58696128497783e-06,1,sample_7
gene_49,1.90728458162394,0.0890254978377654,sample_7
gene_183,-5.5049044561685e-07,0.254899909039659,sample_7
gene_759,-1.24330697243919e-07,0.828340053684282,sample_7
gene_344,-5.42059856175409e-05,1,sample_7
gene_887,1.02426298566316e-05,1,sample_7
gene_644,-9.86388798532914e-06,1,sample_7
gene_828,2.09151480996108e-06,1,sample_7
gene_862,5.26495465728402e-07,1,sample_7
gene_752,2.27253261334214,0.00254778663317991,sample_7
gene_638,7.48769821208895e-06,0.0712651145589387,sample_7
gene_220,6.33536445903943e-06,1,sample_7
gene_303,4.60913487506e-06,0.145051131268397,sample_7
gene_787,-7.89463342867232e-07,0.369911678785402,sample_7
gene_760,-2.36471051591804e-06,0.264630831843445,sample_7
gene_272,-1.06943812643294e-05,0.225763361333128,sample_7
gene_43,7.43462214327596e-07,1,sample_7
gene_603,8.73540024628044e-06,1,sample_7
gene_567,-8.29454351544739e-06,1,sample_7
gene_893,2.58677901017894e-07,1,sample_7
gene_627,-2.38877487773954e-07,1,sample_7
gene_270,7.90868646097991e-07,0.810030090153438,sample_7
gene_997,-8.78586944995243e-07,0.21841646099902,sample_7
gene_165,-4.00743104989944e-07,0.134272576572665,sample_7
gene_962,1.51949188596484e-06,1,sample_7
gene_112,9.95293708598078e-06,1,sample_7
gene_889,1.09358898812007e-06,1,sample_7
gene_73,1.87467372725608e-06,1,sample_7
gene_393,-2.84276404297328e-06,1,sample_7
gene_692,-6.65972376465765e-09,1,sample_7
gene_123,-9.08914163832617e-08,1,sample_7
gene_837,-3.71681394727602e-07,1,sample_7
gene_976,-1.94846210968767e-08,0.000541080303258427,sample_7
gene_623,-2.3422950255104e-06,1,sample_7
gene_127,-3.0760132579701e-06,1,sample_7
gene_927,-5.24234790772862e-07,1,sample_7
gene_105,-4.97277139624966e-06,0.476586500574008,sample_7
gene_734,-1.00905233098864e-06,1,sample_7
gene_426,6.97528593621938e-06,1,sample_7
gene_601,-1.2622996171489e-06,0.754401822779955,sample_7
gene_8,-2.49499161629529e-06,1,sample_7
gene_847,-5.12328615075131e-06,0.749956731189687,sample_7
gene_594,-3.72963553600676e-06,1,sample_7
gene_474,-8.91230012848564e-07,1,sample_7
gene_325,1.9364971207112e-07,1,sample_7
gene_620,-2.54887140214308e-05,1,sample_7
gene_632,-4.88524570953467e-06,1,sample_7
gene_866,1.46115893116831e-06,1,sample_7
gene_551,-9.0203254168128e-07,1,sample_7
gene_31,3.7890210793732e-07,1,sample_7
gene_527,4.63309958328155e-06,1,sample_7
gene_110,-8.43237226381291e-07,0.00444191333909271,sample_7
gene_470,-4.21009513713904e-07,0.0414794160138248,sample_7
gene_988,-8.82565425032448e-07,0.253798566067901,sample_7
gene_399,-9.65645956398456e-07,0.160548739164411,sample_7
gene_389,-1.34679538783181e-06,0.979550337787374,sample_7
gene_619,-1.84171712799768e-07,0.546014075564612,sample_7
gene_747,-4.93118810107763e-06,0.667480554211345,sample_7
gene_368,-3.8686555468161e-06,0.867941194758708,sample_7
gene_808,-2.80265772558771e-06,1,sample_7
gene_858,1.21607756811859e-05,1,sample_7
gene_934,-4.20750054788371e-06,1,sample_7
gene_242,1.19180979673011e-05,1,sample_7
gene_949,3.71465687072885e-07,1,sample_7
gene_397,3.65954900632817e-06,0.23181526473742,sample_7
gene_652,4.43562505177253e-06,0.183255905285718,sample_7
gene_292,-1.47928553736746e-06,1,sample_7
gene_579,-1.75810502919449e-06,1,sample_7
gene_980,3.5505483162191e-07,1,sample_7
gene_226,2.21537962447105e-06,1,sample_7
gene_55,-1.10032050321077e-06,0.943562757245053,sample_7
gene_903,-7.15870502001152e-06,1,sample_7
gene_545,6.74405654140926e-07,1,sample_7
gene_574,-3.55200444009181e-06,1,sample_7
gene_431,2.37696567684514e-07,0.837300393697787,sample_7
gene_983,-4.27291092417901e-07,0.635772200651802,sample_7
gene_382,-1.34761739516389e-06,0.613244632293493,sample_7
gene_814,-2.92125160257598e-07,1,sample_7
gene_878,-1.0503815904318e-06,1,sample_7
gene_42,4.82996071372557,0.132572425694187,sample_7
gene_628,-2.84343100215306e-08,1,sample_7
gene_319,-2.47605611126997e-06,0.0932253532634428,sample_7
gene_268,-1.50622682301344e-07,1,sample_7
gene_751,-1.12567597635913e-06,1,sample_7
gene_505,-0.607892573572711,1,sample_7
gene_151,-4.86939851401673e-09,1,sample_7
gene_205,-1.36778503376452e-06,1,sample_7
gene_223,-1.23354916610998e-05,1,sample_7
gene_674,-3.92398448010985e-06,1,sample_7
gene_948,-4.79428508002412e-07,1,sample_7
gene_385,-4.93799037611277e-05,1,sample_7
gene_380,1.19767397567237e-06,1,sample_7
gene_802,5.22643316579175e-06,1,sample_7
gene_604,-2.9804849509419e-06,2.39821412143954e-06,sample_7
gene_261,-1.36637837875711e-05,1,sample_7
gene_446,-2.98388571151723e-06,1,sample_7
gene_771,-5.10728089793437e-07,1,sample_7
gene_360,6.03980822613366e-06,0.583676070362544,sample_7
gene_736,-6.23207190475737e-06,1,sample_7
gene_498,-9.33306052601744e-07,1,sample_7
gene_171,-1.6564312748057e-05,1,sample_7
gene_979,-5.51997759545163e-06,1,sample_7
gene_108,4.64069204527474e-07,1,sample_7
gene_128,5.72712411632517e-06,1,sample_7
gene_279,-1.75533439461728e-06,1,sample_7
gene_363,1.13705330455209e-05,1,sample_7
gene_881,2.55198555289096e-06,1,sample_7
gene_756,1.09025289985891e-06,1,sample_7
gene_59,8.0386752011888e-06,1,sample_7
gene_677,2.14319593768193e-06,1,sample_7
gene_819,-2.54605919925685e-07,1,sample_7
gene_738,9.19970853210538e-06,1,sample_7
gene_476,-1.61689984761007e-05,1,sample_7
gene_536,-3.31290121226829e-05,1,sample_7
gene_109,1.00747221267598e-06,1,sample_7
gene_726,1.28870947763075e-05,0.510197841342447,sample_7
gene_707,2.11296997861355e-05,0.449558896057493,sample_7
gene_598,4.51608075106719e-06,1,sample_7
gene_323,-7.88951637803269e-06,1,sample_7
gene_243,1.94988618033292e-05,1,sample_7
gene_575,-2.42382959751743e-06,1,sample_7
gene_21,3.74050346149747e-06,1,sample_7
gene_991,2.93216297584665e-06,1,sample_7
gene_569,1.75491173998394e-05,1,sample_7
gene_616,-4.95873464818364e-06,1,sample_7
gene_612,1.18836064007724,0.27063301698458,sample_7
gene_973,5.04042996145053e-06,1,sample_7
gene_196,8.87153460306372e-06,1,sample_7
gene_479,-5.20737585609313e-06,0.00381883074028847,sample_7
gene_400,-1.41767368588286e-05,1,sample_7
gene_691,-5.69140962251839e-07,1,sample_7
gene_705,1.89672912201212e-06,1,sample_7
gene_84,-9.72318207644007e-08,1,sample_7
gene_613,3.11811382856431e-06,1,sample_7
gene_606,-1.72127928951373e-05,0.207529742531318,sample_7
gene_254,1.48555597280889e-06,1,sample_7
gene_667,-2.3086959804709e-07,1,sample_7
gene_518,2.44954559328774e-06,0.349476502371647,sample_7
gene_204,-1.17344265463254e-05,1,sample_7
gene_634,-2.69139949262121e-06,1,sample_7
gene_280,-1.58690247486458e-06,1,sample_7
gene_306,1.44429342926713e-05,0.861158230564185,sample_7
gene_336,9.3820526379114e-05,1,sample_7
gene_357,8.72530149811599e-06,1,sample_7
gene_514,5.15913920297804e-05,1,sample_7
gene_3,0.514903344346145,1,sample_7
gene_637,3.76304022542388,4.76535842743468e-07,sample_7
gene_696,5.6746860731082e-06,1,sample_7
gene_605,1.62031469138257e-05,1,sample_7
gene_403,-1.63524141403372e-06,1,sample_7
gene_562,1.80874163029045e-06,0.55363585603983,sample_7
gene_273,1.50162444896754e-06,1,sample_7
gene_464,-1.11450842419366e-06,1,sample_7
gene_968,5.35740935155106e-06,0.239967469658149,sample_7
gene_581,2.09917978400659,0.0335919777383222,sample_7
gene_946,6.30972196751637e-06,0.309636115451686,sample_7
gene_100,1.35541641564309e-07,1,sample_7
gene_329,4.00849923265369,0.00500867706843845,sample_7
gene_366,-1.55619534615653e-06,0.628129003668156,sample_7
gene_693,-3.15392442538404e-06,0.632267354382292,sample_7
gene_252,1.43864062040836,0.0877966746530912,sample_7
gene_939,-2.6908412550343e-06,1,sample_7
gene_972,-6.31058952516884e-08,1,sample_7
gene_408,6.03255226532981,0.0025423673398884,sample_7
gene_267,-5.514124277162e-07,1,sample_7
gene_75,-2.91321321499984e-06,1,sample_7
gene_556,-6.71707167606062e-06,1,sample_7
gene_967,2.50761256994941e-06,1,sample_7
gene_960,-3.04866706120308e-06,1,sample_7
gene_553,-1.16821299703734e-06,0.819855617954489,sample_7
gene_540,3.79420309516577e-06,0.804054911305302,sample_7
gene_428,5.66559725136074e-06,1,sample_7
gene_767,1.56677858853797,0.041877374976955,sample_7
gene_459,8.09510688127653e-06,1,sample_7
gene_954,6.5033323749554e-06,1,sample_7
gene_121,-1.16473089235088e-05,1,sample_7
gene_48,-3.43868583188249e-05,1,sample_7
gene_965,1.79013904753699e-06,1,sample_7
gene_812,-2.40132227806045e-06,1,sample_7
gene_179,0.403488016063417,1,sample_7
gene_248,6.09780804537288e-06,1,sample_7
gene_167,8.9591445852661e-07,1,sample_7
gene_624,1.00356774149427e-05,0.621140939791497,sample_7
gene_467,-3.00181851853549e-07,1,sample_7
gene_290,-2.33557187820686e-06,1,sample_7
gene_516,-2.70008912262529e-06,1,sample_7
gene_22,-1.67501550939554e-06,1,sample_7
gene_435,8.73921961390821e-07,1,sample_7
gene_709,2.27050672299399e-06,1,sample_7
gene_669,1.77318256096204e-06,0.778630035591473,sample_7
gene_101,1.31514254057819e-06,0.369837464850792,sample_7
gene_763,2.7154567624427e-06,1,sample_7
gene_264,-1.18517841642348e-07,1,sample_7
gene_281,5.05048004577481,0.0213401388293505,sample_7
gene_423,-2.01544727107742e-05,0.318939899948322,sample_7
gene_998,-5.50063838655124e-07,0.540374224281151,sample_7
gene_495,-6.72005826397288e-07,1,sample_7
gene_159,5.33354782483974e-06,1,sample_7
gene_806,-1.01669620729423e-06,0.854647669757694,sample_7
gene_714,-1.37229271758327e-05,1,sample_7
gene_18,-5.06650423560285e-08,1,sample_7
gene_757,2.95500875681175e-06,1,sample_7
gene_715,-6.74003360294096e-06,0.440216307136086,sample_7
gene_206,7.74943250820816e-06,1,sample_7
gene_358,3.8737720982236,0.00936847758881607,sample_7
gene_525,3.29738612236695e-06,1,sample_7
gene_754,1.0765747285832e-05,0.385227275817365,sample_7
gene_673,2.87970780368497e-06,1,sample_7
gene_586,1.08870032805789e-05,1,sample_7
gene_345,-3.70242573657268e-06,1,sample_7
gene_855,-4.62218585708773e-07,1,sample_7
gene_310,1.31949253073977e-06,0.823762058228689,sample_7
gene_654,1.55633365935667e-06,1,sample_7
gene_149,1.3565148522305,0.141191440534092,sample_7
gene_234,2.69956762210296e-06,0.331339828247568,sample_7
gene_71,-6.29482481920725e-07,1,sample_7
gene_198,6.72122102804834e-07,1,sample_7
gene_913,-3.15141269737538e-06,0.29315501011468,sample_7
gene_156,5.12465853412547e-07,1,sample_7
gene_33,-2.14779382566522e-06,0.0647103986681945,sample_7
gene_317,-3.36690428136553e-07,1,sample_7
gene_961,-8.52920738832076e-07,0.00028986842982417,sample_7
gene_433,1.92895407426687e-06,1,sample_7
gene_395,-2.75994430190429e-06,1,sample_7
gene_481,6.58977457436872e-07,1,sample_7
gene_642,2.34911921828572e-06,1,sample_7
gene_321,-3.56262071226024e-05,1,sample_7
gene_635,1.06082300062486e-05,1,sample_7
gene_354,3.3463799839349e-07,1,sample_7
gene_831,1.45832984793792,0.0908445809401447,sample_7
gene_857,1.62224208980011e-06,1,sample_7
gene_722,-2.27819826617869e-06,0.837606506660548,sample_7
gene_282,-2.74952894808689e-06,0.945249979345413,sample_7
gene_2,2.05588892109666e-06,1,sample_7
gene_890,1.1021468837591,0.17756185920498,sample_7
gene_713,-3.68910357938319e-06,0.173657708444041,sample_7
gene_168,-1.18771820804638e-06,0.953624017837063,sample_7
gene_82,1.46656154846493,0.131588275825681,sample_7
gene_547,-2.66210170576626e-07,0.675924536142826,sample_7
gene_874,2.79942053689134,0.0137232297185937,sample_7
gene_218,-1.29462800528012e-06,0.693446066846884,sample_7
gene_486,-4.98977489277539e-07,1,sample_7
gene_917,2.74232303533882e-06,0.787600758841259,sample_7
gene_457,1.12520999760619e-05,0.834539336916919,sample_7
gene_602,-5.70775321554326e-06,1,sample_7
gene_724,-8.01511312668737e-06,1,sample_7
gene_766,4.10589228138178e-06,0.987010382807688,sample_7
gene_322,-0.000101226474442409,1,sample_7
gene_46,8.84110799241237e-07,1,sample_7
gene_920,-3.76718037593773e-06,1,sample_7
gene_172,-3.85449598020446e-06,0.384675246520777,sample_7
gene_401,-3.03148103488918e-06,1,sample_7
gene_895,3.02453714939684e-06,1,sample_7
gene_452,-3.76266223888433e-06,1,sample_7
gene_729,-7.63174505479629e-06,1,sample_7
gene_743,2.2271506879181e-05,0.863790366464536,sample_7
gene_240,-2.55610862195219e-06,1,sample_7
gene_300,7.42719268633495e-07,1,sample_7
gene_146,5.29557703632448e-06,1,sample_7
gene_730,9.99972750989894e-06,1,sample_7
gene_748,2.0791100766428e-05,0.555262399902818,sample_7
gene_293,4.81487540152409e-06,0.595014489908976,sample_7
gene_36,1.19868023115227e-05,0.181269396498321,sample_7
gene_576,1.20207927046772e-05,0.985923350371791,sample_7
gene_402,-8.28787652922738e-07,1,sample_7
gene_244,-1.9507134879087e-07,0.476004108104946,sample_7
gene_154,1.38324288882698e-06,0.48550710808806,sample_7
gene_852,5.06559595312873e-06,0.308221609286386,sample_7
gene_611,-1.66907790012993e-06,0.358808301252073,sample_7
gene_164,-5.58675515820977e-07,0.414523724855284,sample_7
gene_524,-2.09477697887342e-06,0.273383225198696,sample_7
gene_538,-1.36483032745189e-06,1,sample_7
gene_429,-3.26460117802152e-06,1,sample_7
gene_316,6.77606941967963e-06,0.260202664431729,sample_7
gene_91,-6.69996950719057e-06,0.550577802296837,sample_7
gene_902,2.03482967576081e-07,1,sample_7
gene_17,2.31846718917067e-06,0.872859630064122,sample_7
gene_593,9.91383691049635e-06,1,sample_7
gene_629,4.06153070327577e-07,1,sample_7
gene_519,1.26863562710164e-05,1,sample_7
gene_263,1.66454698329677e-06,1,sample_7
gene_493,6.83649363245274e-06,0.276307059952013,sample_7
gene_836,1.67034467190709,0.0399498726706447,sample_7
gene_892,-3.01154183970368e-06,0.0445528461601827,sample_7
gene_922,-2.4212723555073e-06,1,sample_7
gene_83,-5.10058461346534e-06,1,sample_7
gene_549,-1.43121233605719e-05,1,sample_7
gene_209,7.1968639774699e-07,1,sample_7
gene_269,-3.22038377644369e-06,1,sample_7
gene_695,-1.59378017540393e-06,0.510481377479997,sample_7
gene_406,5.31955691973765e-06,1,sample_7
gene_740,-7.21338776421136e-06,0.604171827162952,sample_7
gene_727,6.49195340403967e-06,1,sample_7
gene_1000,2.27325857213594e-05,1,sample_7
gene_140,3.51988923235247e-06,1,sample_7
gene_219,1.47429578291579,0.113720377725839,sample_7
gene_491,1.05600004117433e-05,1,sample_7
gene_262,-1.87941618438224e-06,1,sample_7
gene_564,-5.89082998225723e-07,0.350227618459008,sample_7
gene_824,-1.10362355237534e-05,1,sample_7
gene_643,-1.77505949141753e-06,0.851364893310925,sample_7
gene_120,2.97837334808384,0.00775808820586761,sample_7
gene_563,3.62971467055796e-06,1,sample_7
gene_768,-3.17902757420912e-07,1,sample_7
gene_558,-3.73949042445004e-07,0.825940169764447,sample_7
gene_512,1.10924096073876e-05,1,sample_7
gene_147,-1.59398343797013e-05,1,sample_7
gene_454,3.61311213964449e-06,1,sample_7
gene_744,2.05670826005777e-07,1,sample_7
gene_477,-3.74656921035655e-06,1,sample_7
gene_25,8.14861419267776e-06,0.142956156141372,sample_7
gene_969,-2.37440390424338e-06,1,sample_7
gene_996,1.82992692596714e-06,1,sample_7
gene_194,-4.59957460759064e-06,1,sample_7
gene_132,-3.06238768696027e-06,1,sample_7
gene_494,-7.26956734770513e-07,1,sample_7
gene_190,-4.97439591806864e-06,1,sample_7
gene_647,-8.32510504702199e-06,1,sample_7
gene_463,3.71497400597127e-06,1,sample_7
gene_222,-8.33113856938979e-06,1,sample_7
gene_492,-1.22533535133764e-05,1,sample_7
gene_656,1.32228396631104e-05,0.295758713988698,sample_7
gene_297,-3.72700628455529e-06,1,sample_7
gene_785,-1.67075745627671e-06,1,sample_7
gene_86,-6.31728714155345e-07,1,sample_7
gene_770,-5.70310634659168e-07,1,sample_7
gene_963,-5.22409731003981e-06,1,sample_7
gene_681,1.80142558175059e-06,1,sample_7
gene_362,5.39883718353556e-08,1,sample_7
gene_912,-1.10652811206672e-06,1,sample_7
gene_444,8.03583999814233e-06,1,sample_7
gene_897,-2.01859892597827e-06,1,sample_7
gene_173,1.87999156909051e-06,1,sample_7
gene_217,-1.69129377308904e-05,1,sample_7
gene_856,1.44270612312521e-07,1,sample_7
gene_679,-8.46463892121983e-06,1,sample_7
gene_257,1.85926986552902e-06,1,sample_7
gene_790,-3.57724860822398e-07,1,sample_7
gene_725,-6.36080645308648e-07,1,sample_7
gene_807,-1.41365526735257e-06,1,sample_7
gene_45,2.02140334449296e-07,1,sample_7
gene_955,2.26395300677601e-06,1,sample_7
gene_687,-2.40324307032666e-07,1,sample_7
gene_94,-7.95202606241813e-07,1,sample_7
gene_678,6.21110754052274e-08,1,sample_7
gene_490,-6.5664518848812e-07,1,sample_7
gene_719,4.46080044174478e-06,0.461537061756982,sample_7
gene_947,3.10110643513395,0.0251293611414298,sample_7
gene_202,-7.94025292669317e-07,1,sample_7
gene_142,-5.28007523012841e-07,1,sample_7
gene_188,4.60339354205894e-07,1,sample_7
gene_597,3.91201778350036e-06,0.633659825936375,sample_7
gene_721,2.10372172592285e-06,0.946675012183752,sample_7
gene_504,-1.15998926783455e-06,0.869909611625842,sample_7
gene_13,2.25192751870135e-06,0.770996560106343,sample_7
gene_682,2.57768482555631,0.00168166994818819,sample_7
gene_472,-5.19254213381093e-07,0.736282864742789,sample_7
gene_298,-3.06058489780761e-07,1,sample_7
gene_407,-8.4232269726342e-07,1,sample_7
gene_942,-9.17752846738324e-07,0.0393556021848292,sample_7
gene_795,3.20362442169782e-06,1,sample_7
gene_571,9.01927300780605e-06,1,sample_7
gene_675,-1.56530127083909e-07,1,sample_7
gene_557,4.37123638125537e-07,1,sample_7
gene_798,5.95121258758589e-07,0.620042778670809,sample_7
gene_314,1.97550930429449e-06,0.427158308724635,sample_7
gene_351,-4.63175807177891e-07,0.189071236052875,sample_7
gene_829,1.74429141138446e-06,0.602169209584058,sample_7
gene_984,-1.77208413087839e-06,1,sample_7
gene_633,4.49441415436675e-07,1,sample_7
gene_728,-4.66870022330939e-06,0.202768622666219,sample_7
gene_517,2.83564598365033e-06,1,sample_7
gene_274,1.98947936711208e-05,1,sample_7
gene_552,9.29225806400547e-06,1,sample_7
gene_341,8.23905354212548e-06,0.64185229179492,sample_7
gene_96,-1.86419212026872e-06,1,sample_7
gene_80,3.10481258589833e-06,0.318506374486072,sample_7
gene_918,-8.71719682665498e-06,1,sample_7
gene_197,-2.25333921026039e-06,1,sample_7
gene_60,-2.07000453608487e-06,1,sample_7
gene_276,-5.13562785481262e-06,1,sample_7
gene_5,1.77048811419432,0.0443628530302097,sample_7
gene_841,4.92952634179016e-06,1,sample_7
gene_822,-4.80092258982798e-06,1,sample_7
gene_475,-1.41425082969576e-05,1,sample_7
gene_775,-6.56541885715631e-06,1,sample_7
gene_278,9.03554749887454e-07,1,sample_7
gene_334,-1.99481155378696e-07,0.986357364858279,sample_7
gene_789,8.60512640165022e-07,1,sample_7
gene_686,-9.48499330516453e-08,0.804393510345273,sample_7
gene_930,-5.05870034414733e-06,1,sample_7
gene_625,-5.7951200480445e-06,0.186494632973476,sample_7
gene_152,-1.34172685095188e-05,0.819180060864167,sample_7
gene_560,6.22706972120671e-06,0.970153353368586,sample_7
gene_347,7.86875159590948e-06,1,sample_7
gene_826,-1.02281782646192e-06,1,sample_7
gene_621,5.34094151232248e-06,1,sample_7
gene_442,-4.61820984797783e-07,1,sample_7
gene_216,2.55868039989889e-06,0.671973864354186,sample_7
gene_924,9.37826289590684e-07,1,sample_7
gene_801,-3.90331297772609e-06,1,sample_7
gene_537,2.10665778066861,0.0538696711317244,sample_7
gene_478,-2.25450841326065e-07,0.715181601192535,sample_7
gene_876,-7.72935049803359e-06,1,sample_7
gene_805,4.28811205023634e-06,1,sample_7
gene_447,7.10918431220709e-06,0.130466999263993,sample_7
gene_499,9.5442012975804e-07,1,sample_7
gene_326,1.45063504747875,0.12965434165211,sample_7
gene_507,1.87470612187893e-06,1,sample_7
gene_97,1.62119743554435e-07,1,sample_7
gene_631,2.76045288851789e-06,1,sample_7
gene_782,1.19781747429373e-05,1,sample_7
gene_415,1.26537106976804e-05,1,sample_7
gene_348,-2.71835273482302e-06,1,sample_7
gene_414,8.64345198070599e-06,0.309217960067239,sample_7
gene_732,-5.4283624673976e-06,1,sample_7
gene_79,3.03617287428786e-06,0.969692531152315,sample_7
gene_868,-1.4593783409601e-06,1,sample_7
gene_143,-4.7476969910041e-06,0.563471815909938,sample_7
gene_970,-5.75624421534005e-06,1,sample_7
gene_150,-1.89716261824176e-06,1,sample_7
gene_330,1.0065031985035e-05,1,sample_7
gene_19,8.83641178887253e-06,0.4909358669704,sample_7
gene_320,1.66899452293735e-06,1,sample_7
gene_131,3.79785652217692e-06,1,sample_7
gene_107,7.12754900192387e-06,1,sample_7
gene_241,7.61118281235146e-08,1,sample_7
gene_510,-1.29122631107384e-05,1,sample_7
gene_871,-5.18976284439978e-06,1,sample_7
gene_698,6.34448700058396e-06,1,sample_7
gene_877,-7.62442682277877e-06,0.958008532686074,sample_7
gene_193,-3.53097186567947e-06,1,sample_7
gene_566,0.719304058875946,1,sample_7
gene_66,1.20460306817662e-05,1,sample_7
gene_40,2.28220129882599e-06,1,sample_7
gene_690,-1.49902935507619e-06,1,sample_7
gene_664,-2.49100769109872e-05,1,sample_7
gene_977,1.09604233070746e-05,1,sample_7
gene_89,-2.30950531211185e-06,1,sample_7
gene_578,-1.56227866066807e-06,1,sample_7
gene_177,1.19277789791329e-06,1,sample_7
gene_20,-9.68695305885216e-07,1,sample_7
gene_626,-3.09055691447357e-06,1,sample_7
gene_867,3.99911024194267e-06,1,sample_7
gene_872,-1.5271119056834e-06,1,sample_7
gene_933,-1.8426889711754e-05,1,sample_7
gene_520,-1.69742770344984e-06,1,sample_7
gene_915,7.11017142491983e-06,1,sample_7
gene_720,-4.21322939938722e-06,0.1372098864709,sample_7
gene_901,1.89987702095231e-05,1,sample_7
gene_405,-8.26393078285302e-06,1,sample_7
gene_68,6.3127314334139e-06,1,sample_7
gene_542,1.63586969295049e-06,0.475989135425365,sample_7
gene_251,-2.24109428370131e-06,1,sample_7
gene_229,-3.55560735672566e-06,1,sample_7
gene_392,8.66181157598816e-07,0.900214792274386,sample_7
gene_155,-3.70783694456092e-06,1,sample_7
gene_432,5.3217416685191e-06,0.542882456982295,sample_7
gene_716,-1.03084461401355e-06,1,sample_7
gene_590,-7.08590464614551e-06,0.000294049115132563,sample_7
gene_658,1.31089677145605e-06,1,sample_7
gene_655,-1.14135371131208e-06,0.809933727672339,sample_7
gene_439,-7.27493182392577e-07,0.403278977789402,sample_7
gene_843,2.84719843738853e-06,0.918428678109046,sample_7
gene_987,2.16017457179882e-06,1,sample_7
gene_898,4.59791290017708e-08,1,sample_7
gene_372,6.08982208867882e-06,0.430096411458562,sample_7
gene_834,-1.54018703954467e-06,1,sample_7
gene_370,4.01756070810925e-06,1,sample_7
gene_982,-3.06754027064841e-06,0.100852240564122,sample_7
gene_199,1.7425467207965e-05,1,sample_7
gene_182,1.35858973461377e-05,1,sample_7
gene_936,1.95026657196781e-07,1,sample_7
gene_410,2.47251977170523e-06,0.429626852703731,sample_7
gene_420,3.43218113514904e-05,1,sample_7
gene_827,-3.98993624196157e-06,1,sample_7
gene_746,-6.09302799008666e-06,1,sample_7
gene_158,4.13652640294811e-06,1,sample_7
gene_958,-6.37127131061022e-07,0.00258471289624913,sample_7
gene_157,-5.61944450662938e-06,0.375346536111049,sample_7
gene_338,-4.08807429493807e-06,1,sample_7
gene_185,1.83241536128523e-06,1,sample_7
gene_835,-1.9961757334208e-06,1,sample_7
gene_224,7.39666598765653e-06,1,sample_7
gene_916,-7.18072522811297e-07,0.0187136623650461,sample_7
gene_661,-1.21931074355591e-07,1,sample_7
gene_166,7.5360646234003e-07,1,sample_7
gene_848,3.1069507487563,0.0070666386719338,sample_7
gene_377,-1.22677704490906e-05,1,sample_7
gene_480,7.50284344883362e-06,1,sample_7
gene_591,1.07834495206058e-05,1,sample_7
gene_859,-2.47091641142042e-06,1,sample_7
gene_340,6.51359966973508e-06,1,sample_7
gene_309,-7.64066955816881e-07,0.679768537341007,sample_7
gene_64,4.3994406678715e-06,1,sample_7
gene_731,-4.35056627892632e-07,0.548655794905698,sample_7
gene_367,8.34517152912249e-08,1,sample_7
gene_65,1.89704280725033e-07,1,sample_7
gene_63,-4.50638177008284e-06,1,sample_7
gene_489,-7.82823405014968e-06,1,sample_7
gene_98,1.03331754502477,0.457661607681191,sample_7
gene_88,-1.28218008837978e-06,1,sample_7
gene_953,-2.49516171466456e-07,1,sample_7
gene_117,1.28967527321702,0.197058809977425,sample_7
gene_609,1.29796565534525e-05,1,sample_7
gene_854,-1.37443849952026e-06,0.670253215687368,sample_7
gene_247,1.41780695631403e-08,1,sample_7
gene_352,1.1922016234461e-05,1,sample_7
gene_521,3.76990883428848e-06,1,sample_7
gene_462,1.99408291950254e-06,1,sample_7
gene_665,-9.74956562664837e-08,1,sample_7
gene_944,7.58770535395957e-06,1,sample_7
gene_181,7.68673505885735e-06,1,sample_7
gene_773,6.80424565345617e-06,1,sample_7
gene_346,1.57911058182565e-05,1,sample_7
gene_529,1.36824412437682e-05,1,sample_7
gene_245,-7.3039546818283e-06,1,sample_7
gene_6,1.35182927748335e-05,0.23043304342922,sample_7
gene_733,-5.39274463782834e-06,0.360340457122263,sample_7
gene_239,-4.44081496687932e-07,0.547744987855464,sample_7
gene_932,-4.61911732050048e-06,1,sample_7
gene_335,7.98008369679309e-07,1,sample_7
gene_28,-9.426180779683e-07,1,sample_7
gene_515,-2.16154606270391e-06,1,sample_7
gene_630,4.44294015411788e-05,1,sample_7
gene_758,-1.11588995541262e-06,1,sample_7
gene_741,7.41002069327789e-06,1,sample_7
gene_783,-1.34357569384433e-06,1,sample_7
gene_394,4.94911908581473e-06,1,sample_7
gene_332,1.08099834373916,0.196820359750416,sample_7
gene_833,-6.58977838148456e-08,1,sample_7
gene_745,-5.68031891020644e-07,1,sample_7
gene_383,-4.57993260568768e-07,1,sample_7
gene_430,1.2524333862824e-05,1,sample_7
gene_882,3.80892900946137e-06,1,sample_7
gene_573,5.44511045899617e-06,1,sample_7
gene_779,8.05483720011963e-05,1,sample_7
gene_496,-8.52215447326863e-07,0.697359661389341,sample_7
gene_307,1.35276985631685e-05,0.681765264526486,sample_7
gene_769,-8.18238793037218e-06,0.256143329948137,sample_7
gene_437,2.03381250531445e-06,0.340896712655788,sample_7
gene_381,1.3906376661252e-06,1,sample_7
gene_78,6.22485249556856e-06,1,sample_7
gene_792,2.00877541551345e-06,1,sample_7
gene_555,-3.70145126839199e-06,1,sample_7
gene_51,0.00011217924281709,1,sample_7
gene_813,-7.89465041632657e-06,0.145640928032534,sample_7
gene_375,-2.45302054897389e-06,1,sample_7
gene_689,-3.31263375100259e-06,1,sample_7
gene_487,4.21629996913707e-06,1,sample_7
gene_44,6.32223529305681e-06,1,sample_7
gene_645,-6.70023209765308e-06,1,sample_7
gene_500,-1.00267598691909e-06,1,sample_7
gene_896,-5.88207669393339e-06,0.0888010361678031,sample_7
gene_860,7.31378519930302e-06,1,sample_7
gene_174,3.23751151019789e-06,1,sample_7
gene_528,-9.74557696851916e-07,1,sample_7
gene_886,-3.44839257126732e-07,1,sample_7
gene_668,1.14238023217584e-05,1,sample_7
gene_710,7.04297892199084e-06,1,sample_7
gene_305,-2.14846168842135e-06,1,sample_7
gene_122,-5.01725891370035e-07,1,sample_7
gene_820,-5.70118102264242e-07,1,sample_7
gene_210,-2.22211259503869e-06,1,sample_7
gene_884,-2.3231683863808e-05,1,sample_7
gene_580,-3.61133913892334e-05,1,sample_7
gene_929,6.99231881034761e-06,1,sample_7
gene_530,-6.49083834992614e-07,0.993145009181171,sample_1
gene_683,1.57871414932856,0.095745427154323,sample_1
gene_928,-1.17376147516549e-06,0.898240345115109,sample_1
gene_793,-3.1817434508706e-07,0.57816170524761,sample_1
gene_258,-3.39251063945976e-06,1,sample_1
gene_941,8.59193667622891e-06,1,sample_1
gene_92,-1.03574366500554e-06,1,sample_1
gene_809,7.55914526432833e-06,1,sample_1
gene_106,0.906447733873739,0.813639817584698,sample_1
gene_376,-7.89432138562164e-06,1,sample_1
gene_189,6.40954785647194e-06,1,sample_1
gene_386,-2.11094816826636e-06,0.481702010607789,sample_1
gene_873,-1.12725293017414e-06,0.967616552709032,sample_1
gene_52,-1.28227603058562e-07,0.848142311607383,sample_1
gene_485,1.89371527454876e-05,0.309250722309836,sample_1
gene_69,1.52089489691461e-05,0.335262176952889,sample_1
gene_910,0.99039620967851,0.517826164348323,sample_1
gene_994,5.01438675913916e-07,1,sample_1
gene_228,-2.35339378363091e-06,1,sample_1
gene_225,-3.06431275083626e-07,0.270183235268998,sample_1
gene_130,-7.07247748714863e-07,0.895038132586048,sample_1
gene_879,1.69099197193416e-06,1,sample_1
gene_657,1.46942344865995e-06,1,sample_1
gene_765,-8.13901926675652e-07,1,sample_1
gene_800,-7.22646976509522e-07,0.644960853939567,sample_1
gene_788,3.29690744974586e-07,1,sample_1
gene_706,-7.0409658738354e-06,0.0822549061275884,sample_1
gene_975,-1.66900153823135e-06,0.850263643967381,sample_1
gene_359,-1.12830052730103e-06,1,sample_1
gene_583,-7.51226785496326e-07,1,sample_1
gene_230,2.44246673582484e-07,1,sample_1
gene_839,-4.40457680281199e-07,1,sample_1
gene_523,3.95385659684252e-06,1,sample_1
gene_676,4.50037923238717,8.42329051085909e-05,sample_1
gene_506,-1.31191596183085e-07,0.726316948951154,sample_1
gene_508,-1.49872269725201e-06,1,sample_1
gene_214,-4.24247224710685e-06,0.000434515109165109,sample_1
gene_178,1.33529358098485e-05,1,sample_1
gene_327,1.55644317327218e-06,1,sample_1
gene_940,-7.48989777757843e-06,1,sample_1
gene_27,-4.55718933554191e-06,1,sample_1
gene_526,-3.69599884762485e-08,1,sample_1
gene_291,6.59167812340414e-06,1,sample_1
gene_513,7.84353129399591e-06,1,sample_1
gene_192,5.53338164796e-06,1,sample_1
gene_438,-2.30135501812987e-06,1,sample_1
gene_350,1.74675363981707e-06,1,sample_1
gene_378,1.39179617588805e-05,1,sample_1
gene_138,-4.81346534792489e-07,1,sample_1
gene_750,4.15493789537258,4.60179995041258e-06,sample_1
gene_708,3.06909802579952,0.0201436431007818,sample_1
gene_12,1.3543860001631e-05,1,sample_1
gene_47,1.61575773759652e-05,0.537744526257707,sample_1
gene_880,-2.93787203870711e-07,1,sample_1
gene_781,1.1372531120882e-06,1,sample_1
gene_451,1.42605278695097e-05,0.301445915179564,sample_1
gene_456,3.72649435013907e-06,1,sample_1
gene_764,1.75776447758047,0.0654954764065345,sample_1
gene_113,7.11399007770146e-06,0.727546840092958,sample_1
gene_133,1.00659145736225e-06,1,sample_1
gene_126,-9.47942767709318e-07,1,sample_1
gene_421,1.23091463339182,0.229216686896947,sample_1
gene_62,3.84373938023888e-07,1,sample_1
gene_810,-2.37557974481535e-07,1,sample_1
gene_175,-3.58375848530521e-06,0.285693237728587,sample_1
gene_443,-2.51738463807066e-05,1,sample_1
gene_701,-4.10386673439872e-07,1,sample_1
gene_825,-2.81721590307857e-07,1,sample_1
gene_103,-1.89775929717589e-06,1,sample_1
gene_838,1.03376020459741e-05,1,sample_1
gene_777,2.61364876228975,0.0649729044557852,sample_1
gene_38,8.24065119680041e-06,0.183124725154094,sample_1
gene_894,2.47877130510229,1.86848850136203e-05,sample_1
gene_821,-1.69965908784385e-06,0.443143281489741,sample_1
gene_324,-5.88540597251864e-06,1,sample_1
gene_875,3.85392188906621e-06,1,sample_1
gene_238,1.87445506908016,0.0638302858318587,sample_1
gene_723,2.76997485564576e-05,1,sample_1
gene_455,2.85068547520001e-06,1,sample_1
gene_670,6.76891769894239e-06,1,sample_1
gene_163,3.56110458280677,0.000544800345501268,sample_1
gene_339,2.35923485614475e-06,1,sample_1
gene_11,1.92518669891093e-06,1,sample_1
gene_522,-7.55108096312474e-07,1,sample_1
gene_255,2.4572216460879e-06,1,sample_1
gene_129,9.50086141152251e-06,0.042296158913836,sample_1
gene_286,1.18896656148445,0.229372880788409,sample_1
gene_85,-7.27994393546106e-06,1,sample_1
gene_76,1.13084464559179e-06,1,sample_1
gene_712,8.933520559399e-06,1,sample_1
gene_891,1.11285351267909,0.340063751736622,sample_1
gene_136,4.74171999191094e-06,1,sample_1
gene_384,1.70805993582648e-05,1,sample_1
gene_440,-1.85070537371302e-06,1,sample_1
gene_851,-7.52948654724548e-07,1,sample_1
gene_799,2.65633655742443e-06,1,sample_1
gene_461,1.52014078795706,0.0199440481605977,sample_1
gene_221,9.81482939109126e-06,1,sample_1
gene_141,1.20380800411307e-05,1,sample_1
gene_302,2.13506068559883e-06,1,sample_1
gene_964,1.23144664339898e-05,1,sample_1
gene_235,-9.8142491055334e-07,0.138369967192547,sample_1
gene_469,-1.32732686699841e-06,0.379006351817054,sample_1
gene_369,1.36913905784875e-05,1,sample_1
gene_784,7.89839152813468e-08,1,sample_1
gene_546,-8.62674449865606e-07,0.594933738380018,sample_1
gene_77,-3.40839766255567e-07,1,sample_1
gene_797,3.61432853974981,0.00140675960352719,sample_1
gene_211,3.43752945482652,2.47453111722323e-05,sample_1
gene_849,-5.50849048094506e-06,1,sample_1
gene_215,8.98883663034994e-06,0.204324664127897,sample_1
gene_992,3.30374888406627,2.52930647179041e-05,sample_1
gene_883,-1.16149135444346e-05,1,sample_1
gene_995,-1.5631591495753e-06,1,sample_1
gene_641,7.4258032298436e-06,1,sample_1
gene_622,-1.1506091163904e-06,1,sample_1
gene_95,2.64851250025003e-07,1,sample_1
gene_287,-7.07286092251844e-07,1,sample_1
gene_256,1.0956187716008,0.404822054731712,sample_1
gene_333,0.939241625635621,0.573199425743506,sample_1
gene_651,-1.11622101467408e-06,1,sample_1
gene_349,1.324283233123e-05,1,sample_1
gene_1,0.878107759358485,0.945833456442633,sample_1
gene_473,5.40721037749221e-06,1,sample_1
gene_680,1.14489466537279,0.325521696959532,sample_1
gene_532,2.55661656558942e-07,1,sample_1
gene_285,1.55028123264627e-06,1,sample_1
gene_365,8.76940286587347e-07,1,sample_1
gene_608,0.00023935026986585,1,sample_1
gene_615,-4.55805260668947e-06,0.670180377216615,sample_1
gene_53,1.33332919425235e-06,1,sample_1
gene_588,1.67771653524051e-06,0.947207461893493,sample_1
gene_201,2.6107455680116,0.0127096006159952,sample_1
gene_672,4.02741699502776,0.00389059611834297,sample_1
gene_265,1.5450323680035e-05,1,sample_1
gene_119,1.11430944656115e-05,0.236845724943385,sample_1
gene_908,1.40834896868021e-06,0.609996798912626,sample_1
gene_441,3.6698798162873,0.000491279553904934,sample_1
gene_275,3.07050286335524e-06,1,sample_1
gene_718,1.49475177712429e-05,0.870646154241751,sample_1
gene_943,7.36554880898493e-06,1,sample_1
gene_34,3.6359297041922e-06,1,sample_1
gene_7,4.61434200520252e-08,1,sample_1
gene_125,-1.97011700989208e-06,1,sample_1
gene_250,1.16443220791973e-05,1,sample_1
gene_842,5.99546152955276e-06,1,sample_1
gene_511,8.09611952522807e-06,1,sample_1
gene_957,6.79059571824918e-07,1,sample_1
gene_116,2.03141719950261e-06,1,sample_1
gene_888,-1.59392531059617e-06,0.0565818986926577,sample_1
gene_391,2.45027331987247e-07,1,sample_1
gene_749,-3.61809525056965e-07,0.938667165657067,sample_1
gene_704,-4.12552064200344e-07,1,sample_1
gene_137,3.74514680910528,0.000441050599306208,sample_1
gene_905,6.20480927378014e-06,0.115539417369743,sample_1
gene_81,-4.77851087573456e-07,0.504447055884626,sample_1
gene_283,5.96108446866877e-07,1,sample_1
gene_425,3.77094907138951e-06,1,sample_1
gene_938,-3.00074193960307e-06,1,sample_1
gene_737,-2.15888503689582e-06,1,sample_1
gene_666,1.2925101159047e-05,0.458112548499717,sample_1
gene_937,9.64191855442776e-06,0.207807908885991,sample_1
gene_700,-9.07695521824492e-07,1,sample_1
gene_388,-3.4003912720195e-06,1,sample_1
gene_554,-2.39289929728921e-06,0.297668469762227,sample_1
gene_533,3.58947297911765e-06,1,sample_1
gene_259,1.88935267913563e-05,1,sample_1
gene_945,0.693522520959152,1,sample_1
gene_231,8.682851679549e-07,1,sample_1
gene_711,-1.26925300797611e-07,1,sample_1
gene_72,1.33243958424907e-07,1,sample_1
gene_39,1.647657594063e-05,1,sample_1
gene_90,4.215360705823e-06,1,sample_1
gene_535,5.73392595814161e-06,1,sample_1
gene_337,3.93402319229808e-06,1,sample_1
gene_118,3.62719081462331e-05,1,sample_1
gene_356,2.4402826106755e-06,1,sample_1
gene_23,-2.19910967705003e-06,1,sample_1
gene_599,-3.39228563073851e-05,1,sample_1
gene_935,3.85297082932201e-07,1,sample_1
gene_911,-1.58426685075851e-06,1,sample_1
gene_885,-9.0598935493944e-07,0.0177602855356631,sample_1
gene_570,-1.52900436639318e-06,1,sample_1
gene_956,-2.58417306019409e-07,0.294595024419192,sample_1
gene_318,1.32957422541072e-06,1,sample_1
gene_70,2.66969003142404e-06,1,sample_1
gene_170,-1.0871209605503e-05,1,sample_1
gene_417,-1.15834849609204e-05,1,sample_1
gene_921,-2.48309810285004e-06,1,sample_1
gene_864,9.06940681841943e-06,0.785587001179291,sample_1
gene_703,1.2798667222382e-05,1,sample_1
gene_471,0.763459059102724,1,sample_1
gene_585,-8.03244335156917e-07,1,sample_1
gene_832,-2.275173813293e-07,1,sample_1
gene_404,1.91231689848466e-06,1,sample_1
gene_850,5.94947837915957e-06,1,sample_1
gene_559,1.06718368883699e-07,1,sample_1
gene_364,7.41879538334639e-05,1,sample_1
gene_846,2.32761379126277e-06,1,sample_1
gene_148,-2.57336567618921e-07,1,sample_1
gene_139,4.65408150137189e-06,1,sample_1
gene_592,-1.48645841811853e-06,1,sample_1
gene_853,6.24110154274243e-07,1,sample_1
gene_32,-1.81659713714922e-06,0.445897551927191,sample_1
gene_169,8.98256928568348e-06,1,sample_1
gene_186,1.19117019254234e-05,1,sample_1
gene_115,7.70692750156701e-06,1,sample_1
gene_966,1.92841297178887,0.000631055027532844,sample_1
gene_509,8.13724536229722e-06,1,sample_1
gene_650,0.539146963589412,1,sample_1
gene_699,1.62072022035183,0.0101563585955994,sample_1
gene_539,8.70742874616786e-06,1,sample_1
gene_294,-1.914300803349e-06,1,sample_1
gene_503,3.49637792726965e-06,1,sample_1
gene_448,1.40931401603107,0.106988107033457,sample_1
gene_419,-1.19437860400095e-06,1,sample_1
gene_9,-4.12555048146543e-06,1,sample_1
gene_246,1.44126011390111,0.0518883448358694,sample_1
gene_482,4.31653060468722e-06,1,sample_1
gene_191,1.3753760357145e-05,1,sample_1
gene_180,8.24978095446272e-06,1,sample_1
gene_640,4.39876573196718e-06,1,sample_1
gene_413,-3.00886020535763e-07,1,sample_1
gene_607,9.11612858215369e-07,1,sample_1
gene_817,-2.00017928941884e-06,1,sample_1
gene_925,7.64944849483844e-06,1,sample_1
gene_919,1.09857492166247e-06,1,sample_1
gene_568,1.38274419049847,0.107731906265368,sample_1
gene_614,-9.87762436181264e-08,1,sample_1
gene_296,-4.50781329960562e-07,1,sample_1
gene_550,1.55824956023282e-06,1,sample_1
gene_468,-1.68261098223684e-06,0.625506941639575,sample_1
gene_786,1.0640575516016e-06,1,sample_1
gene_277,-1.9351105541344e-06,1,sample_1
gene_830,-2.5078278915068e-06,1,sample_1
gene_271,-1.88454582628845e-06,0.140671051157727,sample_1
gene_923,-1.71811786879392e-06,1,sample_1
gene_208,1.55941860208759,0.0392552431050656,sample_1
gene_328,-1.05790933175525e-07,1,sample_1
gene_900,8.1107740936425e-06,0.725592967493332,sample_1
gene_50,6.27653157615086e-06,1,sample_1
gene_153,4.97559014336235e-06,1,sample_1
gene_203,8.61828977789654e-07,1,sample_1
gene_41,2.55206735376968,0.033796103731672,sample_1
gene_312,5.25594635317508e-06,0.95861180322263,sample_1
gene_450,-1.08823498095982e-07,1,sample_1
gene_266,8.81095863473716e-06,0.107807517373034,sample_1
gene_87,4.19004481726728e-06,0.278892668933425,sample_1
gene_978,1.3330299827564e-05,1,sample_1
gene_907,2.8431080930754e-06,1,sample_1
gene_58,7.35130099361005e-06,0.073660188588287,sample_1
gene_30,2.18749291195391,0.0138048201531289,sample_1
gene_37,3.88592427348445e-06,1,sample_1
gene_971,-4.57360884161808e-06,1,sample_1
gene_24,-3.4268391675496e-06,0.946161401199067,sample_1
gene_427,-4.40849532459262e-07,0.139734346760274,sample_1
gene_649,-4.89386579749991e-06,0.0220537854494735,sample_1
gene_396,-5.00222825607397e-07,1,sample_1
gene_374,-9.68209620768827e-08,1,sample_1
gene_61,8.40375969187245e-06,1,sample_1
gene_534,8.58925815026296e-05,1,sample_1
gene_951,1.43300726824335,0.126848149722456,sample_1
gene_460,0.800926453451933,1,sample_1
gene_717,-2.36618404402179e-06,1,sample_1
gene_653,-3.14530311700438e-07,1,sample_1
gene_361,5.01349762119458e-06,1,sample_1
gene_815,7.24951064376747e-06,1,sample_1
gene_14,1.24179997293802e-06,1,sample_1
gene_600,3.75480767653314e-06,1,sample_1
gene_371,-1.12601928527471e-06,0.572762083736246,sample_1
gene_531,5.05633878980076e-07,1,sample_1
gene_999,7.23001031356528e-07,1,sample_1
gene_497,-3.08081763379841e-06,1,sample_1
gene_434,9.78734035523017e-06,1,sample_1
gene_304,1.40850914130423e-06,1,sample_1
gene_134,8.60430677688574e-07,1,sample_1
gene_778,-1.30671180344762e-06,1,sample_1
gene_232,5.24445294429621e-06,1,sample_1
gene_289,-4.41853640460514e-06,1,sample_1
gene_387,-1.70429718621661e-05,0.679373351486933,sample_1
gene_791,8.76902373038051e-07,1,sample_1
gene_702,-6.73127303432286e-07,0.464650816521169,sample_1
gene_135,-2.40533805765132e-07,1,sample_1
gene_662,2.11758047950413e-06,1,sample_1
gene_488,1.03305838233621e-05,1,sample_1
gene_543,2.69606025629202,0.0368946702362999,sample_1
gene_10,6.64995371969777e-06,0.264232542383141,sample_1
gene_986,1.97061133732049,0.0527922741291536,sample_1
gene_411,1.10346537085066e-06,1,sample_1
gene_993,9.21923370467706e-07,1,sample_1
gene_29,5.31820193764857e-06,0.464681166691203,sample_1
gene_161,-8.01421944204891e-05,1,sample_1
gene_67,-1.91376062741713e-05,0.770717565704987,sample_1
gene_416,-4.20595198635518e-08,1,sample_1
gene_26,-8.7725098948744e-07,1,sample_1
gene_35,9.31020805587487e-06,1,sample_1
gene_659,5.71680644434717e-07,1,sample_1
gene_684,-3.51373598038887e-06,1,sample_1
gene_311,2.42046375654496e-06,1,sample_1
gene_195,2.23315759928961e-06,1,sample_1
gene_589,1.30998001582946e-05,0.401858059431145,sample_1
gene_974,8.37073989002828e-06,0.277008622148739,sample_1
gene_453,1.98292449522247,0.00690544637637276,sample_1
gene_582,-2.23613296009513e-06,0.553657637448706,sample_1
gene_617,-1.05432157840269e-06,0.503868967555917,sample_1
gene_804,-7.7474522308361e-07,0.619305593194763,sample_1
gene_102,-4.09399440378654e-08,1,sample_1
gene_15,-4.33313913953132e-07,0.653279572988637,sample_1
gene_780,-9.77524613900577e-07,0.503168229898191,sample_1
gene_794,3.89261594734011e-06,0.305633523302799,sample_1
gene_207,-2.59429648317013e-06,0.579049022004574,sample_1
gene_811,-3.06640389794198e-07,1,sample_1
gene_236,3.37372762921864e-06,0.368454740955293,sample_1
gene_671,-5.01710967451058e-07,0.884112107026052,sample_1
gene_544,1.98178697782965e-06,0.442538264477497,sample_1
gene_315,3.10491684549759,0.0130159195842005,sample_1
gene_227,-1.63530443054606e-06,0.742216925194481,sample_1
gene_295,-1.31340688444959e-06,1,sample_1
gene_685,-6.31391529626013e-06,0.103888931311151,sample_1
gene_483,2.73823388788638e-06,1,sample_1
gene_424,6.56671218387031e-06,1,sample_1
gene_301,9.56045701573571e-07,1,sample_1
gene_249,-1.25815078497036e-06,1,sample_1
gene_548,6.58742257116798e-07,1,sample_1
gene_688,-9.03754177982079e-08,1,sample_1
gene_74,7.86090602750464e-06,0.525415914232677,sample_1
gene_445,3.61203205999772e-06,0.32303974421415,sample_1
gene_412,4.6198819883681,0.000666658971006395,sample_1
gene_145,1.25786283117091e-05,1,sample_1
gene_774,-1.35537719715395e-07,1,sample_1
gene_823,4.3640015891088e-07,1,sample_1
gene_694,1.61942496000011,0.0454266758808885,sample_1
gene_906,1.44967498059354,0.0947192918769574,sample_1
gene_56,7.85122176737248e-06,0.979603281804347,sample_1
gene_162,-3.94427980038198e-07,0.780137623425003,sample_1
gene_176,1.01297392142509e-07,1,sample_1
gene_565,5.20215791198005e-06,1,sample_1
gene_914,-2.75681602001732e-06,1,sample_1
gene_865,6.55608171953911e-06,1,sample_1
gene_926,5.34441650353703e-06,1,sample_1
gene_398,8.75633595373678e-06,1,sample_1
gene_840,1.02197359582391e-05,1,sample_1
gene_418,1.69053278043668,0.00277777708034383,sample_1
gene_796,-1.31827637505574e-05,1,sample_1
gene_409,2.3131938669455e-06,1,sample_1
gene_803,3.82364445015452e-05,1,sample_1
gene_909,-5.41017748403249e-06,1,sample_1
gene_899,4.65430490957247e-07,1,sample_1
gene_502,7.21572666009503e-07,1,sample_1
gene_985,7.95188942018505e-05,1,sample_1
gene_160,-8.25550271822639e-07,0.817448256503696,sample_1
gene_308,-1.08062101098789e-07,1,sample_1
gene_390,2.72145140461981,0.0215191281682836,sample_1
gene_952,4.03618339013778e-06,1,sample_1
gene_260,2.11078190131735e-08,0.486122427794096,sample_1
gene_54,-8.82715799489809e-08,1,sample_1
gene_663,2.44652662434952,0.0066589035734068,sample_1
gene_959,2.81223177102309,2.56487005385678e-07,sample_1
gene_931,2.21965389757021,0.0517258745959112,sample_1
gene_648,2.14287842224669,0.0291321488572224,sample_1
gene_660,-7.94424654195147e-07,0.868266614029352,sample_1
gene_596,9.70299656297182e-06,1,sample_1
gene_739,2.35413452900386e-07,1,sample_1
gene_187,3.46659151047501e-06,0.79908500031196,sample_1
gene_313,1.60569015000287e-06,0.491633859389522,sample_1
gene_541,3.87375289016647,0.00563406984844467,sample_1
gene_422,1.64511603168793e-07,0.913474901993732,sample_1
gene_577,2.26294066391068e-06,0.237145391631986,sample_1
gene_772,2.20629726607372,0.0616823051829183,sample_1
gene_353,-1.42790759841813e-07,0.978078047885475,sample_1
gene_639,2.75920593019617e-07,0.845805914235358,sample_1
gene_331,1.89831797513491e-06,0.307620250496859,sample_1
gene_646,2.63282361062275e-06,0.209845354135988,sample_1
gene_342,-1.68650150889391e-08,1,sample_1
gene_16,2.89462512533875e-06,0.611581729641453,sample_1
gene_776,2.45962443744059,0.0670469755763794,sample_1
gene_845,3.6131039096994,0.00376466564452494,sample_1
gene_200,3.58150268898101e-06,0.638436085420856,sample_1
gene_184,8.90772511724523e-07,0.465344835322418,sample_1
gene_755,3.24762449081549e-06,0.224942935523673,sample_1
gene_466,3.05858628420182e-06,0.325332586178541,sample_1
gene_299,1.64887155194939e-07,0.9239191991967,sample_1
gene_379,4.46176265033895,3.77877007997763e-07,sample_1
gene_355,3.06340043177504,0.0170513814909751,sample_1
gene_762,6.50225361691398e-07,0.685829608574137,sample_1
gene_584,2.89599866356004e-06,0.223414257003038,sample_1
gene_572,3.78082119701713e-06,0.150276276284362,sample_1
gene_595,1.99199295732199e-06,0.484048484591523,sample_1
gene_610,2.31696998501585e-07,0.870178670947014,sample_1
gene_484,-2.35765921824253e-09,1,sample_1
gene_869,3.22524819811367e-06,0.255445512597389,sample_1
gene_458,2.07226141568085,0.0265562107039682,sample_1
gene_753,-1.36381622499302e-05,1,sample_1
gene_4,9.84317183058439e-06,0.64421294941838,sample_1
gene_253,0.859714680573645,1,sample_1
gene_144,-6.15617509068942e-06,1,sample_1
gene_561,-5.87196227496994e-06,1,sample_1
gene_742,-1.07604250325148e-05,1,sample_1
gene_636,-2.26677898693366e-05,0.734296702464382,sample_1
gene_989,-3.46134730631458e-06,1,sample_1
gene_501,4.96386402601847e-06,1,sample_1
gene_863,-2.13610112739989e-07,1,sample_1
gene_449,4.89108115251238e-06,1,sample_1
gene_288,-1.22545882511977e-06,1,sample_1
gene_99,-2.3655968540381e-06,0.108909990409718,sample_1
gene_761,-1.3266895805165e-06,1,sample_1
gene_844,-9.9939927484417e-07,1,sample_1
gene_57,-7.70343166100717e-08,1,sample_1
gene_114,9.31606342217991e-06,0.302485722971001,sample_1
gene_111,-1.43441468505787e-06,1,sample_1
gene_816,1.97349427933723,0.0508908864529897,sample_1
gene_233,3.90233957071752e-06,0.628969126662463,sample_1
gene_870,5.63717698080866e-06,1,sample_1
gene_124,1.28629280411221e-06,1,sample_1
gene_104,1.09280558840232e-06,1,sample_1
gene_618,-2.48549660080954e-07,0.0203041547586436,sample_1
gene_587,-3.61053544153602e-07,0.457190361862198,sample_1
gene_990,1.66465808997636e-05,1,sample_1
gene_373,0.662071159852881,1,sample_1
gene_861,1.68962349132458,0.0819831061276891,sample_1
gene_697,1.07833297504014e-05,1,sample_1
gene_213,0.888367450108383,0.781446194231127,sample_1
gene_735,-1.6853495344655e-07,1,sample_1
gene_981,-2.52707828650318e-07,1,sample_1
gene_93,5.62471450767593e-07,1,sample_1
gene_950,5.78503335561127e-06,1,sample_1
gene_465,1.45734946706609e-05,1,sample_1
gene_212,4.30326215461509e-06,1,sample_1
gene_237,7.97229792667767e-06,1,sample_1
gene_49,1.78930320886045,0.104725139126871,sample_1
gene_183,-6.00240444687399e-07,0.162612588646263,sample_1
gene_759,-1.30576903779452e-07,0.502646541052449,sample_1
gene_344,4.06798351617605e-06,1,sample_1
gene_887,4.88203683127266e-06,1,sample_1
gene_644,2.4424141474497e-06,1,sample_1
gene_828,-4.27853237135982e-07,1,sample_1
gene_862,-7.68366197563276e-07,1,sample_1
gene_752,4.04512468663644e-06,0.57469726128878,sample_1
gene_638,2.55215459462837e-05,0.674375742608938,sample_1
gene_220,8.45401522628928e-07,1,sample_1
gene_303,2.36458082579179e-06,0.482461596303594,sample_1
gene_787,-7.76995674102433e-07,0.405371274575354,sample_1
gene_760,5.92431211198765e-07,1,sample_1
gene_272,-1.08088388357257e-06,0.674894889504457,sample_1
gene_43,-3.3199828261454e-07,1,sample_1
gene_603,-5.02545873404669e-07,1,sample_1
gene_567,-5.59518295772442e-06,1,sample_1
gene_893,-3.2336958467426e-08,1,sample_1
gene_627,-3.10888363556806e-07,1,sample_1
gene_270,-2.5710694382992e-07,1,sample_1
gene_997,-7.94007635938763e-07,0.577075408376707,sample_1
gene_165,-2.15842505238743e-07,0.999616650800672,sample_1
gene_962,-2.62874450884456e-07,1,sample_1
gene_112,1.23765003433753e-05,0.958322564266868,sample_1
gene_889,1.60798272509511e-05,0.659588544556775,sample_1
gene_73,-6.88799646085752e-06,1,sample_1
gene_393,-2.59103175664028e-06,1,sample_1
gene_692,-7.40057038952021e-09,1,sample_1
gene_123,-1.02190936883396e-06,1,sample_1
gene_837,6.50215137116709e-06,1,sample_1
gene_976,3.96005861650003e-06,1,sample_1
gene_623,-4.51718837898702e-07,1,sample_1
gene_127,-1.04904020422309e-06,1,sample_1
gene_927,-4.87694097309889e-07,1,sample_1
gene_105,1.25154183239754e-06,1,sample_1
gene_734,-8.13232866984947e-07,1,sample_1
gene_426,-4.43453193862299e-05,1,sample_1
gene_601,-9.58390389062953e-07,1,sample_1
gene_8,3.9911541649298e-06,1,sample_1
gene_847,-8.75498299633662e-07,1,sample_1
gene_594,1.26071400517233e-07,1,sample_1
gene_474,-1.66222094187835e-06,0.00872947512412296,sample_1
gene_325,5.68819549364505e-06,1,sample_1
gene_620,4.0669803945501e-06,1,sample_1
gene_632,1.73257799436838e-06,1,sample_1
gene_866,-6.94730902642782e-07,1,sample_1
gene_551,-6.7242767836709e-07,1,sample_1
gene_31,-2.27337394545723e-05,1,sample_1
gene_527,2.11653973907328e-05,1,sample_1
gene_110,-6.57317274164374e-07,0.440725690765032,sample_1
gene_470,-4.25206548423968e-07,0.0226242359401586,sample_1
gene_988,7.82437144177875e-06,1,sample_1
gene_399,-2.29335800600107e-07,1,sample_1
gene_389,-7.89236550060377e-07,1,sample_1
gene_619,-2.04767151328499e-07,0.249555410900199,sample_1
gene_747,-1.73547174856762e-06,1,sample_1
gene_368,-2.33439674565233e-06,1,sample_1
gene_808,1.16121153633786e-06,1,sample_1
gene_858,0.668485535170011,1,sample_1
gene_934,6.90084629997057e-07,1,sample_1
gene_242,1.73455544753692e-05,0.717327253832806,sample_1
gene_949,-4.76653973844021e-07,0.287742171319981,sample_1
gene_397,7.87617770073394e-07,0.905129458873386,sample_1
gene_652,3.12319204475349,0.0329655676863175,sample_1
gene_292,-3.24053616367233e-06,0.139795235081288,sample_1
gene_579,9.10323276449963e-07,1,sample_1
gene_980,-7.86076245815978e-07,0.742116326267337,sample_1
gene_226,2.5566248043677e-06,1,sample_1
gene_55,-1.7552307275074e-06,0.173563084229686,sample_1
gene_903,4.06184683899615e-06,0.587690477874971,sample_1
gene_545,1.75650360184033,0.0340562228918764,sample_1
gene_574,-3.61972698939122e-07,1,sample_1
gene_431,-1.67077968292959e-07,1,sample_1
gene_983,-5.95065573287521e-07,0.00193273648352965,sample_1
gene_382,-5.66897262058147e-07,1,sample_1
gene_814,1.70844968067453e-06,1,sample_1
gene_878,-1.41437783854886e-06,1,sample_1
gene_42,-7.63424981576988e-08,0.66407722509603,sample_1
gene_628,4.186295753478e-06,0.692410717695372,sample_1
gene_319,-1.65307191108032e-06,0.950557383024954,sample_1
gene_268,-9.07996388623826e-07,1,sample_1
gene_751,4.23065603219841e-08,1,sample_1
gene_505,-6.39644956010677e-06,1,sample_1
gene_151,-1.04029912816678e-06,1,sample_1
gene_205,-1.59338994290883e-06,1,sample_1
gene_223,1.26041602335028e-06,1,sample_1
gene_674,-1.77839768072407e-06,1,sample_1
gene_948,6.37855477797305e-06,0.958051108665656,sample_1
gene_385,-7.59369041628024e-07,1,sample_1
gene_380,4.82107982323042e-06,1,sample_1
gene_802,2.14838097328676e-05,1,sample_1
gene_604,-2.94936948894378e-06,1.33646704839113e-05,sample_1
gene_261,-4.50890130499227e-06,1,sample_1
gene_446,6.11089924047972e-06,1,sample_1
gene_771,3.12854783550034e-07,1,sample_1
gene_360,2.04058212637922,0.0260496050322023,sample_1
gene_736,7.52927285115749e-06,1,sample_1
gene_498,1.43028307387258,0.0792700804446452,sample_1
gene_171,4.50505770238229e-06,1,sample_1
gene_979,-1.91716175079137e-06,1,sample_1
gene_108,6.32773375621258e-06,1,sample_1
gene_128,1.45801569186373e-07,1,sample_1
gene_279,-5.04499984845138e-08,1,sample_1
gene_363,-9.18405813224882e-07,1,sample_1
gene_881,5.14717767504914e-06,1,sample_1
gene_756,-3.75980473994105e-06,1,sample_1
gene_59,1.7007973576651e-05,0.859934629507131,sample_1
gene_677,9.30995156677442e-06,1,sample_1
gene_819,5.60493547719382e-06,1,sample_1
gene_738,1.61305743568494e-05,1,sample_1
gene_476,-3.17260659700884e-06,1,sample_1
gene_536,1.44746418057774e-06,1,sample_1
gene_109,-3.02077963121899e-06,1,sample_1
gene_726,1.44336737045598e-05,0.367688897083141,sample_1
gene_707,6.76223323370462e-06,1,sample_1
gene_598,8.233995392898e-06,1,sample_1
gene_323,4.03135896302645e-06,1,sample_1
gene_243,7.59153986749879e-06,1,sample_1
gene_575,7.63414884998667e-06,1,sample_1
gene_21,-2.68238111939008e-06,1,sample_1
gene_991,1.42412012339685e-05,1,sample_1
gene_569,0.685767863762332,1,sample_1
gene_616,6.8596963401886e-07,1,sample_1
gene_612,8.11467239267503e-06,1,sample_1
gene_973,-5.04256954689981e-06,1,sample_1
gene_196,-2.34111389103736e-10,1,sample_1
gene_479,-3.56826374607103e-06,0.720005668039973,sample_1
gene_400,1.70850958467751e-06,1,sample_1
gene_691,6.81127796328857e-05,1,sample_1
gene_705,1.26228888594527e-06,1,sample_1
gene_84,-1.24205974008393e-07,0.979791910351063,sample_1
gene_613,4.69481923862892e-06,1,sample_1
gene_606,-1.13928967540958e-06,1,sample_1
gene_254,-3.95100855253336e-07,1,sample_1
gene_667,-4.38321264780068e-07,0.361526209901304,sample_1
gene_518,1.42291858022224e-06,1,sample_1
gene_204,3.3141058913821e-06,1,sample_1
gene_634,-3.06762774291183e-06,1,sample_1
gene_280,3.35375162769461e-06,1,sample_1
gene_306,1.55218751976938,0.0415015015639826,sample_1
gene_336,-2.98547260359672e-06,1,sample_1
gene_357,1.39249916501e-05,1,sample_1
gene_514,2.50438465559443e-07,1,sample_1
gene_3,0.898195511119363,0.847837959569257,sample_1
gene_637,4.4857665452733e-06,0.424558659388317,sample_1
gene_696,-2.27150905310906e-06,1,sample_1
gene_605,1.74364176250801e-05,1,sample_1
gene_403,9.30439585819894e-08,1,sample_1
gene_562,2.48197435188408e-06,0.403425090746264,sample_1
gene_273,3.63164144186055e-07,1,sample_1
gene_464,1.73593507665313e-07,1,sample_1
gene_968,3.80710707156361e-06,0.434596299730689,sample_1
gene_581,5.73064298865071e-06,0.434328142974251,sample_1
gene_946,-1.03949100751569e-07,1,sample_1
gene_100,-1.10153074840137e-06,1,sample_1
gene_329,7.71650462775025e-06,0.0643814063732897,sample_1
gene_366,-1.28649768595742e-06,0.98347777630349,sample_1
gene_693,-4.18132078008168e-07,1,sample_1
gene_252,1.7307937121898,0.0148933368037971,sample_1
gene_939,2.48698420805684e-06,1,sample_1
gene_972,-7.99630425736441e-08,1,sample_1
gene_408,-1.87296548942133e-07,0.898382264035769,sample_1
gene_267,1.02644098326386e-05,1,sample_1
gene_75,1.44330429282258e-05,1,sample_1
gene_556,-9.69799440768822e-08,1,sample_1
gene_967,1.05611016214089,0.508706963060749,sample_1
gene_960,-2.15789883734943e-06,1,sample_1
gene_553,-2.86837023340106e-06,0.347869791939022,sample_1
gene_540,-9.07450552582911e-07,1,sample_1
gene_428,4.824314744787e-06,1,sample_1
gene_767,1.29769439173695e-05,0.856918761884608,sample_1
gene_459,-1.63966313429476e-06,1,sample_1
gene_954,-7.44804374602776e-06,1,sample_1
gene_121,-9.9330835706925e-07,1,sample_1
gene_48,5.85422818363735e-07,1,sample_1
gene_965,1.07440469384031e-06,1,sample_1
gene_812,1.52025799393581e-05,0.985154249959663,sample_1
gene_179,9.8166578022976e-06,1,sample_1
gene_248,3.29173394879885e-06,1,sample_1
gene_167,9.61229547357834e-08,1,sample_1
gene_624,1.0141539181725e-05,0.607803258762899,sample_1
gene_467,-2.03010740503336e-06,0.668424684954832,sample_1
gene_290,-4.8066422064046e-07,1,sample_1
gene_516,-9.19003083001465e-07,1,sample_1
gene_22,-5.80514928734161e-07,1,sample_1
gene_435,-4.85870310492236e-07,1,sample_1
gene_709,5.30007985626032e-06,1,sample_1
gene_669,4.27979409926399e-06,0.272421096389908,sample_1
gene_101,1.22778508334842e-07,0.926406772241824,sample_1
gene_763,3.62604252098294e-06,1,sample_1
gene_264,-1.25900850903111e-06,1,sample_1
gene_281,-1.45551512799483e-07,0.868423662754317,sample_1
gene_423,-1.07877198815288e-06,1,sample_1
gene_998,-7.65165607659272e-08,1,sample_1
gene_495,-8.33706946871809e-06,1,sample_1
gene_159,1.50036643970415e-05,1,sample_1
gene_806,-5.70998219810066e-07,1,sample_1
gene_714,-9.26095225933782e-06,1,sample_1
gene_18,-1.74870831871704e-06,1,sample_1
gene_757,-2.03494955693177e-06,1,sample_1
gene_715,-3.71535998114971e-07,1,sample_1
gene_206,1.30732304130807,0.168615559324146,sample_1
gene_358,-5.27862535478847e-07,0.170307804122085,sample_1
gene_525,7.25897794918865e-07,1,sample_1
gene_754,3.99838709616115e-06,1,sample_1
gene_673,1.5911474423081e-05,0.775919397174473,sample_1
gene_586,6.97882692793573e-06,1,sample_1
gene_345,4.83884533295529e-06,1,sample_1
gene_855,-1.06579358688233e-07,1,sample_1
gene_310,3.59387521698104,0.00876868003656907,sample_1
gene_654,-1.38410148261413e-06,1,sample_1
gene_149,1.39758741601464,0.111347642604013,sample_1
gene_234,5.20936861547535e-07,1,sample_1
gene_71,-1.18135910939285e-05,1,sample_1
gene_198,9.95499187018304e-06,0.211683054912459,sample_1
gene_913,-1.53224087940652e-06,1,sample_1
gene_156,-3.55317219970986e-07,1,sample_1
gene_33,-5.57213538072654e-07,1,sample_1
gene_317,5.14342307126288e-06,1,sample_1
gene_961,-1.4078711065476e-07,1,sample_1
gene_433,3.76129421616625e-06,1,sample_1
gene_395,-8.488307704835e-06,1,sample_1
gene_481,-6.19313449318895e-06,1,sample_1
gene_642,1.54298220878332e-05,1,sample_1
gene_321,-2.56586701476343e-06,0.00850240412252522,sample_1
gene_635,1.16847520738208e-06,1,sample_1
gene_354,-4.2212966075701e-06,1,sample_1
gene_831,7.77728788111633e-06,1,sample_1
gene_857,3.77107416989506e-06,1,sample_1
gene_722,-9.06560703653602e-07,1,sample_1
gene_282,-2.87210094465221e-06,0.854518348339911,sample_1
gene_2,6.84040212907353e-08,1,sample_1
gene_890,6.74079764640227e-06,0.546200988244151,sample_1
gene_713,-3.84796709819344e-06,0.100796895407128,sample_1
gene_168,-1.32880119312853e-06,0.771563608995563,sample_1
gene_82,4.54318286887351e-06,1,sample_1
gene_547,-3.32111211499863e-07,0.510384745959862,sample_1
gene_874,3.5197877958475,0.00175802563455938,sample_1
gene_218,-7.64454098487055e-07,1,sample_1
gene_486,1.9799605917005e-06,0.984756698709513,sample_1
gene_917,2.01218435989073e-06,1,sample_1
gene_457,4.10914140983359e-07,1,sample_1
gene_602,5.71156851890718e-06,1,sample_1
gene_724,6.21833367373212e-07,1,sample_1
gene_766,-5.02969225713212e-07,1,sample_1
gene_322,-1.44507437761748e-06,1,sample_1
gene_46,3.46859345128436e-06,1,sample_1
gene_920,-2.24213600696521e-06,1,sample_1
gene_172,-2.90881553819101e-06,1,sample_1
gene_401,2.24119181094498e-06,1,sample_1
gene_895,4.1046274500955e-06,1,sample_1
gene_452,6.62936959709051e-06,1,sample_1
gene_729,8.03247830184395e-06,1,sample_1
gene_743,1.04173351157122e-05,1,sample_1
gene_240,5.05532464571905e-06,1,sample_1
gene_300,2.47706062210409e-07,1,sample_1
gene_146,-4.79371334063888e-07,1,sample_1
gene_730,9.77661879912238e-06,1,sample_1
gene_748,7.4683209391973e-07,1,sample_1
gene_293,1.20441866316788e-06,1,sample_1
gene_36,2.21417764275651e-06,1,sample_1
gene_576,1.43402629211057,0.0894793975797398,sample_1
gene_402,1.07751501005118e-06,1,sample_1
gene_244,-1.36911792341662e-07,0.854851595090875,sample_1
gene_154,-2.1606995626305e-08,1,sample_1
gene_852,-1.04778113331637e-06,0.968664803831391,sample_1
gene_611,-1.72156722968279e-06,0.290832908205117,sample_1
gene_164,-6.39122809319886e-07,0.109313650388777,sample_1
gene_524,-2.3332633426368e-06,0.0407022893134966,sample_1
gene_538,-2.27037899234604e-06,0.360986390685408,sample_1
gene_429,6.95573341410826e-07,1,sample_1
gene_316,2.65324087408173e-06,1,sample_1
gene_91,2.24335434072148,0.000143059393040454,sample_1
gene_902,1.20951305921241e-06,1,sample_1
gene_17,3.97562611468017e-07,1,sample_1
gene_593,1.72751144791535e-05,1,sample_1
gene_629,-3.59050094371917e-06,1,sample_1
gene_519,1.21158499092092e-05,1,sample_1
gene_263,-4.08622194616008e-06,1,sample_1
gene_493,2.30164566098295e-06,1,sample_1
gene_836,1.35879771341824,0.155508063448145,sample_1
gene_892,-2.01824632896102e-06,0.877420579549872,sample_1
gene_922,5.14589376491385e-07,1,sample_1
gene_83,-0.000297392936956435,0.395722683795034,sample_1
gene_549,1.69055555137512e-06,1,sample_1
gene_209,1.88056171250328e-06,0.68588805228197,sample_1
gene_269,5.68041322523244e-06,1,sample_1
gene_695,-5.41541502656439e-06,0.0859738374595412,sample_1
gene_406,3.14382429542441e-06,1,sample_1
gene_740,4.28036260152112e-05,1,sample_1
gene_727,2.40020884859798,0.000569255249014496,sample_1
gene_1000,1.78368403921115e-05,1,sample_1
gene_140,4.29712022846164e-06,1,sample_1
gene_219,6.00393273887986e-06,1,sample_1
gene_491,3.12039290680111e-06,1,sample_1
gene_262,-1.33868745527189e-06,1,sample_1
gene_564,-2.85477658517805e-07,1,sample_1
gene_824,1.02060425846876,0.614376064983967,sample_1
gene_643,-7.70431036635042e-07,1,sample_1
gene_120,3.36701142162847,0.00245725245168575,sample_1
gene_563,1.9380369601146,0.0112797982327245,sample_1
gene_768,-6.62263966140712e-06,0.976367134801293,sample_1
gene_558,-2.87690504103691e-07,1,sample_1
gene_512,1.34325325883256e-05,1,sample_1
gene_147,-4.78278975044125e-06,1,sample_1
gene_454,5.64841584601094e-05,1,sample_1
gene_744,5.12554837206843e-06,1,sample_1
gene_477,-1.25692095814255e-07,1,sample_1
gene_25,2.63920818373044,0.00731732621812372,sample_1
gene_969,1.3332889563985e-05,1,sample_1
gene_996,3.93704803038466e-06,1,sample_1
gene_194,-1.86285447726058e-06,1,sample_1
gene_132,5.8585374273189e-06,1,sample_1
gene_494,1.84211911221048e-06,1,sample_1
gene_190,4.84669573555097e-06,1,sample_1
gene_647,1.78978991639512e-05,1,sample_1
gene_463,6.10587031478013e-06,1,sample_1
gene_222,-1.32576716314174e-06,1,sample_1
gene_492,2.19296766822047e-05,1,sample_1
gene_656,3.36498526784405e-06,1,sample_1
gene_297,-0.000112878417662367,1,sample_1
gene_785,2.87345028878021e-06,1,sample_1
gene_86,-6.12091530877915e-07,1,sample_1
gene_770,1.06660107729082e-05,1,sample_1
gene_963,5.13380056663079e-06,1,sample_1
gene_681,3.14699579297635,0.019884448735008,sample_1
gene_362,1.16860638811158e-05,1,sample_1
gene_912,-1.58739152675809e-06,0.326401339693914,sample_1
gene_444,-2.12144678323195e-06,1,sample_1
gene_897,1.27177761503608,0.20261419010834,sample_1
gene_173,1.09757513031479e-05,1,sample_1
gene_217,8.59115448459748e-07,1,sample_1
gene_856,1.25249885364949e-06,1,sample_1
gene_679,-5.4654527783137e-06,1,sample_1
gene_257,5.16127251305481e-07,1,sample_1
gene_790,-2.2516199198918e-06,1,sample_1
gene_725,-1.01415961396751e-06,1,sample_1
gene_807,-3.24292624115442e-06,1,sample_1
gene_45,-9.65209092796902e-07,1,sample_1
gene_955,-3.18442932991329e-07,1,sample_1
gene_687,-1.88045366502432e-06,1,sample_1
gene_94,-2.74936255662873e-06,1,sample_1
gene_678,-6.58383146062217e-07,1,sample_1
gene_490,-2.33922660503183e-06,1,sample_1
gene_719,2.24367503609136e-06,0.990477117295121,sample_1
gene_947,4.89954652876481,0.000606950328789906,sample_1
gene_202,1.50086093847533,0.112775180576826,sample_1
gene_142,1.40367274383485e-07,1,sample_1
gene_188,5.38270734503489e-07,1,sample_1
gene_597,1.71454930208578e-06,1,sample_1
gene_721,-7.37694008802717e-10,1,sample_1
gene_504,-1.20310710304318e-06,0.810595932049079,sample_1
gene_13,-6.76479657186458e-07,1,sample_1
gene_682,7.13993504792311e-06,0.502228378062166,sample_1
gene_472,-6.53881580892413e-07,0.335366116576215,sample_1
gene_298,-6.97994428241848e-07,0.45946977273463,sample_1
gene_407,-1.60379846478493e-06,0.55538331183905,sample_1
gene_942,-9.2907529838691e-07,0.023202298078056,sample_1
gene_795,-1.06779926054504e-06,1,sample_1
gene_571,6.62425460711647e-07,1,sample_1
gene_675,-8.40660979523048e-08,1,sample_1
gene_557,3.25171308426772e-06,0.901581854168184,sample_1
gene_798,9.17990509714853e-08,1,sample_1
gene_314,1.56275185181158e-07,1,sample_1
gene_351,-3.78637859913055e-07,0.579475761495069,sample_1
gene_829,2.91886455953318e-06,0.350971322670181,sample_1
gene_984,-1.87560886056069e-06,1,sample_1
gene_633,1.19071400198256e-06,1,sample_1
gene_728,-4.58017219076782e-06,0.244720771803027,sample_1
gene_517,0.928927051479182,0.730512841690476,sample_1
gene_274,1.36538518234855e-06,1,sample_1
gene_552,5.28027168779742e-06,1,sample_1
gene_341,-1.31053316587378e-06,1,sample_1
gene_96,8.31121566246909e-05,1,sample_1
gene_80,-3.96974322033224e-07,0.953367396556437,sample_1
gene_918,3.52016165033811e-06,1,sample_1
gene_197,6.95948151350193e-07,1,sample_1
gene_60,-3.83925714819241e-06,1,sample_1
gene_276,-3.22783199259574e-06,1,sample_1
gene_5,4.68427635505602e-06,1,sample_1
gene_841,7.78303409710919e-06,0.909835494709759,sample_1
gene_822,4.96602093873543e-06,1,sample_1
gene_475,-8.83078829457586e-06,1,sample_1
gene_775,-2.25750894454169e-06,1,sample_1
gene_278,8.4301315564027e-06,0.12025606656819,sample_1
gene_334,-2.72729212352846e-07,0.782646547493662,sample_1
gene_789,-4.77391164631541e-06,0.4793383593375,sample_1
gene_686,-1.01305120584953e-07,0.688704070087816,sample_1
gene_930,1.80751310583171e-07,1,sample_1
gene_625,-1.35064768195842e-06,1,sample_1
gene_152,-0.000633208533448157,1,sample_1
gene_560,2.72499532927677e-06,1,sample_1
gene_347,5.45835920701082e-06,1,sample_1
gene_826,9.66286046984911e-06,1,sample_1
gene_621,6.84670257038555e-06,1,sample_1
gene_442,1.61241209123162e-05,0.615028885350246,sample_1
gene_216,7.94387779581322e-07,1,sample_1
gene_924,-1.19616225639156e-06,1,sample_1
gene_801,2.07064576420938e-06,1,sample_1
gene_537,9.64651896392985e-07,1,sample_1
gene_478,3.36061524663466,0.0680604317260624,sample_1
gene_876,7.10485834171785e-06,1,sample_1
gene_805,1.71106348204256e-05,1,sample_1
gene_447,3.0723696817502,0.00631648173789122,sample_1
gene_499,-2.1121664862711e-06,1,sample_1
gene_326,7.67748532087627e-06,0.660545440288308,sample_1
gene_507,5.94412234351216e-06,0.442673025676267,sample_1
gene_97,2.88277576559274e-06,1,sample_1
gene_631,1.19657504995039,0.257652430020894,sample_1
gene_782,1.82708685747974e-05,1,sample_1
gene_415,9.47337640166339e-06,1,sample_1
gene_348,5.13307236612587e-06,1,sample_1
gene_414,2.54006614961945,0.00230757786732177,sample_1
gene_732,-7.14528183831186e-06,1,sample_1
gene_79,4.45150789495298e-08,1,sample_1
gene_868,-2.15969754695226e-06,0.193185697317382,sample_1
gene_143,-4.88427306239319e-06,0.482665755512483,sample_1
gene_970,-1.09765261534072e-05,0.360897547593756,sample_1
gene_150,3.18040743967598e-06,1,sample_1
gene_330,2.20714105306452e-06,1,sample_1
gene_19,2.28889738746487,0.00320066177948486,sample_1
gene_320,-2.51068313467046e-05,1,sample_1
gene_131,7.72424405548183e-06,1,sample_1
gene_107,1.435623945542e-05,1,sample_1
gene_241,2.03091341812e-07,1,sample_1
gene_510,0.748807383901681,1,sample_1
gene_871,1.70883830230764e-06,1,sample_1
gene_698,2.44207702841728e-06,1,sample_1
gene_877,-3.25924128119921e-06,1,sample_1
gene_193,-4.36314339346263e-06,0.861101520715927,sample_1
gene_566,1.82847072379462e-05,1,sample_1
gene_66,6.53623111638909e-06,1,sample_1
gene_40,2.71062556289365e-07,1,sample_1
gene_690,1.12484087051757,0.350761981807999,sample_1
gene_664,-4.2854388732133e-06,1,sample_1
gene_977,1.02917720375318,0.585603659187413,sample_1
gene_89,-1.90393691059148e-06,1,sample_1
gene_578,5.47498032790652e-06,1,sample_1
gene_177,5.68233055491385e-06,1,sample_1
gene_20,5.02164161709548e-06,1,sample_1
gene_626,-1.00847945270775e-06,1,sample_1
gene_867,2.10972654780982e-06,1,sample_1
gene_872,1.4338156890859e-06,1,sample_1
gene_933,1.62059555986669e-05,1,sample_1
gene_520,6.16673149415e-06,1,sample_1
gene_915,-2.60986204724055e-06,1,sample_1
gene_720,-2.05691330871693e-06,1,sample_1
gene_901,1.2185919739087e-05,1,sample_1
gene_405,1.59045347802112e-05,1,sample_1
gene_68,1.91073394242349e-05,0.846030133917671,sample_1
gene_542,1.4396084024992e-06,0.562661428104111,sample_1
gene_251,6.60154347404747e-06,1,sample_1
gene_229,-2.94502106975252e-06,1,sample_1
gene_392,1.41309430411636e-06,0.664993153233589,sample_1
gene_155,1.09147017914078,0.417111400861703,sample_1
gene_432,4.37045310951951e-06,0.727212357738921,sample_1
gene_716,8.14642240719134e-07,1,sample_1
gene_590,-4.58654614441146e-06,0.212110743442459,sample_1
gene_658,5.3154485687389e-07,1,sample_1
gene_655,-8.38460585217668e-07,1,sample_1
gene_439,1.88343218828359e-06,0.635270691732252,sample_1
gene_843,-7.55961917193062e-07,1,sample_1
gene_987,1.63650965258605e-06,1,sample_1
gene_898,-4.43698231417071e-07,1,sample_1
gene_372,2.55278226072257e-06,1,sample_1
gene_834,-1.00338796766003e-05,1,sample_1
gene_370,-3.76943973083756e-07,1,sample_1
gene_982,-3.32957314289271e-06,0.0214318204397561,sample_1
gene_199,-1.49423300599506e-05,1,sample_1
gene_182,1.83246161692623e-05,1,sample_1
gene_936,2.10153112496265e-06,1,sample_1
gene_410,2.56689808181765,0.0605066604094017,sample_1
gene_420,6.05000715927748e-07,1,sample_1
gene_827,8.24523079635474e-06,1,sample_1
gene_746,3.17345026671065e-06,1,sample_1
gene_158,4.06455715634081e-06,1,sample_1
gene_958,-5.34994592877573e-07,0.30505989839729,sample_1
gene_157,-9.47214034036515e-07,1,sample_1
gene_338,1.73236096215618e-05,1,sample_1
gene_185,-2.69997590137865e-06,0.937559316125418,sample_1
gene_835,1.33145238334157,0.177189036695933,sample_1
gene_224,1.34826462412287,0.128713051819121,sample_1
gene_916,-4.07424797709094e-07,0.925529512562084,sample_1
gene_661,2.21483959158251e-06,0.47552659305046,sample_1
gene_166,-6.92370964707783e-07,1,sample_1
gene_848,3.80797673875188,0.000899486797080645,sample_1
gene_377,-6.984135356442e-06,1,sample_1
gene_480,6.24550057841482e-06,1,sample_1
gene_591,2.99266623426297e-06,1,sample_1
gene_859,4.55716101061174e-07,1,sample_1
gene_340,5.22095117234386e-06,1,sample_1
gene_309,-7.4449879327101e-07,1,sample_1
gene_64,1.07554457232579e-05,1,sample_1
gene_731,-1.82695012553693e-06,0.366203586702599,sample_1
gene_367,-1.30955541933468e-06,1,sample_1
gene_65,-2.52958543869948e-06,1,sample_1
gene_63,1.35683449956566e-05,1,sample_1
gene_489,-9.20856751724847e-07,1,sample_1
gene_98,9.2343137919931e-06,1,sample_1
gene_88,-1.64892311028484e-06,0.562330496845749,sample_1
gene_953,-7.20297319974566e-07,0.636418798576085,sample_1
gene_117,1.32192170973205,0.17511985624557,sample_1
gene_609,1.51973455565242e-05,1,sample_1
gene_854,-1.6219760355535e-06,0.319196817544114,sample_1
gene_247,2.04493103661086,0.0459508064869031,sample_1
gene_352,1.02456516701561,0.554066717031697,sample_1
gene_521,3.22547368385285e-06,1,sample_1
gene_462,2.27899270644614e-06,1,sample_1
gene_665,-1.22348789182537e-07,0.948569154293327,sample_1
gene_944,9.33875978781281e-06,1,sample_1
gene_181,6.28347880090975e-06,1,sample_1
gene_773,1.79802104997011e-05,1,sample_1
gene_346,1.17052704853338,0.284840174676276,sample_1
gene_529,9.87186388345614e-08,1,sample_1
gene_245,-3.72979529163308e-06,1,sample_1
gene_6,-2.87019336036529e-05,1,sample_1
gene_733,2.95980271650068e-06,1,sample_1
gene_239,-4.82708825767988e-07,0.400583625435723,sample_1
gene_932,1.37605475117106e-07,1,sample_1
gene_335,1.16238548166564e-05,1,sample_1
gene_28,1.38850083677385e-06,1,sample_1
gene_515,-5.52003455741938e-07,1,sample_1
gene_630,1.49054869572301e-06,1,sample_1
gene_758,4.75266346835582e-06,1,sample_1
gene_741,0.5107746346523,1,sample_1
gene_783,1.27802358683203,0.197980527637519,sample_1
gene_394,9.26026274544715e-06,1,sample_1
gene_332,1.46331506693357e-05,1,sample_1
gene_833,-1.41664041619302e-06,0.638037321233041,sample_1
gene_745,2.9721453674326e-06,1,sample_1
gene_383,-9.75121586581516e-07,0.653330913863517,sample_1
gene_430,2.14132589438957e-05,1,sample_1
gene_882,2.84474174210031e-06,1,sample_1
gene_573,6.68611423876595e-06,1,sample_1
gene_779,-4.20779953002648e-06,1,sample_1
gene_496,4.90864225843732e-07,1,sample_1
gene_307,-9.59872552990924e-06,1,sample_1
gene_769,-6.14801142801945e-06,1,sample_1
gene_437,-1.31483838783115e-07,0.985271964676717,sample_1
gene_381,5.30995157199491e-07,1,sample_1
gene_78,1.48896522354698e-06,1,sample_1
gene_792,8.16348443997768e-06,0.142883468825667,sample_1
gene_555,1.34445701812153e-06,1,sample_1
gene_51,3.86819374353156e-05,1,sample_1
gene_813,-1.79934189635776e-06,1,sample_1
gene_375,8.77978905049796e-06,1,sample_1
gene_689,3.72936257944226e-06,1,sample_1
gene_487,6.74007486682449e-06,1,sample_1
gene_44,1.30508217113107e-05,1,sample_1
gene_645,4.19364986792427e-06,1,sample_1
gene_500,4.3985708441418e-06,1,sample_1
gene_896,-2.47592090161512e-06,1,sample_1
gene_860,1.69017031076348e-07,1,sample_1
gene_174,8.25539044954072e-06,1,sample_1
gene_528,3.46757148393903e-06,1,sample_1
gene_886,-4.8270694920905e-07,1,sample_1
gene_668,1.51174568204338e-05,1,sample_1
gene_710,1.91636538306764,0.00430774045231927,sample_1
gene_305,1.07662710351517e-05,1,sample_1
gene_122,-1.1393994415432e-06,0.00742038083858469,sample_1
gene_820,-5.03392269991154e-07,1,sample_1
gene_210,-3.81611897002933e-06,1,sample_1
gene_884,9.77131946795263e-07,1,sample_1
gene_580,9.54872637566093e-06,0.181465359726224,sample_1
gene_929,-2.69356785887788e-06,1,sample_1
gene_530,-1.126168185842e-06,0.0650835143974198,sample_6
gene_683,-3.58322317805219e-06,0.103508510279323,sample_6
gene_928,2.76698223689828e-06,0.680544403603453,sample_6
gene_793,-3.67711053592618e-07,0.301228832711861,sample_6
gene_258,-5.74015587202406e-06,1,sample_6
gene_941,1.07642257839201,0.453237818440675,sample_6
gene_92,5.70045437290667e-07,1,sample_6
gene_809,1.33479426949006,0.164183739042359,sample_6
gene_106,2.25328383683103,1.14756292290115e-06,sample_6
gene_376,0.780941534632145,1,sample_6
gene_189,1.83551602981844,0.02198322494005,sample_6
gene_386,-3.17737353366365e-06,3.54014112515853e-08,sample_6
gene_873,-1.48328531917491e-06,0.391769595047651,sample_6
gene_52,1.95672353841864e-07,0.884634846875852,sample_6
gene_485,-7.04018538672398e-07,0.420895237455736,sample_6
gene_69,1.74460254195251,0.00609620864191446,sample_6
gene_910,1.23287831372784e-07,1,sample_6
gene_994,-4.33347309518695e-07,1,sample_6
gene_228,-4.98299323146347e-06,8.0943579465386e-05,sample_6
gene_225,-3.32808770150727e-07,0.0280929924012603,sample_6
gene_130,-1.24632433703511e-06,0.0113263553512809,sample_6
gene_879,-6.08671227238254e-05,1,sample_6
gene_657,-1.56372685160678e-06,0.0741350633550833,sample_6
gene_765,-1.05087717039486e-06,0.497885109081708,sample_6
gene_800,-8.81519418077629e-07,0.265180684117659,sample_6
gene_788,-6.3670765125079e-07,1,sample_6
gene_706,2.16695682717881e-07,1,sample_6
gene_975,1.11112617712425e-06,1,sample_6
gene_359,7.95205212200738e-06,1,sample_6
gene_583,-8.66091504755052e-07,1,sample_6
gene_230,-1.38600739030367e-06,0.680440502848997,sample_6
gene_839,-2.14809736714347e-06,1,sample_6
gene_523,7.42455344697873e-06,1,sample_6
gene_676,6.53792624211068e-08,1,sample_6
gene_506,-8.25734027134032e-08,0.870320496095641,sample_6
gene_508,6.67338792350654e-07,1,sample_6
gene_214,-3.14399198088586e-06,0.361602617188427,sample_6
gene_178,-5.16999226367262e-07,1,sample_6
gene_327,7.82959400038157e-08,1,sample_6
gene_940,-1.26459179118474e-05,1,sample_6
gene_27,7.72505576189366e-06,1,sample_6
gene_526,-6.94696457670701e-07,0.583586709167175,sample_6
gene_291,1.82902438419443e-06,1,sample_6
gene_513,3.37241620473256e-05,1,sample_6
gene_192,1.40708361638352e-05,1,sample_6
gene_438,-1.09650055707674e-06,1,sample_6
gene_350,1.16942431173131e-05,0.894291940034783,sample_6
gene_378,3.76237674151988e-06,1,sample_6
gene_138,-3.45525485802743e-06,1,sample_6
gene_750,4.9085294324284,2.7193980277909e-08,sample_6
gene_708,5.31756686409421,7.19259039394722e-05,sample_6
gene_12,1.50232974702898e-06,1,sample_6
gene_47,5.96070943828513e-06,1,sample_6
gene_880,2.22221938022919,0.0380103236418109,sample_6
gene_781,2.64810957123342e-05,1,sample_6
gene_451,8.77369219725242e-06,0.938854444551649,sample_6
gene_456,9.74073191564951e-07,1,sample_6
gene_764,7.32010321910439e-06,0.385284779693194,sample_6
gene_113,6.71040259765273e-06,0.793724901538879,sample_6
gene_133,-1.27996360384272e-06,0.433264009589373,sample_6
gene_126,1.16182041497313e-05,0.000490967267188026,sample_6
gene_421,9.28154543745438e-06,1,sample_6
gene_62,2.8607872430292e-06,1,sample_6
gene_810,4.58943113118037e-06,0.17546672568352,sample_6
gene_175,-2.97488194217914e-06,0.760587685435145,sample_6
gene_443,-1.92226029031981e-05,0.095093230587226,sample_6
gene_701,7.18463133876696e-06,1,sample_6
gene_825,-3.00749553754338e-06,0.370094497664376,sample_6
gene_103,-1.14802796356189e-05,1,sample_6
gene_838,2.43343554627778,1.97102069096064e-06,sample_6
gene_777,4.68281034062309,0.00295625860996296,sample_6
gene_38,2.97971124192724,0.00110384877378635,sample_6
gene_894,7.44946960061745e-06,1,sample_6
gene_821,-2.00906947291004e-06,0.101494310869017,sample_6
gene_324,-8.08336267809417e-07,1,sample_6
gene_875,-6.26166834286563e-07,1,sample_6
gene_238,2.98461444129368,0.00161892478995997,sample_6
gene_723,1.23066362924616e-06,1,sample_6
gene_455,1.06598669771302,0.481687645103621,sample_6
gene_670,1.47072300510481e-05,1,sample_6
gene_163,8.635052704449e-06,0.0920870682177007,sample_6
gene_339,-3.75608113998615e-06,1,sample_6
gene_11,1.54779400678142e-06,1,sample_6
gene_522,-1.39519652877127e-06,0.0463362004462264,sample_6
gene_255,-5.34505453521585e-06,1,sample_6
gene_129,4.18550000355667,0.000897908659896836,sample_6
gene_286,2.14866097730986,1.36562013600868e-07,sample_6
gene_85,-3.19067677125265e-06,1,sample_6
gene_76,-1.50321898940077e-06,1,sample_6
gene_712,2.19942323499672,0.000708845759440807,sample_6
gene_891,-1.87979928949038e-06,1,sample_6
gene_136,-3.48458078399941e-06,1,sample_6
gene_384,1.48536188515482,0.00442024102960697,sample_6
gene_440,1.4436569040184e-07,1,sample_6
gene_851,-2.31119641265678e-06,0.0496264234116435,sample_6
gene_799,1.88784248530187,0.00555872777121247,sample_6
gene_461,2.37640433514741e-05,0.749626581808438,sample_6
gene_221,2.66832104242482,2.02650382350441e-06,sample_6
gene_141,5.90852709702249e-07,1,sample_6
gene_302,1.23951504953826e-05,1,sample_6
gene_964,-3.7389376835579e-06,1,sample_6
gene_235,-1.13112112921104e-06,0.000363792935572509,sample_6
gene_469,-1.32761429358668e-06,0.243545101274628,sample_6
gene_369,-8.93473606561077e-06,1,sample_6
gene_784,-1.05413435096699e-06,1,sample_6
gene_546,-1.10085742470643e-06,0.114975413769502,sample_6
gene_77,-6.16715152459054e-07,0.653419999221174,sample_6
gene_797,4.08431836349671,0.000272847766450651,sample_6
gene_211,3.62074735478177,6.94485964322227e-06,sample_6
gene_849,-2.1015386022736e-06,0.475528437564486,sample_6
gene_215,5.01805264999487,1.18521279591333e-11,sample_6
gene_992,2.13970986203212,0.0155905636803196,sample_6
gene_883,2.92906845373166e-06,1,sample_6
gene_995,-6.64823651314908e-07,1,sample_6
gene_641,-5.93469725932419e-07,1,sample_6
gene_622,5.42440807347417e-06,1,sample_6
gene_95,-1.6725973063219e-06,1,sample_6
gene_287,-1.99056267901296e-06,1,sample_6
gene_256,1.15526530778697,0.31016562118699,sample_6
gene_333,1.57114098424494,0.0478209039905714,sample_6
gene_651,1.4461757754089,0.0651684504717956,sample_6
gene_349,1.74719665778365e-05,0.76700942233727,sample_6
gene_1,2.04168221447571,9.96974739990664e-06,sample_6
gene_473,1.1045498465959e-05,1,sample_6
gene_680,1.82643604625608,0.00121821038275036,sample_6
gene_532,-1.82493575456053e-06,0.694819602366309,sample_6
gene_285,2.77206475952472e-06,1,sample_6
gene_365,1.44944283331904e-06,0.802298124781159,sample_6
gene_608,-4.71476527730258e-07,1,sample_6
gene_615,7.60872895216892e-06,1,sample_6
gene_53,-1.07162157031592e-06,1,sample_6
gene_588,3.20262301618109e-07,1,sample_6
gene_201,4.27995297969832,1.43450737119447e-05,sample_6
gene_672,3.795339256605,0.00634629730106796,sample_6
gene_265,4.67954767315884e-06,1,sample_6
gene_119,3.10792410437653,0.00722497657594742,sample_6
gene_908,-6.69688931178417e-08,1,sample_6
gene_441,3.76148110521655,0.000339710484115085,sample_6
gene_275,3.59358726196578e-06,1,sample_6
gene_718,1.54626184795848,0.0367429869226568,sample_6
gene_943,2.19511930991868e-05,0.847122808866624,sample_6
gene_34,2.96566389186125e-06,1,sample_6
gene_7,9.70117499570258e-06,0.075570063826593,sample_6
gene_125,1.38743092506446,0.159978933218994,sample_6
gene_250,6.4503099677989e-06,1,sample_6
gene_842,2.57741826763989,4.00913210575048e-06,sample_6
gene_511,8.58613862466028e-06,1,sample_6
gene_957,-9.88412530048262e-07,0.217749909243509,sample_6
gene_116,4.5180001134642e-06,1,sample_6
gene_888,-1.82131143425133e-06,1.13207121673301e-05,sample_6
gene_391,5.60482363154136,8.55386881871689e-07,sample_6
gene_749,-4.12567566046757e-08,1,sample_6
gene_704,-6.19958555391783e-07,0.619031631729599,sample_6
gene_137,4.19292796859275,6.81686053244044e-05,sample_6
gene_905,5.06387288194809e-06,0.174511053215056,sample_6
gene_81,-6.14604084960873e-07,0.00836479140819033,sample_6
gene_283,7.98348445009389e-06,0.332748919575082,sample_6
gene_425,6.07847531671952e-06,1,sample_6
gene_938,-2.19744230043046e-06,1,sample_6
gene_737,-2.43880699149002e-06,1,sample_6
gene_666,1.63015805303872,0.0442657818342102,sample_6
gene_937,5.01697851277502e-05,1.27007502323903e-06,sample_6
gene_700,3.34543086387024,1.51382139894678e-06,sample_6
gene_388,2.64623009011519e-06,1,sample_6
gene_554,-2.49925046514542e-06,0.207050332626996,sample_6
gene_533,3.21662825388136e-06,1,sample_6
gene_259,5.55468045749013e-06,1,sample_6
gene_945,0.849851596337947,1,sample_6
gene_231,5.01909231773498e-06,1,sample_6
gene_711,1.25303896497184,0.222924653722639,sample_6
gene_72,5.09131771107687e-06,1,sample_6
gene_39,1.50489101549022,0.0321563920576473,sample_6
gene_90,2.60481131427042e-06,1,sample_6
gene_535,3.99663219408454e-06,1,sample_6
gene_337,3.07516188183931e-05,1,sample_6
gene_118,1.34135654218637e-06,1,sample_6
gene_356,-4.95586415992688e-06,0.453979744585052,sample_6
gene_23,-9.83252830305887e-08,1,sample_6
gene_599,-6.7166496691209e-06,1,sample_6
gene_935,-7.51735122983693e-06,1,sample_6
gene_911,-6.73482018722909e-07,1,sample_6
gene_885,-6.40701849314494e-07,0.601101880241206,sample_6
gene_570,-1.96810295948459e-06,0.6861908949221,sample_6
gene_956,-2.37821261094337e-07,0.408348691141496,sample_6
gene_318,-4.48647986124109e-06,1,sample_6
gene_70,-5.38718100408166e-06,1,sample_6
gene_170,5.94539487203153e-06,1,sample_6
gene_417,1.3478130771392e-05,1,sample_6
gene_921,5.7935612464937e-07,1,sample_6
gene_864,1.87867363621749,0.0141402091703571,sample_6
gene_703,4.08984541699275e-06,1,sample_6
gene_471,1.71148364025095e-05,1,sample_6
gene_585,-1.82250518520267e-06,1,sample_6
gene_832,-1.14614003076063e-06,1,sample_6
gene_404,1.3062369513844,0.132268439775754,sample_6
gene_850,5.79851024566191e-06,1,sample_6
gene_559,5.17765296050127e-06,1,sample_6
gene_364,-6.94942424626634e-06,1,sample_6
gene_846,-1.0783941627612e-05,0.0710453173524674,sample_6
gene_148,2.20296358737573e-06,0.459269322156156,sample_6
gene_139,3.00403981667431,6.28394297272969e-09,sample_6
gene_592,4.14091452596525e-06,1,sample_6
gene_853,-1.38428354003584e-06,0.525894339682892,sample_6
gene_32,-4.81404532830693e-07,1,sample_6
gene_169,6.33538609199133e-06,0.359690058877007,sample_6
gene_186,1.58283968715488e-05,1,sample_6
gene_115,-7.28068342853468e-07,1,sample_6
gene_966,1.64368674558036e-05,1,sample_6
gene_509,-4.03968083946789e-06,1,sample_6
gene_650,1.38634686969519,0.0255352435307665,sample_6
gene_699,2.98818560438207,7.52872780543047e-14,sample_6
gene_539,2.80335711954058e-06,1,sample_6
gene_294,3.2846428841675e-06,1,sample_6
gene_503,7.00091787948461e-06,1,sample_6
gene_448,1.10224131295673e-05,1,sample_6
gene_419,-4.46404891084781e-06,1,sample_6
gene_9,9.05327096544184e-06,1,sample_6
gene_246,1.05462535825875e-06,1,sample_6
gene_482,1.11811908167011e-05,1,sample_6
gene_191,1.27199007960311,0.14291180550058,sample_6
gene_180,-1.40558879315668e-06,1,sample_6
gene_640,-4.26480941063693e-06,1,sample_6
gene_413,2.01704120322718e-06,0.664399661852727,sample_6
gene_607,7.04464140182463e-06,0.177774943855088,sample_6
gene_817,-2.23046720923345e-06,1,sample_6
gene_925,1.13324131903055,0.338030021136672,sample_6
gene_919,6.19316802307098e-06,1,sample_6
gene_568,-2.81093028709851e-06,1,sample_6
gene_614,-2.24894273374121e-06,0.716151225255451,sample_6
gene_296,6.66256888173966e-06,1,sample_6
gene_550,2.18485224036812e-06,1,sample_6
gene_468,2.85129314700097,0.00515607977640025,sample_6
gene_786,2.40074367852789e-07,1,sample_6
gene_277,-3.93932472330976e-06,0.842077159927972,sample_6
gene_830,-1.42355760229228e-06,1,sample_6
gene_271,-1.63454718075327e-06,0.425954911585775,sample_6
gene_923,4.39202642996257e-07,1,sample_6
gene_208,1.3577749402823,0.127134033929551,sample_6
gene_328,-9.29106072482133e-08,1,sample_6
gene_900,7.9127041070702e-06,0.75957161646474,sample_6
gene_50,2.02720953766979,0.00705605817586399,sample_6
gene_153,7.04035326014721e-07,1,sample_6
gene_203,1.66168713469965e-05,1,sample_6
gene_41,3.08559074836365,0.0105815062291623,sample_6
gene_312,7.67708985749255e-06,1,sample_6
gene_450,-1.28762506294132e-06,1,sample_6
gene_266,8.76668393202763e-06,0.10767032241508,sample_6
gene_87,2.71998373588031,0.0293393705199108,sample_6
gene_978,2.38265563918578,0.000140308188976638,sample_6
gene_907,3.79070293916694e-06,1,sample_6
gene_58,4.910632769521e-06,0.172813816673444,sample_6
gene_30,2.73027784274684,0.00590364702740029,sample_6
gene_37,-5.32084336811853e-05,1,sample_6
gene_971,-1.46290423088596e-06,1,sample_6
gene_24,-2.41305675553817e-06,1,sample_6
gene_427,-2.27105670049648e-07,0.922085306113393,sample_6
gene_649,-4.62331878208844e-06,0.069187416332376,sample_6
gene_396,-1.09563878547486e-06,0.0150379237573199,sample_6
gene_374,-9.96226949891817e-07,0.0272347388653528,sample_6
gene_61,0.000166698884121599,1,sample_6
gene_534,2.24491119656715e-06,1,sample_6
gene_951,1.75770607806934,0.0373098528730178,sample_6
gene_460,1.83225507246312,2.69836502900297e-06,sample_6
gene_717,1.43211750507691e-07,1,sample_6
gene_653,4.10787442243063e-06,0.100403918969273,sample_6
gene_361,1.51874218093488e-05,0.878926120399629,sample_6
gene_815,8.04588463059669e-06,1,sample_6
gene_14,-1.44174252242714e-06,1,sample_6
gene_600,-2.78458464540242e-06,1,sample_6
gene_371,-1.6188493145593e-06,0.000740705660155562,sample_6
gene_531,-9.75917651409538e-07,0.381160476288629,sample_6
gene_999,-1.17812067296463e-06,0.0196073941282928,sample_6
gene_497,-3.49094536646148e-06,1,sample_6
gene_434,-2.64889085649256e-06,1,sample_6
gene_304,-1.28945252422307e-05,1,sample_6
gene_134,-1.17924032708384e-06,1,sample_6
gene_778,-4.737235960942e-06,0.817352178549282,sample_6
gene_232,-6.86909999691023e-06,0.405244288737909,sample_6
gene_289,-4.41658762983373e-06,1,sample_6
gene_387,-8.08812930148258e-07,0.240319416030625,sample_6
gene_791,-1.28661731786791e-06,5.41265399125677e-07,sample_6
gene_702,-6.40580954556683e-07,0.529201792586593,sample_6
gene_135,-1.82721306077539e-07,1,sample_6
gene_662,-2.85317446043833e-06,0.491490331881454,sample_6
gene_488,1.0472393707704e-05,1,sample_6
gene_543,5.42141345722173,4.03673359251659e-05,sample_6
gene_10,4.35571333757651,1.49949063817324e-06,sample_6
gene_986,7.12675577865663e-07,1,sample_6
gene_411,-8.75637520111871e-07,1,sample_6
gene_993,1.84534110528649,0.00333592036250362,sample_6
gene_29,2.05279994894952,0.04100188271367,sample_6
gene_161,5.40045144187803e-06,1,sample_6
gene_67,-2.37136613015014e-07,1,sample_6
gene_416,-6.14076382451777e-07,0.310287727406558,sample_6
gene_26,1.83529020671543e-05,1,sample_6
gene_35,-6.62550668363265e-06,1,sample_6
gene_659,-1.51745423369023e-06,1,sample_6
gene_684,-1.32109337747463e-06,1,sample_6
gene_311,1.28033824034634e-06,1,sample_6
gene_195,-2.02376992257149e-07,1,sample_6
gene_589,1.30679667313391e-05,0.401303288534753,sample_6
gene_974,-2.10607497784345e-06,0.857030855761417,sample_6
gene_453,1.91642922732065,0.0109632068553965,sample_6
gene_582,9.97327904280277e-08,1,sample_6
gene_617,-1.41530864782957e-06,0.00847070418793154,sample_6
gene_804,-5.0787830738976e-07,1,sample_6
gene_102,2.51610357021185e-06,0.188391038781085,sample_6
gene_15,1.47025019443026e-07,1,sample_6
gene_780,4.86912564335036,3.38190906319819e-05,sample_6
gene_794,2.78053843644721e-06,0.00896954160889512,sample_6
gene_207,-3.59346337704315e-06,0.00664340521311326,sample_6
gene_811,1.38084717462544e-07,1,sample_6
gene_236,2.20071142560061e-06,0.609080070479611,sample_6
gene_671,-7.89471663543411e-07,0.112334399580923,sample_6
gene_544,-4.81943732196445e-07,0.148673094858939,sample_6
gene_315,4.97658237619915,6.25034772582448e-05,sample_6
gene_227,-2.11699258463685e-06,0.182273298761417,sample_6
gene_295,3.65361640125028e-07,1,sample_6
gene_685,-7.91659526096063e-06,1.02591168071038e-05,sample_6
gene_483,1.13007017719865e-05,1,sample_6
gene_424,2.15229069644649e-05,1,sample_6
gene_301,1.51233992837639e-06,1,sample_6
gene_249,-1.00015068950068e-06,1,sample_6
gene_548,1.11586489699553e-06,0.643442527645483,sample_6
gene_688,-5.77806831588438e-07,0.834346590350737,sample_6
gene_74,2.36721228279055,1.73099722467316e-05,sample_6
gene_445,5.45758445648453e-07,1,sample_6
gene_412,-5.01847562657858e-06,0.24782616419446,sample_6
gene_145,2.41040841104869e-05,0.722003930291542,sample_6
gene_774,1.86441738060924,0.00025981218768205,sample_6
gene_823,7.72158709943442e-08,1,sample_6
gene_694,1.24551633141738,0.228288073008053,sample_6
gene_906,1.5435282308614e-05,0.382817050260329,sample_6
gene_56,6.19582947118764e-05,1,sample_6
gene_162,-5.17735728941127e-07,0.322204023959758,sample_6
gene_176,-9.07372415411189e-07,0.914734933067396,sample_6
gene_565,9.44230187732252e-06,1,sample_6
gene_914,-3.56064652248963e-06,1,sample_6
gene_865,1.992914789781e-06,1,sample_6
gene_926,5.24514718380163e-06,1,sample_6
gene_398,1.53223021172163,0.0417744559099526,sample_6
gene_840,8.00440906663105e-06,1,sample_6
gene_418,2.19441969749476e-05,0.940246367848263,sample_6
gene_796,2.39849422867291e-06,1,sample_6
gene_409,7.84400058285298e-07,1,sample_6
gene_803,2.31775643218115e-05,0.347849309891037,sample_6
gene_909,1.16693267411063e-05,1,sample_6
gene_899,9.82875791016503e-07,1,sample_6
gene_502,-8.92016755396833e-06,1,sample_6
gene_985,1.23773558470134e-05,1,sample_6
gene_160,-1.11997446435966e-06,0.16374541749985,sample_6
gene_308,4.59156540244446e-07,1,sample_6
gene_390,4.30702425571047,0.000243221864867938,sample_6
gene_952,-2.43660775488581e-06,0.96319385231032,sample_6
gene_260,7.72810847676905e-07,0.475561871139801,sample_6
gene_54,-3.00926364819597e-07,1,sample_6
gene_663,3.24424053537691,0.000117423784268328,sample_6
gene_959,2.76149327620561,5.90042855124813e-07,sample_6
gene_931,2.06517874215021,0.067316957487978,sample_6
gene_648,9.92992623974355e-07,1,sample_6
gene_660,-9.96985107859359e-07,0.461396545044102,sample_6
gene_596,1.10782816538435e-05,1,sample_6
gene_739,4.79560662657964e-07,0.831502756346078,sample_6
gene_187,1.72108225305286e-06,1,sample_6
gene_313,1.96161045737845e-06,0.363100367624553,sample_6
gene_541,8.87428200984416e-06,0.0417156455549227,sample_6
gene_422,2.37970089970392e-07,0.856907112959276,sample_6
gene_577,4.51503494134944e-07,0.688880497934326,sample_6
gene_772,3.36731622336112e-07,1,sample_6
gene_353,-1.05744322119623e-07,1,sample_6
gene_639,-4.91898118284977e-08,1,sample_6
gene_331,3.29638451608385,0.0958085077520228,sample_6
gene_646,4.72339849414556e-08,1,sample_6
gene_342,-1.47061658951467e-08,1,sample_6
gene_16,1.44372754871327e-06,1,sample_6
gene_776,1.16764698811878e-07,1,sample_6
gene_845,3.88287451686287,0.00202917240667274,sample_6
gene_200,-3.29044085678615e-07,1,sample_6
gene_184,7.51656453564643e-07,0.454191990006267,sample_6
gene_755,-2.86584725054681e-07,1,sample_6
gene_466,2.13959032165106e-06,0.460123936982447,sample_6
gene_299,-1.18011445418238e-08,1,sample_6
gene_379,2.7814354261261e-06,0.512955009087572,sample_6
gene_355,8.46921824446934e-07,0.484646907256758,sample_6
gene_762,1.70515555092096e-06,0.244206404494334,sample_6
gene_584,1.99812992640897e-06,0.308741701125428,sample_6
gene_572,2.09083526508179e-06,0.288318377518423,sample_6
gene_595,2.74514405284823e-06,0.323567124565511,sample_6
gene_610,3.26339941930026e-07,0.738063359820631,sample_6
gene_484,-1.75110955363473e-09,1,sample_6
gene_869,4.84565184332438e-06,0.930411168091302,sample_6
gene_458,9.32034855051608e-06,0.176489153361911,sample_6
gene_753,-7.77451214024725e-06,0.00025566390866027,sample_6
gene_4,1.27496886597994,0.210393438328855,sample_6
gene_253,2.24919485695192,4.92396688165814e-08,sample_6
gene_144,1.87112394259191e-06,1,sample_6
gene_561,-2.76878522621081e-05,0.000313148331234797,sample_6
gene_742,1.44585929420613,0.0224712113917291,sample_6
gene_636,-3.80649307374264e-06,0.156784793489582,sample_6
gene_989,-7.6918261542871e-06,0.473352557799902,sample_6
gene_501,-1.99752055886552e-06,1,sample_6
gene_863,-2.82419237386447e-06,1.38373148708752e-05,sample_6
gene_449,1.43862393488782e-05,0.303800970480128,sample_6
gene_288,-2.9235192385045e-06,1,sample_6
gene_99,-1.52177464411902e-06,1,sample_6
gene_761,-1.56793566120972e-06,1,sample_6
gene_844,-2.55225682287535e-06,0.014511830057972,sample_6
gene_57,6.13453047441249e-07,1,sample_6
gene_114,7.19980735816393e-06,0.546338024277933,sample_6
gene_111,-4.86479526326147e-07,1,sample_6
gene_816,2.75614109516047,0.00336531777955559,sample_6
gene_233,-8.0000217037959e-07,0.340480372409907,sample_6
gene_870,1.6562371639777,0.00168367375051849,sample_6
gene_124,3.76395838785285e-06,0.720682349818613,sample_6
gene_104,-5.3258961014746e-07,1,sample_6
gene_618,-5.14171435465648e-06,0.00227433426960458,sample_6
gene_587,-3.26108720384413e-07,0.619820420291024,sample_6
gene_990,1.07415313987625,0.441886841510356,sample_6
gene_373,1.12372744906077,0.298021273689368,sample_6
gene_861,6.67612965897168e-07,1,sample_6
gene_697,-2.66713172198013e-06,1,sample_6
gene_213,4.46028211948206e-06,1,sample_6
gene_735,-1.09125734387567e-06,0.306345265843735,sample_6
gene_981,-9.33617216381293e-07,1,sample_6
gene_93,-4.026387287013e-06,0.304276173925943,sample_6
gene_950,-4.19507781940407e-05,1,sample_6
gene_465,2.52120719186361,1.51717436568619e-07,sample_6
gene_212,2.869507144045e-06,1,sample_6
gene_237,1.36175191580533e-05,0.648710945333022,sample_6
gene_49,5.1200375238257e-08,1,sample_6
gene_183,-5.45287223036871e-07,0.262812435539143,sample_6
gene_759,-1.30590445516426e-07,0.618055369481975,sample_6
gene_344,-7.45139490521523e-06,0.966971073328771,sample_6
gene_887,1.34631260093042,0.124756896818796,sample_6
gene_644,1.73833719611834e-06,1,sample_6
gene_828,3.92936085129195e-06,0.655876692966351,sample_6
gene_862,4.40738291752405e-07,1,sample_6
gene_752,4.60585355975615e-06,0.4718862618473,sample_6
gene_638,9.49208547770648e-06,0.0285933941819375,sample_6
gene_220,1.5495160879923,0.0855910386886615,sample_6
gene_303,4.11460647398504e-07,0.949924254008854,sample_6
gene_787,-9.99408636897223e-07,0.00178063143873268,sample_6
gene_760,-2.85653194121426e-06,0.011377478308287,sample_6
gene_272,-1.08204558228361e-06,0.000162580121233972,sample_6
gene_43,-1.50829268393939e-06,0.974940261363117,sample_6
gene_603,-7.62561960012006e-06,1,sample_6
gene_567,-5.73046765480743e-06,1,sample_6
gene_893,-2.42662065252772e-07,1,sample_6
gene_627,-3.93716160180864e-07,0.975536361773917,sample_6
gene_270,-3.57197295399935e-07,0.681977794733914,sample_6
gene_997,-1.52286451752813e-07,1,sample_6
gene_165,-4.03889731707594e-07,0.107287692097047,sample_6
gene_962,3.53338894117439e-06,1,sample_6
gene_112,6.06910428990376e-06,1,sample_6
gene_889,1.93954414294217e-05,1,sample_6
gene_73,-1.63204654603822e-06,1,sample_6
gene_393,-2.94262358764201e-07,1,sample_6
gene_692,-6.61904861202004e-09,1,sample_6
gene_123,3.46979583691484e-06,0.956914238891986,sample_6
gene_837,-3.84678951657145e-06,1,sample_6
gene_976,-5.72997158012558e-06,2.70450896969501e-08,sample_6
gene_623,-1.2953623201108e-06,1,sample_6
gene_127,-2.3559371647434e-06,1,sample_6
gene_927,-2.97227151456815e-07,1,sample_6
gene_105,-3.15425437006382e-06,1,sample_6
gene_734,-1.65259728179382e-06,0.159278127921531,sample_6
gene_426,2.19610403458921e-06,1,sample_6
gene_601,-1.71722714208938e-06,0.134766259205708,sample_6
gene_8,-8.6448685546961e-06,1,sample_6
gene_847,-3.00038523378869e-06,1,sample_6
gene_594,-1.25756394952309e-05,1,sample_6
gene_474,-1.74211236463291e-06,0.000443330740257984,sample_6
gene_325,1.63584405419757,0.00428893551725209,sample_6
gene_620,1.19044112267218e-05,1,sample_6
gene_632,-6.10561091234074e-06,0.718026694975017,sample_6
gene_866,8.03660272492249e-06,1,sample_6
gene_551,-2.70500783487113e-06,0.000953343296207109,sample_6
gene_31,-1.17335798249628e-07,1,sample_6
gene_527,1.0232417018992,0.626003453083435,sample_6
gene_110,-5.30956701103503e-07,0.789145920266201,sample_6
gene_470,-4.26472009858041e-07,0.0181916893131358,sample_6
gene_988,-1.01006483578858e-06,0.0262849303449457,sample_6
gene_399,8.52641670675077e-08,1,sample_6
gene_389,3.47983856704828e-07,1,sample_6
gene_619,-2.18420042430442e-07,0.0105848446933971,sample_6
gene_747,-2.00165612547865e-06,1,sample_6
gene_368,-3.71115090115105e-06,0.983723384335548,sample_6
gene_808,-3.35038804605805e-06,0.8251028578585,sample_6
gene_858,0.95695328397481,0.792466331754062,sample_6
gene_934,1.26636717956207e-05,1,sample_6
gene_242,1.28435532035585,0.169140501449735,sample_6
gene_949,-4.86958639350199e-07,0.239892766227106,sample_6
gene_397,-2.26084831513713e-08,1,sample_6
gene_652,-6.64775199259878e-08,1,sample_6
gene_292,-3.44584912800012e-06,0.0632438537878131,sample_6
gene_579,-2.11661429418736e-06,0.761037801118774,sample_6
gene_980,-5.04030824470145e-07,1,sample_6
gene_226,-6.53260528850467e-06,0.221834633464791,sample_6
gene_55,-1.58647257579969e-06,0.303872700911463,sample_6
gene_903,7.64840268827809e-07,1,sample_6
gene_545,1.06310890789486e-05,0.479934018441253,sample_6
gene_574,5.2340989248557e-06,1,sample_6
gene_431,-2.5484556830624e-07,0.607927144811236,sample_6
gene_983,-2.49766355939532e-07,1,sample_6
gene_382,-1.92514939315145e-06,0.00793440137349356,sample_6
gene_814,-6.05432929841012e-07,1,sample_6
gene_878,-2.37344247218655e-06,0.0876596893143614,sample_6
gene_42,-7.32809372161406e-08,0.771160131861164,sample_6
gene_628,-2.01567958134737e-06,0.385529189970126,sample_6
gene_319,-2.41542446099639e-06,0.127460929716058,sample_6
gene_268,1.65207829461956e-06,1,sample_6
gene_751,-1.31652952858664e-06,1,sample_6
gene_505,3.18571915001656e-06,1,sample_6
gene_151,-1.94279943967493e-06,0.0248014413258655,sample_6
gene_205,-2.233679827948e-06,0.41449096858457,sample_6
gene_223,-3.32744120360139e-07,1,sample_6
gene_674,-3.88172019265572e-06,1,sample_6
gene_948,-3.68052748605434e-06,0.5534694410736,sample_6
gene_385,-0.00017770332184199,1,sample_6
gene_380,4.01501474439331e-06,1,sample_6
gene_802,3.00777603985618e-05,1,sample_6
gene_604,-2.81498811444038e-06,0.00144650599903578,sample_6
gene_261,-1.79766716396268e-05,0.299040862659325,sample_6
gene_446,-5.68708246855872e-06,1,sample_6
gene_771,9.32765877439458e-07,1,sample_6
gene_360,2.17682967280799,0.014864354437464,sample_6
gene_736,9.76454943976325e-06,1,sample_6
gene_498,1.93229292701673e-07,1,sample_6
gene_171,6.55915510867346e-06,1,sample_6
gene_979,-2.32050371968248e-06,1,sample_6
gene_108,-4.92210761046794e-06,1,sample_6
gene_128,5.51253395887973e-08,1,sample_6
gene_279,-4.66843000084476e-06,1,sample_6
gene_363,1.78045392055738e-05,1,sample_6
gene_881,-2.01171520331421e-06,1,sample_6
gene_756,3.23828286421459e-06,1,sample_6
gene_59,4.14849354176207e-06,1,sample_6
gene_677,1.23965390265462e-05,0.666900605300835,sample_6
gene_819,9.12457504188494e-06,1,sample_6
gene_738,1.32216518693092e-05,1,sample_6
gene_476,5.35914488648964e-06,1,sample_6
gene_536,-3.5077167623386e-06,1,sample_6
gene_109,-1.51105299662965e-07,1,sample_6
gene_726,4.07986076852796e-07,1,sample_6
gene_707,0.807812348704464,0.959355397378869,sample_6
gene_598,8.92250216585226e-06,1,sample_6
gene_323,9.3182333632375e-06,1,sample_6
gene_243,-8.65444133580305e-06,1,sample_6
gene_575,1.46775789802915,0.0494071541646993,sample_6
gene_21,6.74961803925939e-06,1,sample_6
gene_991,0.628872780423418,1,sample_6
gene_569,1.31086225716622,0.0648508206937951,sample_6
gene_616,-1.5700802855902e-06,1,sample_6
gene_612,1.27511713866576,0.182199402534428,sample_6
gene_973,6.05573693710259e-07,1,sample_6
gene_196,1.59375092940278e-05,0.484028087298376,sample_6
gene_479,-2.70826980685233e-06,1,sample_6
gene_400,-0.537737831358278,1,sample_6
gene_691,-2.73885465259237e-06,1,sample_6
gene_705,-7.75252486968264e-07,1,sample_6
gene_84,-9.52852208841225e-08,1,sample_6
gene_613,-1.91566009664428e-06,1,sample_6
gene_606,-3.81568625556078e-07,1,sample_6
gene_254,-1.6065619107804e-06,0.0158377610023707,sample_6
gene_667,3.48764194120066e-06,0.232353511609195,sample_6
gene_518,3.45666879698357e-06,1,sample_6
gene_204,-4.51577815116364e-06,1,sample_6
gene_634,-4.3698108497335e-06,0.554827273515573,sample_6
gene_280,0.000150301098198834,1,sample_6
gene_306,1.03700482096774e-05,1,sample_6
gene_336,-5.10631118483772e-06,1,sample_6
gene_357,1.98019211378978,0.000726344503507129,sample_6
gene_514,-2.49155013950217e-07,1,sample_6
gene_3,1.2446149526794,0.191780396180229,sample_6
gene_637,6.48195702332895e-06,0.193350052975488,sample_6
gene_696,4.57658283086207e-06,1,sample_6
gene_605,1.17785561922518e-05,1,sample_6
gene_403,-4.38036760033813e-06,1,sample_6
gene_562,7.27172650855424e-07,0.979981433754249,sample_6
gene_273,-0.000618852545025651,0.887388381537916,sample_6
gene_464,2.71532855333362e-06,1,sample_6
gene_968,7.57898748435476e-07,1,sample_6
gene_581,-4.39465156943799e-07,1,sample_6
gene_946,-3.72483992626012e-07,0.858690804248065,sample_6
gene_100,4.6311495687225e-06,1,sample_6
gene_329,4.01254259652776,0.0049577549745703,sample_6
gene_366,4.25494251436839e-06,0.570630388029942,sample_6
gene_693,-6.8164561312466e-07,0.733515406705157,sample_6
gene_252,1.36480991910351,0.128250027799244,sample_6
gene_939,-8.34772310833651e-06,0.0200076036677677,sample_6
gene_972,-6.29314817415747e-08,1,sample_6
gene_408,2.63025225229911e-07,1,sample_6
gene_267,1.81154061214531e-05,0.546958269311437,sample_6
gene_75,0.925239073146179,0.775811086720264,sample_6
gene_556,-7.38599265455334e-06,0.894801785054021,sample_6
gene_967,1.28434461993655e-05,1,sample_6
gene_960,-2.62674478558098e-06,1,sample_6
gene_553,-3.3402351976942e-06,0.0025752666795698,sample_6
gene_540,-6.88728263523983e-07,1,sample_6
gene_428,1.26313678919975e-05,0.220331292129176,sample_6
gene_767,1.18935305672912e-06,1,sample_6
gene_459,8.66929459012031e-08,1,sample_6
gene_954,2.78042837341487e-06,1,sample_6
gene_121,2.00430157833146e-05,1,sample_6
gene_48,-3.8164739651291e-07,1,sample_6
gene_965,-3.49446909749779e-06,1,sample_6
gene_812,1.50599155690326e-05,1,sample_6
gene_179,7.18512764081399e-06,1,sample_6
gene_248,1.04920211187543e-05,1,sample_6
gene_167,-4.61272060043704e-09,1,sample_6
gene_624,1.61107161562924,0.0613041471414592,sample_6
gene_467,-2.53782532825026e-06,0.148806378383118,sample_6
gene_290,-2.14629908416683e-06,1,sample_6
gene_516,8.18908699090263e-07,1,sample_6
gene_22,-7.32897714000386e-06,1,sample_6
gene_435,-1.32899419383416e-06,0.190513328052865,sample_6
gene_709,2.02914394534893,0.00268901984417292,sample_6
gene_669,1.3614807466073e-08,1,sample_6
gene_101,-5.69976798364117e-08,1,sample_6
gene_763,-3.99596029993264e-06,0.99732822390368,sample_6
gene_264,-1.07946865681989e-06,1,sample_6
gene_281,-1.85052910073721e-07,0.507107652723886,sample_6
gene_423,-2.75037997273614e-06,0.0368216450516624,sample_6
gene_998,-7.28280780945621e-07,0.00646276920819217,sample_6
gene_495,1.34539826836308,0.0960135691880949,sample_6
gene_159,1.2818813801469e-05,1,sample_6
gene_806,-1.59379988897127e-06,0.0395239833003095,sample_6
gene_714,2.25680606713173e-06,1,sample_6
gene_18,-3.09438803166656e-06,0.107506607141294,sample_6
gene_757,-5.23064758725625e-06,0.0203206168045498,sample_6
gene_715,-2.23427427333308e-06,1,sample_6
gene_206,-8.56749373900403e-05,1,sample_6
gene_358,-4.56689345816941e-07,0.499697721720902,sample_6
gene_525,1.06816211503723e-05,1,sample_6
gene_754,-4.23789852011758e-07,1,sample_6
gene_673,1.04470481803935,0.471912464461973,sample_6
gene_586,1.89036806604795e-05,1,sample_6
gene_345,3.52056885576049e-06,1,sample_6
gene_855,-7.09239710841076e-07,0.569945425302755,sample_6
gene_310,4.14489021224218,0.002702685238192,sample_6
gene_654,8.63831806721748e-06,0.455873626945585,sample_6
gene_149,1.98027293277482,0.00203778181329707,sample_6
gene_234,6.33720821734236e-08,1,sample_6
gene_71,-1.64580119049176e-06,0.0209273271244462,sample_6
gene_198,-2.61825566040583e-06,0.607379840249628,sample_6
gene_913,-4.15113153220949e-06,0.000230357978128991,sample_6
gene_156,2.28289917662845e-06,1,sample_6
gene_33,-2.0030770933786e-06,0.179351479904758,sample_6
gene_317,7.85015590591058e-07,1,sample_6
gene_961,-8.37430054022814e-07,0.00343027234057959,sample_6
gene_433,6.21744443050655e-06,1,sample_6
gene_395,1.66783515401212e-07,1,sample_6
gene_481,-7.18921356150918e-06,0.112802476105069,sample_6
gene_642,-6.33246086883478e-06,1,sample_6
gene_321,5.59951832240273e-06,0.435236175287494,sample_6
gene_635,-3.07298382217441e-06,1,sample_6
gene_354,6.87343163106007e-06,1,sample_6
gene_831,3.8756833102034e-06,1,sample_6
gene_857,9.44198121518773e-06,1,sample_6
gene_722,-3.68140957645666e-07,1,sample_6
gene_282,-2.3782036007937e-06,1,sample_6
gene_2,-1.46381304236869e-06,1,sample_6
gene_890,5.48360538094919e-06,0.766068408394219,sample_6
gene_713,2.72680690915207e-06,0.660102129096832,sample_6
gene_168,-2.06561764898481e-06,0.00626321358371695,sample_6
gene_82,2.10165759747991e-07,1,sample_6
gene_547,-2.62589068271768e-07,0.688804072177817,sample_6
gene_874,4.0706306044409,0.000255826984700962,sample_6
gene_218,2.72206987412028e-07,1,sample_6
gene_486,-9.16812105119389e-07,1,sample_6
gene_917,8.98706192509313e-06,0.0828065529847883,sample_6
gene_457,8.87770024660523e-06,1,sample_6
gene_602,1.16915695019416,0.282062832440206,sample_6
gene_724,1.0965408153001e-05,1,sample_6
gene_766,-1.43209168274175e-06,1,sample_6
gene_322,1.07030173690701e-05,0.284843767164425,sample_6
gene_46,1.06193345997083e-05,1,sample_6
gene_920,-4.01514127625485e-06,0.93720828225568,sample_6
gene_172,-2.27150574751984e-05,0.952411553183775,sample_6
gene_401,1.21140599041999e-05,1,sample_6
gene_895,7.62261599900834e-06,0.932849996403263,sample_6
gene_452,2.82776228041261e-06,1,sample_6
gene_729,1.38870940370907,0.0796888531634898,sample_6
gene_743,2.61815678065031e-06,1,sample_6
gene_240,1.63301042944157e-05,0.936672053612383,sample_6
gene_300,-1.02429906256952e-06,1,sample_6
gene_146,1.2421362487923e-06,1,sample_6
gene_730,1.23418272186304e-05,1,sample_6
gene_748,2.74965587680737,9.67027094736575e-10,sample_6
gene_293,1.8707702152088,0.0568582973347977,sample_6
gene_36,1.33311637342801e-05,0.936551869856155,sample_6
gene_576,2.5565181207229,2.44062432427893e-06,sample_6
gene_402,-4.26023393382103e-07,1,sample_6
gene_244,1.29242120981091e-07,1,sample_6
gene_154,-1.6172214802211e-08,1,sample_6
gene_852,2.36673252041127e-06,0.862387085919687,sample_6
gene_611,-9.05710359781864e-07,1,sample_6
gene_164,-5.28589372010621e-07,0.518334938688923,sample_6
gene_524,-2.60869629450315e-06,6.83444835000065e-06,sample_6
gene_538,-6.15202708222329e-07,1,sample_6
gene_429,6.95822072824297e-06,1,sample_6
gene_316,6.42842269276419e-06,0.293428142182242,sample_6
gene_91,-5.23501284294593e-06,1,sample_6
gene_902,2.54008775962329e-06,1,sample_6
gene_17,-1.0980050713917e-07,1,sample_6
gene_593,-7.69218892274145e-07,1,sample_6
gene_629,-6.96484032859846e-06,0.198870110773928,sample_6
gene_519,9.9053613603211e-07,1,sample_6
gene_263,-1.02616753097186e-05,1,sample_6
gene_493,2.08331689938119e-07,1,sample_6
gene_836,2.32491838776896,0.000520852678915573,sample_6
gene_892,-3.29614749140312e-06,0.00249462009509386,sample_6
gene_922,-3.75339844214692e-06,1,sample_6
gene_83,-1.08594003443386e-05,1,sample_6
gene_549,1.07124679377084e-08,1,sample_6
gene_209,1.7356679680502e-06,0.732362659365029,sample_6
gene_269,1.23178576820862,0.235419608761096,sample_6
gene_695,-2.23334974449809e-06,0.00244845241067803,sample_6
gene_406,4.16452230010833e-06,1,sample_6
gene_740,1.30494994708604e-06,1,sample_6
gene_727,-1.36130053111813e-07,1,sample_6
gene_1000,2.12672868097664e-05,1,sample_6
gene_140,1.31076491064862,0.191816710112383,sample_6
gene_219,3.63727560299991e-06,1,sample_6
gene_491,1.49997841066381,0.012639901734852,sample_6
gene_262,-4.33909345167495e-06,0.000757326011072788,sample_6
gene_564,-6.84983193945836e-07,0.0463771652927948,sample_6
gene_824,1.5512215340123,0.00442441377223388,sample_6
gene_643,-1.62575910997365e-07,1,sample_6
gene_120,5.6665024614089,9.31000411222129e-08,sample_6
gene_563,8.76985291558438e-06,0.788399777499833,sample_6
gene_768,2.92952535635536e-07,1,sample_6
gene_558,-4.56277381873037e-07,0.460066027027105,sample_6
gene_512,-1.80702925637775e-06,1,sample_6
gene_147,-1.43996557908126e-05,1,sample_6
gene_454,-2.63311199828066e-06,1,sample_6
gene_744,5.21911940926232e-06,1,sample_6
gene_477,-6.49324703955713e-06,0.00557082366855338,sample_6
gene_25,3.74120223760854,5.70611146054153e-05,sample_6
gene_969,1.10055096457486,0.403000742680678,sample_6
gene_996,-1.72970247433421e-06,1,sample_6
gene_194,-3.14276872049637e-06,1,sample_6
gene_132,-8.63395502564193e-06,0.0355221463704707,sample_6
gene_494,6.20569179284166e-06,1,sample_6
gene_190,1.79435797639444e-05,0.837331833204651,sample_6
gene_647,8.88932330461496e-06,1,sample_6
gene_463,3.36613098471992e-06,1,sample_6
gene_222,0.000109461165959126,0.190650258694377,sample_6
gene_492,-1.25115664339056e-06,1,sample_6
gene_656,1.64969520501462,0.04904081997229,sample_6
gene_297,1.02973732083523e-05,1,sample_6
gene_785,-5.29302679074385e-06,1,sample_6
gene_86,-1.65848712542108e-06,1,sample_6
gene_770,-4.52634866650275e-05,1,sample_6
gene_963,6.6330220220911e-06,1,sample_6
gene_681,-7.52848904065812e-07,0.330189388914518,sample_6
gene_362,2.35605473135045e-05,0.590978836591268,sample_6
gene_912,-1.22772298900626e-06,0.84128823342534,sample_6
gene_444,-6.97425731280005e-06,0.26046234108844,sample_6
gene_897,2.96424083867676e-05,1,sample_6
gene_173,0.755613424129492,1,sample_6
gene_217,-1.12992243334167e-05,1,sample_6
gene_856,-4.06546135112147e-06,0.645205689500437,sample_6
gene_679,1.03576487615545e-05,1,sample_6
gene_257,1.30921883128188e-05,1,sample_6
gene_790,9.68471276509973e-07,1,sample_6
gene_725,6.40724411462715e-06,0.722883450723627,sample_6
gene_807,2.92069260677524e-06,1,sample_6
gene_45,1.86816426104906e-06,1,sample_6
gene_955,1.45380616612033e-06,1,sample_6
gene_687,2.72281603349788e-06,1,sample_6
gene_94,9.22280413696226e-06,0.61339876455769,sample_6
gene_678,4.94072085718287e-06,0.756025075267583,sample_6
gene_490,7.75948905711152e-06,0.544399146965956,sample_6
gene_719,1.1389024838772e-06,1,sample_6
gene_947,4.68602825451305,0.00103571644234264,sample_6
gene_202,-1.38458135787413e-06,1,sample_6
gene_142,-1.98643824500589e-06,0.61635476225888,sample_6
gene_188,-6.11676692399471e-07,1,sample_6
gene_597,-1.76633853440018e-07,1,sample_6
gene_721,-1.02885953224475e-06,0.938949769573267,sample_6
gene_504,9.71373047173904e-07,1,sample_6
gene_13,1.33225996553403e-06,1,sample_6
gene_682,1.89174359215169,0.0367498935947094,sample_6
gene_472,-5.996010204706e-07,0.504923772523259,sample_6
gene_298,-0.000174759632180506,0.399750178401549,sample_6
gene_407,-1.80131373922147e-08,1,sample_6
gene_942,-5.90483568924755e-07,0.809982072609915,sample_6
gene_795,-1.12558010731281e-06,1,sample_6
gene_571,-5.9147192627033e-06,1,sample_6
gene_675,-2.39067176247741e-07,0.986593206434502,sample_6
gene_557,-2.09880680441413e-06,0.260909013626758,sample_6
gene_798,-1.12177852244961e-07,0.699405786216179,sample_6
gene_314,2.3043778350886e-06,0.470642855865262,sample_6
gene_351,3.87373899861235e-07,1,sample_6
gene_829,-1.40128374657716e-07,1,sample_6
gene_984,-2.25363639574704e-06,0.65601034512234,sample_6
gene_633,3.00505506837724e-07,1,sample_6
gene_728,-1.25975384886741e-06,1,sample_6
gene_517,1.08639683847359,0.420533588604679,sample_6
gene_274,-5.08838412582605e-06,1,sample_6
gene_552,1.1289158358348e-05,1,sample_6
gene_341,-2.09841594488979e-06,0.126695262288683,sample_6
gene_96,-2.56342087799459e-06,1,sample_6
gene_80,-5.60120729810159e-07,0.492846071588258,sample_6
gene_918,-4.64026856041701e-06,1,sample_6
gene_197,-1.17358977011218e-06,1,sample_6
gene_60,-6.00475762587228e-07,1,sample_6
gene_276,0.000515577524606776,0.092539058303377,sample_6
gene_5,5.47604663319948e-06,0.992865665446374,sample_6
gene_841,4.68290114065622e-06,1,sample_6
gene_822,-9.55488894053348e-06,0.872948276938101,sample_6
gene_475,2.10503485304224,0.00430268868796239,sample_6
gene_775,-9.97999035684119e-06,0.000150973985799291,sample_6
gene_278,1.64351051295847,0.112744421504686,sample_6
gene_334,-1.94538435622364e-07,1,sample_6
gene_789,3.21898475930524,0.00597925969665778,sample_6
gene_686,-9.43207769969227e-08,0.812797858730366,sample_6
gene_930,-3.06418374297914e-06,1,sample_6
gene_625,-6.27034301182786e-06,0.0567882391913462,sample_6
gene_152,-7.49980200511694e-06,1,sample_6
gene_560,9.95798508070486e-06,0.414337230615058,sample_6
gene_347,1.71048268375239e-06,1,sample_6
gene_826,0.91558250832167,1,sample_6
gene_621,3.75974555522796e-06,1,sample_6
gene_442,1.40541260225972,0.0977591148657897,sample_6
gene_216,2.70977461743768e-06,0.632115958350319,sample_6
gene_924,-2.38974446648119e-06,0.0335103356922579,sample_6
gene_801,-5.67973352047557e-06,1,sample_6
gene_537,1.38802501506201e-06,1,sample_6
gene_478,-2.22285529836384e-07,0.730225706367779,sample_6
gene_876,-5.96626964175856e-06,1,sample_6
gene_805,4.2587144789351e-06,1,sample_6
gene_447,3.46166607566079,0.00194321002898262,sample_6
gene_499,-6.66618672278046e-07,1,sample_6
gene_326,1.5613956243298e-06,1,sample_6
gene_507,3.34328854909109e-06,0.961858823814045,sample_6
gene_97,7.18542236275094e-06,1,sample_6
gene_631,1.65806381974789,0.0112240287176414,sample_6
gene_782,1.78832141228121,0.00111312479405836,sample_6
gene_415,2.45314687177306,9.57893881609435e-08,sample_6
gene_348,1.67691234800157,0.00979913781394497,sample_6
gene_414,2.54303644607113,0.00228946598755265,sample_6
gene_732,1.43538972500106e-06,1,sample_6
gene_79,-5.21833402363583e-07,1,sample_6
gene_868,-1.35843074032509e-06,1,sample_6
gene_143,5.95608623858899e-05,0.523314086079521,sample_6
gene_970,-9.50950821122949e-06,0.937758831240678,sample_6
gene_150,2.89792810778207e-06,1,sample_6
gene_330,-7.73656354038106e-07,1,sample_6
gene_19,3.29762233305954,1.4509880283332e-06,sample_6
gene_320,-1.25276778493517e-06,1,sample_6
gene_131,2.18030527551365,3.72685387952286e-06,sample_6
gene_107,1.65383214180249,0.00521832977397592,sample_6
gene_241,-2.85476436518149e-07,1,sample_6
gene_510,2.95062308207792e-05,1,sample_6
gene_871,1.37088816759575,0.0918301062183851,sample_6
gene_698,-1.11111419709363e-05,1,sample_6
gene_877,-5.41572374386352e-06,1,sample_6
gene_193,-1.65735308486093e-06,1,sample_6
gene_566,1.26033189023152,0.124652423087724,sample_6
gene_66,1.61095368919839,0.0296094864786854,sample_6
gene_40,1.50233585253896,0.117061463118913,sample_6
gene_690,1.77204381601884,0.00827778034181869,sample_6
gene_664,2.57183581818214e-05,0.316725938550368,sample_6
gene_977,2.05736328533219e-05,1,sample_6
gene_89,7.7232879786916e-06,0.571230667282104,sample_6
gene_578,1.86059611410559,0.0024157537495081,sample_6
gene_177,-1.15839136141806e-05,1,sample_6
gene_20,3.02258710587237e-06,1,sample_6
gene_626,-6.11732325883174e-06,0.823993830882682,sample_6
gene_867,7.10434064385555e-06,1,sample_6
gene_872,-8.44545472604944e-06,0.688219758324219,sample_6
gene_933,1.92008725482133e-07,1,sample_6
gene_520,2.06530709549147e-05,0.675415841204324,sample_6
gene_915,-1.99234034697915e-06,1,sample_6
gene_720,-3.95232762475345e-06,0.323988296756558,sample_6
gene_901,9.43045618088956e-07,1,sample_6
gene_405,1.92439167130773e-05,1,sample_6
gene_68,1.74097675464382,0.00413467925391951,sample_6
gene_542,3.61586642682197,0.0222727939900639,sample_6
gene_251,-1.20370908411116e-06,1,sample_6
gene_229,5.41924996387821e-06,1,sample_6
gene_392,1.63903438620355e-06,0.597711390735804,sample_6
gene_155,1.71885252204683,0.00273062654703317,sample_6
gene_432,-1.66775664066586e-06,0.964867501143076,sample_6
gene_716,-2.47545878453439e-07,1,sample_6
gene_590,-2.52906875646881e-06,1,sample_6
gene_658,2.15549059121077e-06,1,sample_6
gene_655,-1.73248719582501e-06,0.035559285103187,sample_6
gene_439,-5.44341619569767e-07,0.860256793897692,sample_6
gene_843,-1.91628944798707e-06,0.254159840231396,sample_6
gene_987,2.6019697795439,0.00586140086930715,sample_6
gene_898,5.25657038047856e-06,0.188303534559031,sample_6
gene_372,1.90967129337295e-06,1,sample_6
gene_834,-2.54211526074622e-06,1,sample_6
gene_370,-2.61535549818088e-07,1,sample_6
gene_982,-3.64634631789162e-06,0.000410160862729655,sample_6
gene_199,2.91342913259464e-06,1,sample_6
gene_182,1.05427922488176,0.50066106081448,sample_6
gene_936,3.54752774539528e-06,0.787376875265349,sample_6
gene_410,3.51108880796313,0.0162194226754105,sample_6
gene_420,0.762746275050972,1,sample_6
gene_827,1.21172745274864,0.24156829445913,sample_6
gene_746,7.88798562936259e-06,1,sample_6
gene_158,-3.36919302576868e-06,0.558700050737449,sample_6
gene_958,-5.88201043774453e-07,0.101101179210388,sample_6
gene_157,0.000117639600605879,1,sample_6
gene_338,1.20223072317696,0.236714619864526,sample_6
gene_185,4.14480733222839e-06,1,sample_6
gene_835,-2.61942602827933e-06,1,sample_6
gene_224,1.38057784744665e-05,0.987956313067457,sample_6
gene_916,-6.87936935447532e-07,0.0734528175498361,sample_6
gene_661,-7.09357452794826e-07,0.0550645727820532,sample_6
gene_166,-2.65561287372928e-07,1,sample_6
gene_848,4.78681108104624,2.08659773980073e-05,sample_6
gene_377,1.74952436347215e-05,1,sample_6
gene_480,1.37692509276202,0.121321964942461,sample_6
gene_591,1.17820992453956,0.274602366090332,sample_6
gene_859,3.40035745427144e-06,1,sample_6
gene_340,3.02778113115501e-06,1,sample_6
gene_309,-7.20519373541227e-07,1,sample_6
gene_64,-3.47230840241098e-06,1,sample_6
gene_731,-5.44443497713126e-07,0.151673951414975,sample_6
gene_367,-8.80822183284869e-06,1,sample_6
gene_65,-1.4595779591887e-05,0.435795941734401,sample_6
gene_63,2.75155455247804e-06,1,sample_6
gene_489,-7.11451132934142e-06,1,sample_6
gene_98,1.31315287989469,0.168241905199675,sample_6
gene_88,-1.14922443565382e-06,1,sample_6
gene_953,-1.00156031779445e-06,0.0291920128685043,sample_6
gene_117,2.44309589242499,0.000113441678755543,sample_6
gene_609,1.56444927225579,0.0191450218148306,sample_6
gene_854,-1.90897002517982e-06,0.0405311140183574,sample_6
gene_247,6.25753103537341e-06,0.272380445969097,sample_6
gene_352,1.00443658644074e-05,1,sample_6
gene_521,1.98381154376769e-06,1,sample_6
gene_462,-1.93605398149463e-06,1,sample_6
gene_665,-9.5615397014818e-08,1,sample_6
gene_944,7.26771226334077e-06,1,sample_6
gene_181,1.17723453474324e-05,1,sample_6
gene_773,2.8128903427116e-05,1,sample_6
gene_346,1.40748358107808,0.0655172236080068,sample_6
gene_529,1.83739646918578e-07,1,sample_6
gene_245,-4.73417770292728e-06,1,sample_6
gene_6,4.35573199026334e-06,1,sample_6
gene_733,2.33611114438687e-06,1,sample_6
gene_239,2.42902872546832,0.0857111923002939,sample_6
gene_932,1.92654134326668e-05,0.380329674512836,sample_6
gene_335,1.97073145874771e-05,0.955339443235048,sample_6
gene_28,-9.63017940853135e-06,0.580893282297791,sample_6
gene_515,2.24389490124298e-06,1,sample_6
gene_630,3.94736447377756e-06,1,sample_6
gene_758,2.51530982761879e-05,0.292764242906357,sample_6
gene_741,1.31598055615754e-05,1,sample_6
gene_783,-2.97499239297026e-06,1,sample_6
gene_394,7.71149288905019e-06,1,sample_6
gene_332,1.66493499401126e-05,0.783868620195022,sample_6
gene_833,-1.93982359376814e-06,0.0474475655556827,sample_6
gene_745,1.31527312864855e-05,1,sample_6
gene_383,-3.95038584658272e-07,1,sample_6
gene_430,2.1843874657181e-05,1,sample_6
gene_882,2.58955524272694e-05,0.916130728164587,sample_6
gene_573,1.98549588250114,0.00220591745977002,sample_6
gene_779,-4.05308984201775e-06,1,sample_6
gene_496,2.58466174606414e-07,1,sample_6
gene_307,8.03514824473849e-06,1,sample_6
gene_769,-6.56890682670589e-06,1,sample_6
gene_437,4.35664217562156,0.0421072497095705,sample_6
gene_381,-7.3252276559691e-06,1,sample_6
gene_78,-3.97594947725208e-06,1,sample_6
gene_792,1.74461959479788e-06,1,sample_6
gene_555,-5.55563496709489e-06,1,sample_6
gene_51,-8.88291057776945e-06,0.383219000171768,sample_6
gene_813,-9.10788113876596e-06,0.00563271522862885,sample_6
gene_375,1.40507990490268,0.0702718576191034,sample_6
gene_689,2.4909892484271e-06,1,sample_6
gene_487,-2.19697604483954e-06,1,sample_6
gene_44,1.45320948610836e-05,1,sample_6
gene_645,9.85858064719549e-06,1,sample_6
gene_500,2.38476364504891e-05,1,sample_6
gene_896,-3.55491556648083e-06,1,sample_6
gene_860,1.66933203304142,0.0849340351367423,sample_6
gene_174,9.38388349715052e-07,1,sample_6
gene_528,1.4818405604119e-05,1,sample_6
gene_886,-1.06599988726615e-05,1,sample_6
gene_668,1.46836817278175,0.0236390115470454,sample_6
gene_710,2.05053759338381,0.001416860080574,sample_6
gene_305,-4.18942781644707e-06,1,sample_6
gene_122,-1.19573989390082e-06,8.99081998806938e-06,sample_6
gene_820,-2.57410554988885e-06,0.0572067655202831,sample_6
gene_210,-4.15797521273018e-06,1,sample_6
gene_884,-3.51672799634203e-06,1,sample_6
gene_580,-2.11069019482126e-06,0.78412179633979,sample_6
gene_929,7.09875056762663e-06,1,sample_6
